{
    "nw.song.pillar": {"sounds": [{"name": "song/ayayayay"}]},
    "nw.item.aja": {"sounds": [{"name": "nw_item/hamon_beat"}]},
    "nw.stop.world": {"sounds": [{"name": "stand/time/stopworld"}]},
    "nw.stop.worldova": {"sounds": [{"name": "stand/time/stopova"}]},
    "nw.start": {"sounds": [{"name": "stand/time/start"}]},
    "nw.world.kick": {"sounds": [{"name": "stand/world/kick"}]},
    "nw.world.kickova": {"sounds": [{"name": "stand/world/kickova"}]},
    "nw.world.muda": {"sounds": [{"name": "stand/world/muda"}]},
    "nw.world.gh": {"sounds": [{"name": "stand/world/ghmuda"}]},
    "nw.world.mudaova": {"sounds": [{"name": "stand/world/mudaova"}]},
    "nw.world.quick": {"sounds": [{"name": "stand/world/quick"}]},
    "nw.world.quickova": {"sounds": [{"name": "stand/world/quickova"}]},
    "nw.world.zawarudo": {"sounds": [{"name": "stand/world/zawarudo"}]},
    "nw.world.worldova": {"sounds": [{"name": "stand/world/zawarudoova"}]},
    "nw.world.wry": {"sounds": [{"name": "stand/world/wry"}]},
    "nw.star.voice": {"sounds": [{"name": "stand/star/jotarostop"}]},
    "nw.star.ora": {"sounds": [{"name": "stand/star/ora"}]},
    "nw.star.oraova": {"sounds": [{"name": "stand/star/oraova"}]},
    "nw.star.finger": {"sounds": [{"name": "stand/star/finger"}]},
    "nw.star.fingerova": {"sounds": [{"name": "stand/star/fingerova"}]},
    "nw.star.cry": {"sounds": [{"name": "stand/star/oraoraora"}]},
    "nw.star.cryova": {"sounds": [{"name": "stand/star/oraoraova"}]},
    "nw.star.oraoraora": {"sounds": [{"name": "stand/star/beatdown"}]},
    "nw.star.stop": {"sounds": [{"name": "stand/star/stop"}]},
    "nw.star.stopova": {"sounds": [{"name": "stand/star/stopova"}]},
    "nw.chariot.cry": {"sounds": [{"name": "stand/chariot/horahora"}]},
    "nw.diamond.dorarara": {"sounds": [{"name": "stand/diamond/cry"}]},
    "nw.diamond.restore": {"sounds": [{"name": "stand/diamond/restore"}]},
    "nw.zahando": {"sounds": [{"name": "stand/hand/erasure"}]},
    "nw.zahandozw": {"sounds": [{"name": "stand/hand/secret"}]},
    "nw.killer.btd": {"sounds": [{"name": "stand/killer/btd"}]}

}