{
	"credit": "Made with Blockbench",
	"texture_size": [64, 64],
	"textures": {
		"1": "nw:stand/skins/achtung_baby",
		"particle": "nw:stand/skins/achtung_baby"
	},
	"elements": [
		{
			"name": "Head",
			"from": [4, 13, 4],
			"to": [12, 21, 12],
			"rotation": {"angle": 0, "axis": "y", "origin": [8, 13.54545, 8]},
			"faces": {
				"north": {"uv": [2, 2, 4, 4], "texture": "#1"},
				"east": {"uv": [0, 2, 2, 4], "texture": "#1"},
				"south": {"uv": [6, 2, 8, 4], "texture": "#1"},
				"west": {"uv": [4, 2, 6, 4], "texture": "#1"},
				"up": {"uv": [4, 2, 2, 0], "texture": "#1"},
				"down": {"uv": [6, 0, 4, 2], "texture": "#1"}
			}
		},
		{
			"name": "Hat Layer",
			"from": [3.5, 12.5, 3.5],
			"to": [12.5, 21.25, 12.5],
			"rotation": {"angle": 0, "axis": "x", "origin": [8, 13.54545, 8]},
			"faces": {
				"north": {"uv": [10, 2, 12, 4], "texture": "#1"},
				"east": {"uv": [8, 2, 10, 4], "texture": "#1"},
				"south": {"uv": [14, 2, 16, 4], "texture": "#1"},
				"west": {"uv": [12, 2, 14, 4], "texture": "#1"},
				"up": {"uv": [12, 2, 10, 0], "texture": "#1"},
				"down": {"uv": [14, 0, 12, 2], "texture": "#1"}
			}
		},
		{
			"from": [7.75087, 21.14222, 5.03537],
			"to": [8.25087, 24.85262, 10.08537],
			"rotation": {"angle": -45, "axis": "x", "origin": [6.96239, 21.72178, 9.14057]},
			"faces": {
				"north": {"uv": [2.75, 0, 3.25, 1], "texture": "#1"},
				"east": {"uv": [2, 0, 3.75, 1], "texture": "#1"},
				"south": {"uv": [2, 0, 2.5, 1], "texture": "#1"},
				"west": {"uv": [2, 0, 3.75, 1], "texture": "#1"},
				"up": {"uv": [2.375, 1.2625, 2, 0], "texture": "#1"},
				"down": {"uv": [2.5, 0, 2, 1.75], "texture": "#1"}
			}
		},
		{
			"from": [7.75087, 21.14222, 5.03537],
			"to": [8.25087, 24.85262, 10.08537],
			"rotation": {"angle": -45, "axis": "x", "origin": [6.96239, 21.72178, 9.14057]},
			"faces": {
				"north": {"uv": [2.75, 0, 3.25, 1], "texture": "#1"},
				"east": {"uv": [2, 0, 3.75, 1], "texture": "#1"},
				"south": {"uv": [2, 0, 2.5, 1], "texture": "#1"},
				"west": {"uv": [2, 0, 3.75, 1], "texture": "#1"},
				"up": {"uv": [2.375, 1.2625, 2, 0], "texture": "#1"},
				"down": {"uv": [2.5, 0, 2, 1.75], "texture": "#1"}
			}
		},
		{
			"from": [6.00773, 20.11026, 7.5948],
			"to": [6.71813, 24.89803, 12.0552],
			"rotation": {"angle": -22.5, "axis": "z", "origin": [6.13857, 20.37354, 11.95]},
			"faces": {
				"north": {"uv": [2, 0, 2.25, 1.25], "texture": "#1"},
				"east": {"uv": [2, 0, 3.25, 1.25], "texture": "#1"},
				"south": {"uv": [2, 0, 2.25, 1.25], "texture": "#1"},
				"west": {"uv": [2, 0, 3.25, 1.25], "texture": "#1"},
				"up": {"uv": [2.1776, 1.1776, 2, 0], "texture": "#1"},
				"down": {"uv": [2.25, 0, 2, 1.25], "texture": "#1"}
			}
		},
		{
			"from": [9.28187, 20.11026, 7.5948],
			"to": [9.99227, 24.89803, 12.0552],
			"rotation": {"angle": 22.5, "axis": "z", "origin": [9.86143, 20.37354, 11.95]},
			"faces": {
				"north": {"uv": [2.25, 0, 2, 1.25], "texture": "#1"},
				"east": {"uv": [3.25, 0, 2, 1.25], "texture": "#1"},
				"south": {"uv": [2.25, 0, 2, 1.25], "texture": "#1"},
				"west": {"uv": [3.25, 0, 2, 1.25], "texture": "#1"},
				"up": {"uv": [2, 1.1776, 2.1776, 0], "texture": "#1"},
				"down": {"uv": [2, 0, 2.25, 1.25], "texture": "#1"}
			}
		},
		{
			"from": [9.5338, 19.77443, 7.5948],
			"to": [14.32157, 20.48483, 12.0552],
			"rotation": {"angle": 0, "axis": "z", "origin": [9.63857, 18.12354, 11.95]},
			"faces": {
				"north": {"uv": [2, 0, 2.25, 1.25], "rotation": 270, "texture": "#1"},
				"east": {"uv": [2.1776, 1.1776, 2, 0], "rotation": 90, "texture": "#1"},
				"south": {"uv": [2, 0, 2.25, 1.25], "rotation": 90, "texture": "#1"},
				"west": {"uv": [2.25, 0, 2, 1.25], "rotation": 90, "texture": "#1"},
				"up": {"uv": [2, 0, 3.25, 1.25], "rotation": 90, "texture": "#1"},
				"down": {"uv": [2, 0, 3.25, 1.25], "rotation": 90, "texture": "#1"}
			}
		},
		{
			"from": [11.03341, 18.12483, 7.5948],
			"to": [11.74381, 22.9126, 12.0552],
			"rotation": {"angle": -45, "axis": "z", "origin": [9.63857, 18.12354, 11.95]},
			"faces": {
				"north": {"uv": [2.25, 0, 2, 1.25], "texture": "#1"},
				"east": {"uv": [3.25, 0, 2, 1.25], "texture": "#1"},
				"south": {"uv": [2.25, 0, 2, 1.25], "texture": "#1"},
				"west": {"uv": [3.25, 0, 2, 1.25], "texture": "#1"},
				"up": {"uv": [2, 1.1776, 2.1776, 0], "texture": "#1"},
				"down": {"uv": [2, 0, 2.25, 1.25], "texture": "#1"}
			}
		},
		{
			"from": [4.25619, 18.12483, 7.5948],
			"to": [4.96659, 22.9126, 12.0552],
			"rotation": {"angle": 45, "axis": "z", "origin": [6.36143, 18.12354, 11.95]},
			"faces": {
				"north": {"uv": [2, 0, 2.25, 1.25], "texture": "#1"},
				"east": {"uv": [2, 0, 3.25, 1.25], "texture": "#1"},
				"south": {"uv": [2, 0, 2.25, 1.25], "texture": "#1"},
				"west": {"uv": [2, 0, 3.25, 1.25], "texture": "#1"},
				"up": {"uv": [2.1776, 1.1776, 2, 0], "texture": "#1"},
				"down": {"uv": [2.25, 0, 2, 1.25], "texture": "#1"}
			}
		},
		{
			"from": [1.67843, 19.77443, 7.5948],
			"to": [6.4662, 20.48483, 12.0552],
			"rotation": {"angle": 0, "axis": "z", "origin": [6.36143, 18.12354, 11.95]},
			"faces": {
				"north": {"uv": [2, 1.25, 2.25, 0], "rotation": 270, "texture": "#1"},
				"east": {"uv": [2.25, 1.25, 2, 0], "rotation": 90, "texture": "#1"},
				"south": {"uv": [2, 1.25, 2.25, 0], "rotation": 90, "texture": "#1"},
				"west": {"uv": [2.1776, 0, 2, 1.1776], "rotation": 90, "texture": "#1"},
				"up": {"uv": [2, 1.25, 3.25, 0], "rotation": 90, "texture": "#1"},
				"down": {"uv": [2, 1.25, 3.25, 0], "rotation": 90, "texture": "#1"}
			}
		},
		{
			"from": [2.07237, 14.2683, 7.5948],
			"to": [7.86014, 14.9787, 12.0552],
			"rotation": {"angle": 22.5, "axis": "z", "origin": [6.86143, 16.37354, 11.95]},
			"faces": {
				"north": {"uv": [2, 0, 2.25, 1.25], "rotation": 90, "texture": "#1"},
				"east": {"uv": [2.25, 0, 2, 1.25], "rotation": 270, "texture": "#1"},
				"south": {"uv": [2, 0, 2.25, 1.25], "rotation": 270, "texture": "#1"},
				"west": {"uv": [2.1776, 1.1776, 2, 0], "rotation": 270, "texture": "#1"},
				"up": {"uv": [2, 0, 3.25, 1.25], "rotation": 270, "texture": "#1"},
				"down": {"uv": [2, 0, 3.25, 1.25], "rotation": 270, "texture": "#1"}
			}
		},
		{
			"from": [4.50014, 11.69054, 7.5948],
			"to": [5.21054, 16.47831, 12.0552],
			"rotation": {"angle": -22.5, "axis": "z", "origin": [6.86143, 16.37354, 11.95]},
			"faces": {
				"north": {"uv": [2, 1.25, 2.25, 0], "texture": "#1"},
				"east": {"uv": [2, 1.25, 3.25, 0], "texture": "#1"},
				"south": {"uv": [2, 1.25, 2.25, 0], "texture": "#1"},
				"west": {"uv": [2, 1.25, 3.25, 0], "texture": "#1"},
				"up": {"uv": [2.25, 1.25, 2, 0], "texture": "#1"},
				"down": {"uv": [2.1776, 0, 2, 1.1776], "texture": "#1"}
			}
		},
		{
			"from": [10.78946, 11.69054, 7.5948],
			"to": [11.49986, 16.47831, 12.0552],
			"rotation": {"angle": 22.5, "axis": "z", "origin": [9.13857, 16.37354, 11.95]},
			"faces": {
				"north": {"uv": [2.25, 1.25, 2, 0], "texture": "#1"},
				"east": {"uv": [3.25, 1.25, 2, 0], "texture": "#1"},
				"south": {"uv": [2.25, 1.25, 2, 0], "texture": "#1"},
				"west": {"uv": [3.25, 1.25, 2, 0], "texture": "#1"},
				"up": {"uv": [2, 1.25, 2.25, 0], "texture": "#1"},
				"down": {"uv": [2, 0, 2.1776, 1.1776], "texture": "#1"}
			}
		},
		{
			"from": [8.13986, 14.2683, 7.5948],
			"to": [13.92763, 14.9787, 12.0552],
			"rotation": {"angle": -22.5, "axis": "z", "origin": [9.13857, 16.37354, 11.95]},
			"faces": {
				"north": {"uv": [2, 1.25, 2.25, 0], "rotation": 90, "texture": "#1"},
				"east": {"uv": [2.1776, 0, 2, 1.1776], "rotation": 270, "texture": "#1"},
				"south": {"uv": [2, 1.25, 2.25, 0], "rotation": 270, "texture": "#1"},
				"west": {"uv": [2.25, 1.25, 2, 0], "rotation": 270, "texture": "#1"},
				"up": {"uv": [2, 1.25, 3.25, 0], "rotation": 270, "texture": "#1"},
				"down": {"uv": [2, 1.25, 3.25, 0], "rotation": 270, "texture": "#1"}
			}
		},
		{
			"from": [7.4, 21.5, 7.7896],
			"to": [8.75, 23.2104, 12],
			"rotation": {"angle": 0, "axis": "y", "origin": [10.32005, 18.3457, 12.6448]},
			"faces": {
				"north": {"uv": [2, 0, 2.5, 0.25], "texture": "#1"},
				"east": {"uv": [2, 0, 3, 0.25], "texture": "#1"},
				"south": {"uv": [2, 0, 2.5, 0.25], "texture": "#1"},
				"west": {"uv": [2, 0, 3, 0.25], "texture": "#1"},
				"up": {"uv": [2.4, 0.9276, 2, 0], "texture": "#1"},
				"down": {"uv": [2.5, 0, 2, 1], "texture": "#1"}
			}
		},
		{
			"from": [3.9, 13.5, 8.2896],
			"to": [5.5, 15.2104, 12],
			"rotation": {"angle": 0, "axis": "y", "origin": [6.32005, 10.3457, 12.6448]},
			"faces": {
				"north": {"uv": [2, 0, 2.5, 0.25], "texture": "#1"},
				"east": {"uv": [2, 0, 3, 0.25], "texture": "#1"},
				"south": {"uv": [2, 0, 2.5, 0.25], "texture": "#1"},
				"west": {"uv": [2, 0, 3, 0.25], "texture": "#1"},
				"up": {"uv": [2.4, 0.9276, 2, 0], "texture": "#1"},
				"down": {"uv": [2.5, 0, 2, 1], "texture": "#1"}
			}
		},
		{
			"from": [10.5, 13.5, 8.5396],
			"to": [12.1, 15.2104, 12],
			"rotation": {"angle": 0, "axis": "y", "origin": [9.67995, 10.3457, 12.8948]},
			"faces": {
				"north": {"uv": [2.5, 0, 2, 0.25], "texture": "#1"},
				"east": {"uv": [3, 0, 2, 0.25], "texture": "#1"},
				"south": {"uv": [2.5, 0, 2, 0.25], "texture": "#1"},
				"west": {"uv": [3, 0, 2, 0.25], "texture": "#1"},
				"up": {"uv": [2, 0.9276, 2.4, 0], "texture": "#1"},
				"down": {"uv": [2, 0, 2.5, 1], "texture": "#1"}
			}
		},
		{
			"from": [9.5, 14, 8.5396],
			"to": [11.1, 15.2104, 12],
			"rotation": {"angle": 0, "axis": "y", "origin": [8.67995, 10.3457, 12.8948]},
			"faces": {
				"north": {"uv": [2.5, 0, 2, 0.25], "texture": "#1"},
				"east": {"uv": [3, 0, 2, 0.25], "texture": "#1"},
				"south": {"uv": [2.5, 0, 2, 0.25], "texture": "#1"},
				"west": {"uv": [3, 0, 2, 0.25], "texture": "#1"},
				"up": {"uv": [2, 0.9276, 2.4, 0], "texture": "#1"},
				"down": {"uv": [2, 0, 2.5, 1], "texture": "#1"}
			}
		},
		{
			"from": [4.9, 14, 8.5396],
			"to": [6.5, 15.2104, 12],
			"rotation": {"angle": 0, "axis": "y", "origin": [7.32005, 10.3457, 12.8948]},
			"faces": {
				"north": {"uv": [2, 0, 2.5, 0.25], "texture": "#1"},
				"east": {"uv": [2, 0, 3, 0.25], "texture": "#1"},
				"south": {"uv": [2, 0, 2.5, 0.25], "texture": "#1"},
				"west": {"uv": [2, 0, 3, 0.25], "texture": "#1"},
				"up": {"uv": [2.4, 0.9276, 2, 0], "texture": "#1"},
				"down": {"uv": [2.5, 0, 2, 1], "texture": "#1"}
			}
		},
		{
			"from": [2.65, 19, 8.5396],
			"to": [4.25, 20.2104, 12],
			"rotation": {"angle": 0, "axis": "y", "origin": [5.07005, 15.3457, 12.8948]},
			"faces": {
				"north": {"uv": [2, 0, 2.5, 0.25], "texture": "#1"},
				"east": {"uv": [2, 0, 3, 0.25], "texture": "#1"},
				"south": {"uv": [2, 0, 2.5, 0.25], "texture": "#1"},
				"west": {"uv": [2, 0, 3, 0.25], "texture": "#1"},
				"up": {"uv": [2.4, 0.9276, 2, 0], "texture": "#1"},
				"down": {"uv": [2.5, 0, 2, 1], "texture": "#1"}
			}
		},
		{
			"from": [11.75, 19, 8.5396],
			"to": [13.35, 20.2104, 12],
			"rotation": {"angle": 0, "axis": "y", "origin": [10.92995, 15.3457, 12.8948]},
			"faces": {
				"north": {"uv": [2.5, 0, 2, 0.25], "texture": "#1"},
				"east": {"uv": [3, 0, 2, 0.25], "texture": "#1"},
				"south": {"uv": [2.5, 0, 2, 0.25], "texture": "#1"},
				"west": {"uv": [3, 0, 2, 0.25], "texture": "#1"},
				"up": {"uv": [2, 0.9276, 2.4, 0], "texture": "#1"},
				"down": {"uv": [2, 0, 2.5, 1], "texture": "#1"}
			}
		},
		{
			"from": [7.15, 20.5, 7.7896],
			"to": [8.75, 22.2104, 12],
			"rotation": {"angle": 0, "axis": "y", "origin": [10.32005, 17.3457, 12.6448]},
			"faces": {
				"north": {"uv": [2, 0, 2.5, 0.25], "texture": "#1"},
				"east": {"uv": [2, 0, 3, 0.25], "texture": "#1"},
				"south": {"uv": [2, 0, 2.5, 0.25], "texture": "#1"},
				"west": {"uv": [2, 0, 3, 0.25], "texture": "#1"},
				"up": {"uv": [2.4, 0.9276, 2, 0], "texture": "#1"},
				"down": {"uv": [2.5, 0, 2, 1], "texture": "#1"}
			}
		},
		{
			"name": "Body",
			"from": [4, 7, 6],
			"to": [12, 13, 10],
			"rotation": {"angle": 0, "axis": "y", "origin": [8, 13.54545, 8]},
			"faces": {
				"north": {"uv": [5, 5, 7, 6.5], "texture": "#1"},
				"east": {"uv": [4, 5, 5, 6.5], "texture": "#1"},
				"south": {"uv": [8, 5, 10, 6.5], "texture": "#1"},
				"west": {"uv": [7, 5, 8, 6.5], "texture": "#1"},
				"up": {"uv": [7, 5, 5, 4], "texture": "#1"},
				"down": {"uv": [9, 4, 7, 5], "texture": "#1"}
			}
		},
		{
			"name": "Body Layer",
			"from": [3.75, 6.75, 5.75],
			"to": [12.25, 13.25, 10.25],
			"rotation": {"angle": 0, "axis": "y", "origin": [8, 13.54545, 8]},
			"faces": {
				"north": {"uv": [5, 9, 7, 10.5], "texture": "#1"},
				"east": {"uv": [4, 9, 5, 10.5], "texture": "#1"},
				"south": {"uv": [8, 9, 10, 10.5], "texture": "#1"},
				"west": {"uv": [7, 9, 8, 10.5], "texture": "#1"},
				"up": {"uv": [7, 9, 5, 8], "texture": "#1"},
				"down": {"uv": [9, 8, 7, 9], "texture": "#1"}
			}
		},
		{
			"name": "Body Layer",
			"from": [3.75, 6.5, 6.75],
			"to": [12.25, 11, 11.25],
			"rotation": {"angle": 22.5, "axis": "x", "origin": [8, 13.29545, 9]},
			"faces": {
				"north": {"uv": [5, 9, 7, 10.5], "texture": "#1"},
				"east": {"uv": [4, 9, 5, 10.5], "texture": "#1"},
				"south": {"uv": [8, 9, 10, 10.5], "texture": "#1"},
				"west": {"uv": [7, 9, 8, 10.5], "texture": "#1"},
				"up": {"uv": [2, 1, 0, 0], "texture": "#1"},
				"down": {"uv": [9, 8, 7, 9], "texture": "#1"}
			}
		},
		{
			"name": "Body",
			"from": [4, 6.75, 7],
			"to": [12, 10.75, 11],
			"rotation": {"angle": 22.5, "axis": "x", "origin": [8, 13.29545, 9]},
			"faces": {
				"north": {"uv": [5, 5, 7, 6.5], "texture": "#1"},
				"east": {"uv": [4, 5, 5, 6.5], "texture": "#1"},
				"south": {"uv": [8, 5, 10, 6.5], "texture": "#1"},
				"west": {"uv": [7, 5, 8, 6.5], "texture": "#1"},
				"up": {"uv": [7, 5, 5, 4], "texture": "#1"},
				"down": {"uv": [9, 4, 7, 5], "texture": "#1"}
			}
		},
		{
			"name": "Body",
			"from": [4, 1, 6],
			"to": [12, 7, 10],
			"rotation": {"angle": 0, "axis": "y", "origin": [8, 13.54545, 8]},
			"faces": {
				"north": {"uv": [5, 6.5, 7, 8], "texture": "#1"},
				"east": {"uv": [4, 6.5, 5, 8], "texture": "#1"},
				"south": {"uv": [8, 6.5, 10, 8], "texture": "#1"},
				"west": {"uv": [7, 6.5, 8, 8], "texture": "#1"},
				"up": {"uv": [7, 5, 5, 4], "texture": "#1"},
				"down": {"uv": [9, 4, 7, 5], "texture": "#1"}
			}
		},
		{
			"name": "Body Layer",
			"from": [3.75, 0.75, 5.75],
			"to": [12.25, 7.25, 10.25],
			"rotation": {"angle": 0, "axis": "y", "origin": [8, 13.54545, 8]},
			"faces": {
				"north": {"uv": [5, 10.5, 7, 12], "texture": "#1"},
				"east": {"uv": [4, 10.5, 5, 12], "texture": "#1"},
				"south": {"uv": [8, 10.5, 10, 12], "texture": "#1"},
				"west": {"uv": [7, 10.5, 8, 12], "texture": "#1"},
				"up": {"uv": [2, 1, 0, 0], "texture": "#1"},
				"down": {"uv": [9, 8, 7, 9], "texture": "#1"}
			}
		},
		{
			"name": "Right Arm",
			"from": [11.75, 9.79545, 3.45455],
			"to": [15.75, 12.79545, 9.45455],
			"rotation": {"angle": 0, "axis": "y", "origin": [13.75, 11.54545, 8]},
			"faces": {
				"north": {"uv": [0.75, 0, 0, 1], "rotation": 270, "texture": "#1"},
				"east": {"uv": [12.75, 5, 13.5, 6.5], "rotation": 270, "texture": "#1"},
				"south": {"uv": [11.75, 5, 11, 4], "rotation": 270, "texture": "#1"},
				"west": {"uv": [11, 5, 11.75, 6.5], "rotation": 90, "texture": "#1"},
				"up": {"uv": [10, 5, 11, 6.5], "rotation": 180, "texture": "#1"},
				"down": {"uv": [11.75, 5, 12.75, 6.5], "texture": "#1"}
			}
		},
		{
			"name": "Right Arm Layer",
			"from": [11.5, 9.54545, 3.20455],
			"to": [16, 13.04545, 9.70455],
			"rotation": {"angle": 0, "axis": "y", "origin": [13.75, 11.54545, 8]},
			"faces": {
				"north": {"uv": [0.75, 0, 0, 1], "rotation": 270, "texture": "#1"},
				"east": {"uv": [12.75, 9, 13.5, 10.5], "rotation": 270, "texture": "#1"},
				"south": {"uv": [11.75, 9, 11, 8], "rotation": 270, "texture": "#1"},
				"west": {"uv": [11, 9, 11.75, 10.5], "rotation": 90, "texture": "#1"},
				"up": {"uv": [10, 9, 11, 10.5], "rotation": 180, "texture": "#1"},
				"down": {"uv": [11.75, 9, 12.75, 10.5], "texture": "#1"}
			}
		},
		{
			"name": "Right Arm",
			"from": [11.75, 9.79545, -2.54545],
			"to": [15.75, 12.79545, 3.45455],
			"rotation": {"angle": 0, "axis": "y", "origin": [13.75, 11.54545, 8]},
			"faces": {
				"north": {"uv": [12.5, 4, 11.75, 5], "rotation": 270, "texture": "#1"},
				"east": {"uv": [12.75, 6.5, 13.5, 8], "rotation": 270, "texture": "#1"},
				"south": {"uv": [0.75, 1, 0, 0], "rotation": 270, "texture": "#1"},
				"west": {"uv": [11, 6.5, 11.75, 8], "rotation": 90, "texture": "#1"},
				"up": {"uv": [10, 6.5, 11, 8], "rotation": 180, "texture": "#1"},
				"down": {"uv": [11.75, 6.5, 12.75, 8], "texture": "#1"}
			}
		},
		{
			"name": "Right Arm Layer",
			"from": [11.5, 9.54545, -2.79545],
			"to": [16, 13.04545, 3.70455],
			"rotation": {"angle": 0, "axis": "y", "origin": [13.75, 11.54545, 8]},
			"faces": {
				"north": {"uv": [12.5, 8, 11.75, 9], "rotation": 270, "texture": "#1"},
				"east": {"uv": [12.75, 10.5, 13.5, 12], "rotation": 270, "texture": "#1"},
				"south": {"uv": [0.75, 1, 0, 0], "rotation": 270, "texture": "#1"},
				"west": {"uv": [11, 10.5, 11.75, 12], "rotation": 90, "texture": "#1"},
				"up": {"uv": [10, 10.5, 11, 12], "rotation": 180, "texture": "#1"},
				"down": {"uv": [11.75, 10.5, 12.75, 12], "texture": "#1"}
			}
		},
		{
			"name": "Left Arm",
			"from": [-2.04545, 10.04545, 6],
			"to": [3.95455, 13.04545, 10],
			"rotation": {"angle": 0, "axis": "y", "origin": [2.5, 11.54545, 8]},
			"faces": {
				"north": {"uv": [9, 13, 9.75, 14.5], "rotation": 270, "texture": "#1"},
				"east": {"uv": [9.75, 13, 9, 12], "rotation": 90, "texture": "#1"},
				"south": {"uv": [10.75, 13, 11.5, 14.5], "rotation": 90, "texture": "#1"},
				"west": {"uv": [0.75, 0, 0, 1], "rotation": 90, "texture": "#1"},
				"up": {"uv": [9.75, 13, 10.75, 14.5], "rotation": 90, "texture": "#1"},
				"down": {"uv": [8, 13, 9, 14.5], "rotation": 90, "texture": "#1"}
			}
		},
		{
			"name": "Left Arm Layer",
			"from": [-2.29545, 9.79545, 5.75],
			"to": [4.20455, 13.29545, 10.25],
			"rotation": {"angle": 0, "axis": "y", "origin": [2.5, 11.54545, 8]},
			"faces": {
				"north": {"uv": [13, 13, 13.75, 14.5], "rotation": 270, "texture": "#1"},
				"east": {"uv": [13.75, 13, 13, 12], "rotation": 90, "texture": "#1"},
				"south": {"uv": [14.75, 13, 15.5, 14.5], "rotation": 90, "texture": "#1"},
				"west": {"uv": [0.75, 0, 0, 1], "rotation": 90, "texture": "#1"},
				"up": {"uv": [13.75, 13, 14.75, 14.5], "rotation": 90, "texture": "#1"},
				"down": {"uv": [12, 13, 13, 14.5], "rotation": 90, "texture": "#1"}
			}
		},
		{
			"name": "Left Arm",
			"from": [-2.12833, 10.04545, 0.2001],
			"to": [1.87167, 13.04545, 6.2001],
			"rotation": {"angle": 45, "axis": "y", "origin": [2.5, 11.54545, 8]},
			"faces": {
				"north": {"uv": [10.5, 12, 9.75, 13], "rotation": 90, "texture": "#1"},
				"east": {"uv": [9, 14.5, 9.75, 16], "rotation": 270, "texture": "#1"},
				"south": {"uv": [0.75, 1, 0, 0], "rotation": 90, "texture": "#1"},
				"west": {"uv": [10.75, 14.5, 11.5, 16], "rotation": 90, "texture": "#1"},
				"up": {"uv": [9.75, 14.5, 10.75, 16], "rotation": 180, "texture": "#1"},
				"down": {"uv": [8, 14.5, 9, 16], "texture": "#1"}
			}
		},
		{
			"name": "Left Arm Layer",
			"from": [-2.37833, 9.79545, -0.0499],
			"to": [2.12167, 13.29545, 6.4501],
			"rotation": {"angle": 45, "axis": "y", "origin": [2.5, 11.54545, 8]},
			"faces": {
				"north": {"uv": [14.5, 12, 13.75, 13], "rotation": 90, "texture": "#1"},
				"east": {"uv": [13, 14.5, 13.75, 16], "rotation": 270, "texture": "#1"},
				"south": {"uv": [0.75, 1, 0, 0], "rotation": 90, "texture": "#1"},
				"west": {"uv": [14.75, 14.5, 15.5, 16], "rotation": 90, "texture": "#1"},
				"up": {"uv": [13.75, 14.5, 14.75, 16], "rotation": 180, "texture": "#1"},
				"down": {"uv": [12, 14.5, 13, 16], "texture": "#1"}
			}
		},
		{
			"name": "Right Leg",
			"from": [7.9, -5, 6],
			"to": [11.9, 1, 10],
			"rotation": {"angle": 0, "axis": "z", "origin": [10, 0.54545, 8]},
			"faces": {
				"north": {"uv": [1, 5, 2, 6.5], "texture": "#1"},
				"east": {"uv": [0, 5, 1, 6.5], "texture": "#1"},
				"south": {"uv": [3, 5, 4, 6.5], "texture": "#1"},
				"west": {"uv": [2, 5, 3, 6.5], "texture": "#1"},
				"up": {"uv": [2, 5, 1, 4], "texture": "#1"},
				"down": {"uv": [1, 0, 0, 1], "texture": "#1"}
			}
		},
		{
			"name": "Right Leg Layer",
			"from": [7.65, -5.25, 5.75],
			"to": [12.15, 1.25, 10.25],
			"rotation": {"angle": 0, "axis": "z", "origin": [10, 0.54545, 8]},
			"faces": {
				"north": {"uv": [1, 9, 2, 10.5], "texture": "#1"},
				"east": {"uv": [0, 9, 1, 10.5], "texture": "#1"},
				"south": {"uv": [3, 9, 4, 10.5], "texture": "#1"},
				"west": {"uv": [2, 9, 3, 10.5], "texture": "#1"},
				"up": {"uv": [2, 9, 1, 8], "texture": "#1"},
				"down": {"uv": [1, 0, 0, 1], "texture": "#1"}
			}
		},
		{
			"name": "Right Leg",
			"from": [7.9, -11, 6],
			"to": [11.9, -5, 10],
			"rotation": {"angle": 0, "axis": "z", "origin": [10, 0.54545, 8]},
			"faces": {
				"north": {"uv": [1, 6.5, 2, 8], "texture": "#1"},
				"east": {"uv": [0, 6.5, 1, 8], "texture": "#1"},
				"south": {"uv": [3, 6.5, 4, 8], "texture": "#1"},
				"west": {"uv": [2, 6.5, 3, 8], "texture": "#1"},
				"up": {"uv": [1, 1, 0, 0], "texture": "#1"},
				"down": {"uv": [3, 4, 2, 5], "texture": "#1"}
			}
		},
		{
			"name": "Right Leg Layer",
			"from": [7.65, -11.25, 5.75],
			"to": [12.15, -4.75, 10.25],
			"rotation": {"angle": 0, "axis": "z", "origin": [10, 0.54545, 8]},
			"faces": {
				"north": {"uv": [1, 10.5, 2, 12], "texture": "#1"},
				"east": {"uv": [0, 10.5, 1, 12], "texture": "#1"},
				"south": {"uv": [3, 10.5, 4, 12], "texture": "#1"},
				"west": {"uv": [2, 10.5, 3, 12], "texture": "#1"},
				"up": {"uv": [1, 1, 0, 0], "texture": "#1"},
				"down": {"uv": [3, 9.5, 2, 10.5], "texture": "#1"}
			}
		},
		{
			"name": "Left Leg",
			"from": [4.1, -5, 6],
			"to": [8.1, 1, 10],
			"rotation": {"angle": -22.5, "axis": "x", "origin": [8, 0.54545, 8]},
			"faces": {
				"north": {"uv": [5, 13, 6, 14.5], "texture": "#1"},
				"east": {"uv": [4, 13, 5, 14.5], "texture": "#1"},
				"south": {"uv": [7, 13, 8, 14.5], "texture": "#1"},
				"west": {"uv": [6, 13, 7, 14.5], "texture": "#1"},
				"up": {"uv": [6, 13, 5, 12], "texture": "#1"},
				"down": {"uv": [1, 0, 0, 1], "texture": "#1"}
			}
		},
		{
			"name": "Left Leg Layer",
			"from": [3.85, -5.25, 5.75],
			"to": [8.35, 1.25, 10.25],
			"rotation": {"angle": -22.5, "axis": "x", "origin": [8, 0.54545, 8]},
			"faces": {
				"north": {"uv": [1, 13, 2, 14.5], "texture": "#1"},
				"east": {"uv": [0, 13, 1, 14.5], "texture": "#1"},
				"south": {"uv": [3, 13, 4, 14.5], "texture": "#1"},
				"west": {"uv": [2, 13, 3, 14.5], "texture": "#1"},
				"up": {"uv": [2, 13, 1, 12], "texture": "#1"},
				"down": {"uv": [1, 0, 0, 1], "texture": "#1"}
			}
		},
		{
			"name": "Left Leg",
			"from": [4.1, -11, 6],
			"to": [8.1, -5, 10],
			"rotation": {"angle": -22.5, "axis": "x", "origin": [8, 0.54545, 8]},
			"faces": {
				"north": {"uv": [5, 14.5, 6, 16], "texture": "#1"},
				"east": {"uv": [4, 14.5, 5, 16], "texture": "#1"},
				"south": {"uv": [7, 14.5, 8, 16], "texture": "#1"},
				"west": {"uv": [6, 14.5, 7, 16], "texture": "#1"},
				"up": {"uv": [1, 1, 0, 0], "texture": "#1"},
				"down": {"uv": [7, 12, 6, 13], "texture": "#1"}
			}
		},
		{
			"name": "Left Leg Layer",
			"from": [3.85, -11.25, 5.75],
			"to": [8.35, -4.75, 10.25],
			"rotation": {"angle": -22.5, "axis": "x", "origin": [8, 0.54545, 8]},
			"faces": {
				"north": {"uv": [1, 14.5, 2, 16], "texture": "#1"},
				"east": {"uv": [0, 14.5, 1, 16], "texture": "#1"},
				"south": {"uv": [3, 14.5, 4, 16], "texture": "#1"},
				"west": {"uv": [2, 14.5, 3, 16], "texture": "#1"},
				"up": {"uv": [1, 1, 0, 0], "texture": "#1"},
				"down": {"uv": [3, 13.5, 2, 14.5], "texture": "#1"}
			}
		}
	],
	"display": {
		"head": {
			"translation": [-1.25, -13, 0],
			"scale": [1.6, 1.6, 1.6]
		}
	},
	"groups": [
		{
			"name": "Head",
			"origin": [0, 24, 0],
			"color": 0,
			"children": [
				0,
				1,
				{
					"name": "star part 2",
					"origin": [5.50017, 27.6078, 16.2],
					"color": 0,
					"children": [
						{
							"name": "1",
							"origin": [13.73024, 25.44931, 16.2],
							"color": 0,
							"children": [2, 3, 4, 5, 6, 7, 8, 9, 10, 11, 12, 13]
						},
						{
							"name": "2",
							"origin": [0.50628, 24.38839, 16.2],
							"color": 0,
							"children": [14, 15, 16, 17, 18, 19, 20, 21]
						},
						{
							"name": "3",
							"origin": [0.50628, 24.38839, 16.2],
							"color": 0,
							"children": []
						}
					]
				}
			]
		},
		{
			"name": "Body",
			"origin": [0, 24, 0],
			"color": 0,
			"children": [
				22,
				23,
				24,
				25,
				{
					"name": "Body",
					"origin": [0, 24, 0],
					"color": 0,
					"children": [26, 27]
				}
			]
		},
		{
			"name": "RightArm",
			"origin": [5, 21.5, 0],
			"color": 0,
			"children": [28, 29, 30, 31]
		},
		{
			"name": "LeftArm",
			"origin": [-5, 21.5, 0],
			"color": 0,
			"children": [32, 33, 34, 35]
		},
		{
			"name": "RightLeg",
			"origin": [1.9, 12, 0],
			"color": 0,
			"children": [
				36,
				37,
				{
					"name": "RightLeg",
					"origin": [1.9, 12, 0],
					"color": 0,
					"children": [38, 39]
				}
			]
		},
		{
			"name": "LeftLeg",
			"origin": [-1.9, 12, 0],
			"color": 0,
			"children": [
				40,
				41,
				{
					"name": "LeftLeg",
					"origin": [-1.9, 12, 0],
					"color": 0,
					"children": [42, 43]
				}
			]
		}
	]
}