{
	"credit": "Made with Blockbench",
	"texture_size": [64, 64],
	"textures": {
		"0": "nw:stand/skins/chilly_pepper"
	},
	"elements": [
		{
			"name": "Head",
			"from": [4, 12, 4],
			"to": [12, 20, 12],
			"rotation": {"angle": 0, "axis": "y", "origin": [8, 11, 8]},
			"faces": {
				"north": {"uv": [2, 2, 4, 4], "texture": "#0"},
				"east": {"uv": [0, 2, 2, 4], "texture": "#0"},
				"south": {"uv": [6, 2, 8, 4], "texture": "#0"},
				"west": {"uv": [4, 2, 6, 4], "texture": "#0"},
				"up": {"uv": [4, 2, 2, 0], "texture": "#0"},
				"down": {"uv": [6, 0, 4, 2], "texture": "#0"}
			}
		},
		{
			"name": "Hat Layer",
			"from": [3.5, 14.5, 3.5],
			"to": [12.5, 20.5, 12.5],
			"rotation": {"angle": 0, "axis": "y", "origin": [8, 11, 8]},
			"faces": {
				"north": {"uv": [10, 2, 12, 3.5], "texture": "#0"},
				"east": {"uv": [8, 2, 10, 3.5], "texture": "#0"},
				"south": {"uv": [14, 2, 16, 3.5], "texture": "#0"},
				"west": {"uv": [12, 2, 14, 3.5], "texture": "#0"},
				"up": {"uv": [12, 2, 10, 0], "texture": "#0"},
				"down": {"uv": [14, 0, 12, 2], "texture": "#0"}
			}
		},
		{
			"from": [7.91274, 12.9, 1.6057],
			"to": [9.91274, 13.7, 4.8057],
			"rotation": {"angle": 45, "axis": "y", "origin": [8.94203, 13.3, 3.78352]},
			"faces": {
				"north": {"uv": [10.75, 3.5, 11.375, 3.75], "texture": "#0"},
				"east": {"uv": [10.5, 3.5, 11.5, 3.75], "texture": "#0"},
				"south": {"uv": [10.5, 3.5, 11.125, 3.75], "texture": "#0"},
				"west": {"uv": [10.5, 3.5, 11.5, 3.75], "texture": "#0"},
				"up": {"uv": [10.75, 3.5, 11.125, 4], "texture": "#0"},
				"down": {"uv": [10.75, 3.5, 11.125, 4], "texture": "#0"}
			}
		},
		{
			"from": [6.08726, 12.9, 1.6057],
			"to": [8.08726, 13.7, 4.8057],
			"rotation": {"angle": -45, "axis": "y", "origin": [7.05797, 13.3, 3.78352]},
			"faces": {
				"north": {"uv": [11.375, 3.5, 10.75, 3.75], "texture": "#0"},
				"east": {"uv": [11.5, 3.5, 10.5, 3.75], "texture": "#0"},
				"south": {"uv": [11.125, 3.5, 10.5, 3.75], "texture": "#0"},
				"west": {"uv": [11.5, 3.5, 10.5, 3.75], "texture": "#0"},
				"up": {"uv": [11.125, 3.5, 10.75, 4], "texture": "#0"},
				"down": {"uv": [11.125, 3.5, 10.75, 4], "texture": "#0"}
			}
		},
		{
			"from": [6.4698, 13.46, 1.96456],
			"to": [8.0698, 14.1, 4.52456],
			"rotation": {"angle": -45, "axis": "y", "origin": [7.24637, 13.78, 3.70682]},
			"faces": {
				"north": {"uv": [11.375, 3.5, 10.75, 3.75], "texture": "#0"},
				"east": {"uv": [11.5, 3.5, 10.5, 3.75], "texture": "#0"},
				"south": {"uv": [11.125, 3.5, 10.5, 3.75], "texture": "#0"},
				"west": {"uv": [11.5, 3.5, 10.5, 3.75], "texture": "#0"},
				"up": {"uv": [11.125, 3.5, 10.75, 4], "texture": "#0"},
				"down": {"uv": [11.125, 3.5, 10.75, 4], "texture": "#0"}
			}
		},
		{
			"from": [7.9302, 13.46, 1.96456],
			"to": [9.5302, 14.1, 4.52456],
			"rotation": {"angle": 45, "axis": "y", "origin": [8.75363, 13.78, 3.70682]},
			"faces": {
				"north": {"uv": [10.75, 3.5, 11.375, 3.75], "texture": "#0"},
				"east": {"uv": [10.5, 3.5, 11.5, 3.75], "texture": "#0"},
				"south": {"uv": [10.5, 3.5, 11.125, 3.75], "texture": "#0"},
				"west": {"uv": [10.5, 3.5, 11.5, 3.75], "texture": "#0"},
				"up": {"uv": [10.75, 3.5, 11.125, 4], "texture": "#0"},
				"down": {"uv": [10.75, 3.5, 11.125, 4], "texture": "#0"}
			}
		},
		{
			"from": [7.9302, 11.4, 1.96456],
			"to": [9.5302, 12.04, 4.52456],
			"rotation": {"angle": 45, "axis": "y", "origin": [8.75363, 11.72, 3.70682]},
			"faces": {
				"north": {"uv": [10.75, 3.75, 11.375, 3.5], "texture": "#0"},
				"east": {"uv": [10.5, 3.75, 11.5, 3.5], "texture": "#0"},
				"south": {"uv": [10.5, 3.75, 11.125, 3.5], "texture": "#0"},
				"west": {"uv": [10.5, 3.75, 11.5, 3.5], "texture": "#0"},
				"up": {"uv": [10.75, 4, 11.125, 3.5], "texture": "#0"},
				"down": {"uv": [10.75, 4, 11.125, 3.5], "texture": "#0"}
			}
		},
		{
			"from": [7.91274, 11.8, 1.6057],
			"to": [9.91274, 12.6, 4.8057],
			"rotation": {"angle": 45, "axis": "y", "origin": [8.94203, 12.2, 3.78352]},
			"faces": {
				"north": {"uv": [10.75, 3.75, 11.375, 3.5], "texture": "#0"},
				"east": {"uv": [10.5, 3.75, 11.5, 3.5], "texture": "#0"},
				"south": {"uv": [10.5, 3.75, 11.125, 3.5], "texture": "#0"},
				"west": {"uv": [10.5, 3.75, 11.5, 3.5], "texture": "#0"},
				"up": {"uv": [10.75, 4, 11.125, 3.5], "texture": "#0"},
				"down": {"uv": [10.75, 4, 11.125, 3.5], "texture": "#0"}
			}
		},
		{
			"from": [6.08726, 11.8, 1.6057],
			"to": [8.08726, 12.6, 4.8057],
			"rotation": {"angle": -45, "axis": "y", "origin": [7.05797, 12.2, 3.78352]},
			"faces": {
				"north": {"uv": [11.375, 3.75, 10.75, 3.5], "texture": "#0"},
				"east": {"uv": [11.5, 3.75, 10.5, 3.5], "texture": "#0"},
				"south": {"uv": [11.125, 3.75, 10.5, 3.5], "texture": "#0"},
				"west": {"uv": [11.5, 3.75, 10.5, 3.5], "texture": "#0"},
				"up": {"uv": [11.125, 4, 10.75, 3.5], "texture": "#0"},
				"down": {"uv": [11.125, 4, 10.75, 3.5], "texture": "#0"}
			}
		},
		{
			"from": [6.4698, 11.4, 1.96456],
			"to": [8.0698, 12.04, 4.52456],
			"rotation": {"angle": -45, "axis": "y", "origin": [7.24637, 11.72, 3.70682]},
			"faces": {
				"north": {"uv": [11.375, 3.75, 10.75, 3.5], "texture": "#0"},
				"east": {"uv": [11.5, 3.75, 10.5, 3.5], "texture": "#0"},
				"south": {"uv": [11.125, 3.75, 10.5, 3.5], "texture": "#0"},
				"west": {"uv": [11.5, 3.75, 10.5, 3.5], "texture": "#0"},
				"up": {"uv": [11.125, 4, 10.75, 3.5], "texture": "#0"},
				"down": {"uv": [11.125, 4, 10.75, 3.5], "texture": "#0"}
			}
		},
		{
			"name": "Body",
			"from": [4, 6, 5.75],
			"to": [12, 12, 10.25],
			"rotation": {"angle": -22.5, "axis": "x", "origin": [8, 11, 8]},
			"faces": {
				"north": {"uv": [5, 5, 7, 6.5], "texture": "#0"},
				"east": {"uv": [4, 5, 5, 6.5], "texture": "#0"},
				"south": {"uv": [8, 5, 10, 6.5], "texture": "#0"},
				"west": {"uv": [7, 5, 8, 6.5], "texture": "#0"},
				"up": {"uv": [7, 5, 5, 4], "texture": "#0"},
				"down": {"uv": [9, 4, 7, 5], "texture": "#0"}
			}
		},
		{
			"name": "Body Layer",
			"from": [3.75, 5.75, 5.5],
			"to": [12.25, 12.25, 10.5],
			"rotation": {"angle": -22.5, "axis": "x", "origin": [8, 11, 8]},
			"faces": {
				"north": {"uv": [5, 9, 7, 10.5], "texture": "#0"},
				"east": {"uv": [4, 9, 5, 10.5], "texture": "#0"},
				"south": {"uv": [8, 9, 10, 10.5], "texture": "#0"},
				"west": {"uv": [7, 9, 8, 10.5], "texture": "#0"},
				"up": {"uv": [7, 9, 5, 8], "texture": "#0"},
				"down": {"uv": [2, 0, 0, 1], "texture": "#0"}
			}
		},
		{
			"name": "Body",
			"from": [4.25, 1, 8],
			"to": [11.75, 7, 12],
			"rotation": {"angle": 0, "axis": "x", "origin": [8, 11, 8]},
			"faces": {
				"north": {"uv": [5, 6.5, 7, 8], "texture": "#0"},
				"east": {"uv": [4, 6.5, 5, 8], "texture": "#0"},
				"south": {"uv": [8, 6.5, 10, 8], "texture": "#0"},
				"west": {"uv": [7, 6.5, 8, 8], "texture": "#0"},
				"up": {"uv": [7, 6.5, 5, 5.5], "texture": "#0"},
				"down": {"uv": [9, 5.5, 7, 6.5], "texture": "#0"}
			}
		},
		{
			"name": "Body Layer",
			"from": [4, 0.75, 7.75],
			"to": [12, 7.25, 12.25],
			"rotation": {"angle": 0, "axis": "x", "origin": [8, 11, 8]},
			"faces": {
				"north": {"uv": [5, 10.5, 7, 12], "texture": "#0"},
				"east": {"uv": [4, 10.5, 5, 12], "texture": "#0"},
				"south": {"uv": [8, 10.5, 10, 12], "texture": "#0"},
				"west": {"uv": [7, 10.5, 8, 12], "texture": "#0"},
				"up": {"uv": [2, 1, 0, 0], "texture": "#0"},
				"down": {"uv": [9, 9.5, 7, 10.5], "texture": "#0"}
			}
		},
		{
			"from": [6, -0.57403, 10.88582],
			"to": [10, 2.42597, 13.88582],
			"rotation": {"angle": 22.5, "axis": "x", "origin": [8, 0.92597, 13.88582]},
			"faces": {
				"north": {"uv": [8, 7.25, 9, 8], "texture": "#0"},
				"east": {"uv": [8.5, 7.25, 9.25, 8], "texture": "#0"},
				"south": {"uv": [8.5, 7.25, 9.5, 8], "texture": "#0"},
				"west": {"uv": [8.5, 7.25, 9.25, 8], "texture": "#0"},
				"up": {"uv": [8.5, 6.5, 9.5, 7.25], "texture": "#0"},
				"down": {"uv": [8.5, 7.25, 9.5, 8], "texture": "#0"}
			}
		},
		{
			"from": [6.25, -0.32403, 13.38582],
			"to": [9.75, 2.42597, 18.38582],
			"rotation": {"angle": 0, "axis": "x", "origin": [8, 1.05097, 17.88582]},
			"faces": {
				"north": {"uv": [8, 7.25, 9, 8], "texture": "#0"},
				"east": {"uv": [8.5, 7.25, 9.25, 8], "texture": "#0"},
				"south": {"uv": [8.5, 7.25, 9.5, 8], "texture": "#0"},
				"west": {"uv": [8.5, 7.25, 9.25, 8], "texture": "#0"},
				"up": {"uv": [8.5, 6.5, 9.5, 7.25], "texture": "#0"},
				"down": {"uv": [8.5, 7.25, 9.5, 8], "texture": "#0"}
			}
		},
		{
			"from": [8.03073, -0.32403, 17.08134],
			"to": [10.78073, 2.42597, 22.08134],
			"rotation": {"angle": 22.5, "axis": "y", "origin": [9.53073, 1.05097, 21.58134]},
			"faces": {
				"north": {"uv": [8, 7.25, 9, 8], "texture": "#0"},
				"east": {"uv": [8.5, 7.25, 9.25, 8], "texture": "#0"},
				"south": {"uv": [8.5, 7.25, 9.5, 8], "texture": "#0"},
				"west": {"uv": [8.5, 7.25, 9.25, 8], "texture": "#0"},
				"up": {"uv": [8.5, 6.5, 9.5, 7.25], "texture": "#0"},
				"down": {"uv": [8.5, 7.25, 9.5, 8], "texture": "#0"}
			}
		},
		{
			"from": [11.14577, -0.32403, 19.99815],
			"to": [13.39577, 2.42597, 24.99815],
			"rotation": {"angle": 45, "axis": "y", "origin": [12.27077, 1.05097, 24.49815]},
			"faces": {
				"north": {"uv": [8, 7.25, 9, 8], "texture": "#0"},
				"east": {"uv": [8.5, 7.25, 9.25, 8], "texture": "#0"},
				"south": {"uv": [8.5, 7.25, 9.5, 8], "texture": "#0"},
				"west": {"uv": [8.5, 7.25, 9.25, 8], "texture": "#0"},
				"up": {"uv": [8.5, 6.5, 9.5, 7.25], "texture": "#0"},
				"down": {"uv": [8.5, 7.25, 9.5, 8], "texture": "#0"}
			}
		},
		{
			"from": [11.51413, 0.17597, 24.9134],
			"to": [16.51413, 2.42597, 26.9134],
			"rotation": {"angle": -22.5, "axis": "y", "origin": [16.01413, 1.30097, 25.9134]},
			"faces": {
				"north": {"uv": [8.5, 7.25, 9.25, 8], "texture": "#0"},
				"east": {"uv": [8.5, 7.25, 9.5, 8], "texture": "#0"},
				"south": {"uv": [8.5, 7.25, 9.25, 8], "texture": "#0"},
				"west": {"uv": [8, 7.25, 9, 8], "texture": "#0"},
				"up": {"uv": [8.5, 6.5, 9.5, 7.25], "rotation": 270, "texture": "#0"},
				"down": {"uv": [8.5, 7.25, 9.5, 8], "rotation": 90, "texture": "#0"}
			}
		},
		{
			"from": [15.51413, 0.67597, 24.9134],
			"to": [20.51413, 2.42597, 26.6634],
			"rotation": {"angle": 0, "axis": "y", "origin": [20.01413, 1.55097, 25.7884]},
			"faces": {
				"north": {"uv": [8.5, 7.25, 9.25, 8], "texture": "#0"},
				"east": {"uv": [8.5, 7.25, 9.5, 8], "texture": "#0"},
				"south": {"uv": [8.5, 7.25, 9.25, 8], "texture": "#0"},
				"west": {"uv": [8, 7.25, 9, 8], "texture": "#0"},
				"up": {"uv": [8.5, 6.5, 9.5, 7.25], "rotation": 270, "texture": "#0"},
				"down": {"uv": [8.5, 7.25, 9.5, 8], "rotation": 90, "texture": "#0"}
			}
		},
		{
			"from": [19.51413, 0.92597, 24.9134],
			"to": [24.51413, 2.42597, 26.1634],
			"rotation": {"angle": 22.5, "axis": "y", "origin": [20.01413, 1.55097, 25.7884]},
			"faces": {
				"north": {"uv": [8.5, 7.25, 9.25, 8], "texture": "#0"},
				"east": {"uv": [8.5, 7.25, 9.5, 8], "texture": "#0"},
				"south": {"uv": [8.5, 7.25, 9.25, 8], "texture": "#0"},
				"west": {"uv": [8, 7.25, 9, 8], "texture": "#0"},
				"up": {"uv": [8.5, 6.5, 9.5, 7.25], "rotation": 270, "texture": "#0"},
				"down": {"uv": [8.5, 7.25, 9.5, 8], "rotation": 90, "texture": "#0"}
			}
		},
		{
			"name": "Right Arm",
			"from": [12, 8, 4],
			"to": [16, 12, 10],
			"rotation": {"angle": 0, "axis": "x", "origin": [14, 10, 8]},
			"faces": {
				"north": {"uv": [13, 4, 12, 5], "rotation": 180, "texture": "#0"},
				"east": {"uv": [10, 5, 11, 6.5], "rotation": 270, "texture": "#0"},
				"south": {"uv": [12, 5, 11, 4], "texture": "#0"},
				"west": {"uv": [12, 5, 13, 6.5], "rotation": 90, "texture": "#0"},
				"up": {"uv": [11, 5, 12, 6.5], "rotation": 180, "texture": "#0"},
				"down": {"uv": [13, 5, 14, 6.5], "texture": "#0"}
			}
		},
		{
			"name": "Right Arm Layer",
			"from": [11.75, 7.75, 3.75],
			"to": [16.25, 12.25, 10.25],
			"rotation": {"angle": 0, "axis": "x", "origin": [14, 10, 8]},
			"faces": {
				"north": {"uv": [1, 0, 0, 1], "rotation": 180, "texture": "#0"},
				"east": {"uv": [10, 9, 11, 10.5], "rotation": 270, "texture": "#0"},
				"south": {"uv": [12, 9, 11, 8], "texture": "#0"},
				"west": {"uv": [12, 9, 13, 10.5], "rotation": 90, "texture": "#0"},
				"up": {"uv": [11, 9, 12, 10.5], "rotation": 180, "texture": "#0"},
				"down": {"uv": [13, 9, 14, 10.5], "texture": "#0"}
			}
		},
		{
			"name": "Right Arm",
			"from": [12, 8, -2],
			"to": [16, 12, 4],
			"rotation": {"angle": 0, "axis": "x", "origin": [12.37151, 12.40772, 5.23615]},
			"faces": {
				"north": {"uv": [13, 4, 12, 5], "rotation": 180, "texture": "#0"},
				"east": {"uv": [10, 6.5, 11, 8], "rotation": 270, "texture": "#0"},
				"south": {"uv": [12, 6.5, 11, 5.5], "texture": "#0"},
				"west": {"uv": [12, 6.5, 13, 8], "rotation": 90, "texture": "#0"},
				"up": {"uv": [11, 6.5, 12, 8], "rotation": 180, "texture": "#0"},
				"down": {"uv": [13, 6.5, 14, 8], "texture": "#0"}
			}
		},
		{
			"name": "Right Arm Layer",
			"from": [11.75, 7.75, -2.25],
			"to": [16.25, 12.25, 4.25],
			"rotation": {"angle": 0, "axis": "x", "origin": [12.37151, 12.40772, 5.23615]},
			"faces": {
				"north": {"uv": [13, 8, 12, 9], "rotation": 180, "texture": "#0"},
				"east": {"uv": [10, 10.5, 11, 12], "rotation": 270, "texture": "#0"},
				"south": {"uv": [1, 1, 0, 0], "texture": "#0"},
				"west": {"uv": [12, 10.5, 13, 12], "rotation": 90, "texture": "#0"},
				"up": {"uv": [11, 10.5, 12, 12], "rotation": 180, "texture": "#0"},
				"down": {"uv": [13, 10.5, 14, 12], "texture": "#0"}
			}
		},
		{
			"name": "Left Arm",
			"from": [0, 6, 6],
			"to": [4, 12, 10],
			"rotation": {"angle": -22.5, "axis": "z", "origin": [2, 10, 8]},
			"faces": {
				"north": {"uv": [9, 13, 10, 14.5], "texture": "#0"},
				"east": {"uv": [8, 13, 9, 14.5], "texture": "#0"},
				"south": {"uv": [11, 13, 12, 14.5], "texture": "#0"},
				"west": {"uv": [10, 13, 11, 14.5], "texture": "#0"},
				"up": {"uv": [10, 13, 9, 12], "texture": "#0"},
				"down": {"uv": [11, 12, 10, 13], "texture": "#0"}
			}
		},
		{
			"name": "Left Arm Layer",
			"from": [-0.25, 5.75, 5.75],
			"to": [4.25, 12.25, 10.25],
			"rotation": {"angle": -22.5, "axis": "z", "origin": [2, 10, 8]},
			"faces": {
				"north": {"uv": [13, 13, 14, 14.5], "texture": "#0"},
				"east": {"uv": [12, 13, 13, 14.5], "texture": "#0"},
				"south": {"uv": [15, 13, 16, 14.5], "texture": "#0"},
				"west": {"uv": [14, 13, 15, 14.5], "texture": "#0"},
				"up": {"uv": [14, 13, 13, 12], "texture": "#0"},
				"down": {"uv": [1, 0, 0, 1], "texture": "#0"}
			}
		},
		{
			"name": "Left Arm",
			"from": [0, 0, 6],
			"to": [4, 6, 10],
			"rotation": {"angle": -22.5, "axis": "z", "origin": [2, 10, 8]},
			"faces": {
				"north": {"uv": [9, 14.5, 10, 16], "texture": "#0"},
				"east": {"uv": [8, 14.5, 9, 16], "texture": "#0"},
				"south": {"uv": [11, 14.5, 12, 16], "texture": "#0"},
				"west": {"uv": [10, 14.5, 11, 16], "texture": "#0"},
				"up": {"uv": [10, 14.5, 9, 13.5], "texture": "#0"},
				"down": {"uv": [11, 12, 10, 13], "texture": "#0"}
			}
		},
		{
			"name": "Left Arm Layer",
			"from": [-0.25, -0.25, 5.75],
			"to": [4.25, 6.25, 10.25],
			"rotation": {"angle": -22.5, "axis": "z", "origin": [2, 10, 8]},
			"faces": {
				"north": {"uv": [13, 14.5, 14, 16], "texture": "#0"},
				"east": {"uv": [12, 14.5, 13, 16], "texture": "#0"},
				"south": {"uv": [15, 14.5, 16, 16], "texture": "#0"},
				"west": {"uv": [14, 14.5, 15, 16], "texture": "#0"},
				"up": {"uv": [1, 1, 0, 0], "texture": "#0"},
				"down": {"uv": [15, 12, 14, 13], "texture": "#0"}
			}
		},
		{
			"name": "Right Leg",
			"from": [7.9, -1, 4],
			"to": [11.65, 3, 10],
			"rotation": {"angle": -22.5, "axis": "x", "origin": [8, 1, 10]},
			"faces": {
				"north": {"uv": [3, 4, 2, 5], "rotation": 180, "texture": "#0"},
				"east": {"uv": [0, 5, 1, 6.5], "rotation": 270, "texture": "#0"},
				"south": {"uv": [2, 5, 1, 4], "texture": "#0"},
				"west": {"uv": [2, 5, 3, 6.5], "rotation": 90, "texture": "#0"},
				"up": {"uv": [1, 5, 2, 6.5], "rotation": 180, "texture": "#0"},
				"down": {"uv": [3, 5, 4, 6.5], "texture": "#0"}
			}
		},
		{
			"name": "Right Leg Layer",
			"from": [7.65, -1.25, 3.75],
			"to": [11.9, 3.25, 10.25],
			"rotation": {"angle": -22.5, "axis": "x", "origin": [8, 1, 10]},
			"faces": {
				"north": {"uv": [1, 0, 0, 1], "rotation": 180, "texture": "#0"},
				"east": {"uv": [0, 9, 1, 10.5], "rotation": 270, "texture": "#0"},
				"south": {"uv": [2, 9, 1, 8], "texture": "#0"},
				"west": {"uv": [2, 9, 3, 10.5], "rotation": 90, "texture": "#0"},
				"up": {"uv": [1, 9, 2, 10.5], "rotation": 180, "texture": "#0"},
				"down": {"uv": [3, 9, 4, 10.5], "texture": "#0"}
			}
		},
		{
			"name": "Right Leg",
			"from": [7.9, -4, 3],
			"to": [11.65, 2, 7],
			"rotation": {"angle": -22.5, "axis": "x", "origin": [8, 1, 10]},
			"faces": {
				"north": {"uv": [1, 6.5, 2, 8], "texture": "#0"},
				"east": {"uv": [0, 6.5, 1, 8], "texture": "#0"},
				"south": {"uv": [3, 6.5, 4, 8], "texture": "#0"},
				"west": {"uv": [2, 6.5, 3, 8], "texture": "#0"},
				"up": {"uv": [2, 6.5, 1, 5.5], "texture": "#0"},
				"down": {"uv": [3, 4, 2, 5], "texture": "#0"}
			}
		},
		{
			"name": "Right Leg Layer",
			"from": [7.65, -4.25, 2.75],
			"to": [11.9, 2.25, 7.25],
			"rotation": {"angle": -22.5, "axis": "x", "origin": [8, 1, 10]},
			"faces": {
				"north": {"uv": [1, 10.5, 2, 12], "texture": "#0"},
				"east": {"uv": [0, 10.5, 1, 12], "texture": "#0"},
				"south": {"uv": [3, 10.5, 4, 12], "texture": "#0"},
				"west": {"uv": [2, 10.5, 3, 12], "texture": "#0"},
				"up": {"uv": [1, 1, 0, 0], "texture": "#0"},
				"down": {"uv": [3, 8, 2, 9], "texture": "#0"}
			}
		},
		{
			"name": "Left Leg",
			"from": [4.35, -1, 4],
			"to": [8.1, 3, 10],
			"rotation": {"angle": 0, "axis": "x", "origin": [8, 1, 10]},
			"faces": {
				"north": {"uv": [7, 12, 6, 13], "rotation": 180, "texture": "#0"},
				"east": {"uv": [4, 13, 5, 14.5], "rotation": 270, "texture": "#0"},
				"south": {"uv": [6, 13, 5, 12], "texture": "#0"},
				"west": {"uv": [6, 13, 7, 14.5], "rotation": 90, "texture": "#0"},
				"up": {"uv": [5, 13, 6, 14.5], "rotation": 180, "texture": "#0"},
				"down": {"uv": [7, 13, 8, 14.5], "texture": "#0"}
			}
		},
		{
			"name": "Left Leg Layer",
			"from": [4.1, -1.25, 3.75],
			"to": [8.35, 3.25, 10.25],
			"rotation": {"angle": 0, "axis": "x", "origin": [8, 1, 10]},
			"faces": {
				"north": {"uv": [1, 0, 0, 1], "rotation": 180, "texture": "#0"},
				"east": {"uv": [0, 13, 1, 14.5], "rotation": 270, "texture": "#0"},
				"south": {"uv": [2, 13, 1, 12], "texture": "#0"},
				"west": {"uv": [2, 13, 3, 14.5], "rotation": 90, "texture": "#0"},
				"up": {"uv": [1, 13, 2, 14.5], "rotation": 180, "texture": "#0"},
				"down": {"uv": [3, 13, 4, 14.5], "texture": "#0"}
			}
		},
		{
			"name": "Left Leg",
			"from": [4.35, -4, 3],
			"to": [8.1, 2, 7],
			"rotation": {"angle": 0, "axis": "x", "origin": [8, 1, 10]},
			"faces": {
				"north": {"uv": [5, 14.5, 6, 16], "texture": "#0"},
				"east": {"uv": [4, 14.5, 5, 16], "texture": "#0"},
				"south": {"uv": [7, 14.5, 8, 16], "texture": "#0"},
				"west": {"uv": [6, 14.5, 7, 16], "texture": "#0"},
				"up": {"uv": [6, 14.5, 5, 13.5], "texture": "#0"},
				"down": {"uv": [7, 12, 6, 13], "texture": "#0"}
			}
		},
		{
			"name": "Left Leg Layer",
			"from": [4.1, -4.25, 2.75],
			"to": [8.35, 2.25, 7.25],
			"rotation": {"angle": 0, "axis": "x", "origin": [8, 1, 10]},
			"faces": {
				"north": {"uv": [1, 14.5, 2, 16], "texture": "#0"},
				"east": {"uv": [0, 14.5, 1, 16], "texture": "#0"},
				"south": {"uv": [3, 14.5, 4, 16], "texture": "#0"},
				"west": {"uv": [2, 14.5, 3, 16], "texture": "#0"},
				"up": {"uv": [1, 1, 0, 0], "texture": "#0"},
				"down": {"uv": [3, 12, 2, 13], "texture": "#0"}
			}
		}
	],
	"display": {
		"head": {
			"translation": [0, -12.75, 0]
		}
	},
	"groups": [
		{
			"name": "Head",
			"origin": [0, 24, 0],
			"color": 0,
			"children": [0, 1, 2, 3, 4, 5, 6, 7, 8, 9]
		},
		{
			"name": "Body",
			"origin": [0, 24, 0],
			"color": 0,
			"children": [
				10,
				11,
				{
					"name": "Body",
					"origin": [0, 24, 0],
					"color": 0,
					"children": [12, 13]
				},
				14,
				15,
				16,
				17,
				18,
				19,
				20
			]
		},
		{
			"name": "RightArm",
			"origin": [5, 22, 0],
			"color": 0,
			"children": [
				21,
				22,
				{
					"name": "RightArm",
					"origin": [5, 22, 0],
					"color": 0,
					"children": [23, 24]
				}
			]
		},
		{
			"name": "LeftArm",
			"origin": [-5, 22, 0],
			"color": 0,
			"children": [
				25,
				26,
				{
					"name": "LeftArm",
					"origin": [-5, 22, 0],
					"color": 0,
					"children": [27, 28]
				}
			]
		},
		{
			"name": "RightLeg",
			"origin": [1.9, 12, 0],
			"color": 0,
			"children": [
				29,
				30,
				{
					"name": "RightLeg",
					"origin": [1.9, 12, 0],
					"color": 0,
					"children": [31, 32]
				}
			]
		},
		{
			"name": "LeftLeg",
			"origin": [-1.9, 12, 0],
			"color": 0,
			"children": [
				33,
				34,
				{
					"name": "LeftLeg",
					"origin": [-1.9, 12, 0],
					"color": 0,
					"children": [35, 36]
				}
			]
		}
	]
}