{
	"credit": "Made with Blockbench",
	"textures": {
		"0": "nw:stand/skins/cream"
	},
	"elements": [
		{
			"name": "Head",
			"from": [4, 16, -8],
			"to": [12, 24, 0],
			"rotation": {"angle": 0, "axis": "y", "origin": [0, -8, -12]},
			"faces": {
				"north": {"uv": [2, 2, 4, 4], "texture": "#0"},
				"east": {"uv": [0, 2, 2, 4], "texture": "#0"},
				"south": {"uv": [6, 2, 8, 4], "texture": "#0"},
				"west": {"uv": [4, 2, 6, 4], "texture": "#0"},
				"up": {"uv": [4, 2, 2, 0], "texture": "#0"},
				"down": {"uv": [6, 0, 4, 2], "texture": "#0"}
			}
		},
		{
			"name": "Hat Layer",
			"from": [3.5, 15.5, -8.5],
			"to": [12.5, 24.5, 0.5],
			"rotation": {"angle": 0, "axis": "y", "origin": [0, -8, -12]},
			"faces": {
				"north": {"uv": [10, 2, 12, 4], "texture": "#0"},
				"east": {"uv": [8, 2, 10, 4], "texture": "#0"},
				"south": {"uv": [14, 2, 16, 4], "texture": "#0"},
				"west": {"uv": [12, 2, 14, 4], "texture": "#0"},
				"up": {"uv": [12, 2, 10, 0], "texture": "#0"},
				"down": {"uv": [14, 0, 12, 2], "texture": "#0"}
			}
		},
		{
			"from": [0, 18, -5],
			"to": [4, 20, -3],
			"rotation": {"angle": -22.5, "axis": "z", "origin": [8, 19, -4]},
			"faces": {
				"north": {"uv": [8.75, 2.5, 9.25, 3], "texture": "#0"},
				"east": {"uv": [8.75, 2.5, 9.25, 3], "texture": "#0"},
				"south": {"uv": [8.75, 2.5, 9.25, 3], "texture": "#0"},
				"west": {"uv": [8.75, 2.5, 9.25, 3], "texture": "#0"},
				"up": {"uv": [8.75, 2.5, 9.25, 3], "texture": "#0"},
				"down": {"uv": [8.75, 2.5, 9.25, 3], "texture": "#0"}
			}
		},
		{
			"from": [2, 22, -4],
			"to": [3, 24, -3],
			"rotation": {"angle": 0, "axis": "y", "origin": [0, -7, -12]},
			"faces": {
				"north": {"uv": [8.75, 2.5, 9.25, 3], "texture": "#0"},
				"east": {"uv": [8.75, 2.5, 9.25, 3], "texture": "#0"},
				"south": {"uv": [8.75, 2.5, 9.25, 3], "texture": "#0"},
				"west": {"uv": [8.75, 2.5, 9.25, 3], "texture": "#0"},
				"up": {"uv": [8.75, 2.5, 9.25, 3], "texture": "#0"},
				"down": {"uv": [8.75, 2.5, 9.25, 3], "texture": "#0"}
			}
		},
		{
			"from": [13, 22, -4],
			"to": [14, 24, -3],
			"rotation": {"angle": 0, "axis": "y", "origin": [0, -7, -12]},
			"faces": {
				"north": {"uv": [8.75, 2.5, 9.25, 3], "texture": "#0"},
				"east": {"uv": [8.75, 2.5, 9.25, 3], "texture": "#0"},
				"south": {"uv": [8.75, 2.5, 9.25, 3], "texture": "#0"},
				"west": {"uv": [8.75, 2.5, 9.25, 3], "texture": "#0"},
				"up": {"uv": [8.75, 2.5, 9.25, 3], "texture": "#0"},
				"down": {"uv": [8.75, 2.5, 9.25, 3], "texture": "#0"}
			}
		},
		{
			"from": [12, 18, -5],
			"to": [16, 20, -3],
			"rotation": {"angle": 22.5, "axis": "z", "origin": [8, 19, -4]},
			"faces": {
				"north": {"uv": [8.75, 2.5, 9.25, 3], "texture": "#0"},
				"east": {"uv": [8.75, 2.5, 9.25, 3], "texture": "#0"},
				"south": {"uv": [8.75, 2.5, 9.25, 3], "texture": "#0"},
				"west": {"uv": [8.75, 2.5, 9.25, 3], "texture": "#0"},
				"up": {"uv": [8.75, 2.5, 9.25, 3], "texture": "#0"},
				"down": {"uv": [8.75, 2.5, 9.25, 3], "texture": "#0"}
			}
		},
		{
			"name": "Body",
			"from": [4, 11, 6],
			"to": [12, 23, 10],
			"rotation": {"angle": -22.5, "axis": "x", "origin": [8, -1, 8]},
			"faces": {
				"north": {"uv": [5, 5, 7, 8], "texture": "#0"},
				"east": {"uv": [4, 5, 5, 8], "texture": "#0"},
				"south": {"uv": [8, 5, 10, 8], "texture": "#0"},
				"west": {"uv": [7, 5, 8, 8], "texture": "#0"},
				"up": {"uv": [7, 5, 5, 4], "texture": "#0"},
				"down": {"uv": [9, 4, 7, 5], "texture": "#0"}
			}
		},
		{
			"name": "Body Layer",
			"from": [3.75, 10.75, 5.75],
			"to": [12.25, 23.25, 10.25],
			"rotation": {"angle": -22.5, "axis": "x", "origin": [8, -1, 8]},
			"faces": {
				"north": {"uv": [5, 9, 7, 12], "texture": "#0"},
				"east": {"uv": [4, 9, 5, 12], "texture": "#0"},
				"south": {"uv": [8, 9, 10, 12], "texture": "#0"},
				"west": {"uv": [7, 9, 8, 12], "texture": "#0"},
				"up": {"uv": [7, 9, 5, 8], "texture": "#0"},
				"down": {"uv": [9, 8, 7, 9], "texture": "#0"}
			}
		},
		{
			"name": "Right Arm",
			"from": [11.92317, 9.5, -3.5112],
			"to": [14.92317, 21.5, 0.4888],
			"rotation": {"angle": -45, "axis": "x", "origin": [13, 21, -2]},
			"faces": {
				"north": {"uv": [11, 5, 11.75, 8], "texture": "#0"},
				"east": {"uv": [10, 5, 11, 8], "texture": "#0"},
				"south": {"uv": [12.75, 5, 13.5, 8], "texture": "#0"},
				"west": {"uv": [11.75, 5, 12.75, 8], "texture": "#0"},
				"up": {"uv": [11.75, 5, 11, 4], "texture": "#0"},
				"down": {"uv": [12.5, 4, 11.75, 5], "texture": "#0"}
			}
		},
		{
			"name": "Right Arm Layer",
			"from": [11.67317, 9.25, -3.7612],
			"to": [15.17317, 21.75, 0.7388],
			"rotation": {"angle": -45, "axis": "x", "origin": [13, 21, -2]},
			"faces": {
				"north": {"uv": [11, 9, 11.75, 12], "texture": "#0"},
				"east": {"uv": [10, 9, 11, 12], "texture": "#0"},
				"south": {"uv": [12.75, 9, 13.5, 12], "texture": "#0"},
				"west": {"uv": [11.75, 9, 12.75, 12], "texture": "#0"},
				"up": {"uv": [11.75, 9, 11, 8], "texture": "#0"},
				"down": {"uv": [12.5, 8, 11.75, 9], "texture": "#0"}
			}
		},
		{
			"name": "Left Arm",
			"from": [0.41131, 9.5, -3.86387],
			"to": [3.41131, 21.5, 0.13613],
			"rotation": {"angle": -45, "axis": "x", "origin": [1, 21, -1]},
			"faces": {
				"north": {"uv": [9, 13, 9.75, 16], "texture": "#0"},
				"east": {"uv": [8, 13, 9, 16], "texture": "#0"},
				"south": {"uv": [10.75, 13, 11.5, 16], "texture": "#0"},
				"west": {"uv": [9.75, 13, 10.75, 16], "texture": "#0"},
				"up": {"uv": [9.75, 13, 9, 12], "texture": "#0"},
				"down": {"uv": [10.5, 12, 9.75, 13], "texture": "#0"}
			}
		},
		{
			"name": "Left Arm Layer",
			"from": [0.16131, 9.25, -4.11387],
			"to": [3.66131, 21.75, 0.38613],
			"rotation": {"angle": -45, "axis": "x", "origin": [1, 21, -1]},
			"faces": {
				"north": {"uv": [13, 13, 13.75, 16], "texture": "#0"},
				"east": {"uv": [12, 13, 13, 16], "texture": "#0"},
				"south": {"uv": [14.75, 13, 15.5, 16], "texture": "#0"},
				"west": {"uv": [13.75, 13, 14.75, 16], "texture": "#0"},
				"up": {"uv": [13.75, 13, 13, 12], "texture": "#0"},
				"down": {"uv": [14.5, 12, 13.75, 13], "texture": "#0"}
			}
		},
		{
			"name": "Left Leg",
			"from": [4.1, 5, 1.25],
			"to": [8.1, 11, 5.25],
			"rotation": {"angle": -45, "axis": "x", "origin": [8, 11, 2.25]},
			"faces": {
				"north": {"uv": [5, 13, 6, 14.5], "texture": "#0"},
				"east": {"uv": [4, 13, 5, 14.5], "texture": "#0"},
				"south": {"uv": [7, 13, 8, 14.5], "texture": "#0"},
				"west": {"uv": [6, 13, 7, 14.5], "texture": "#0"},
				"up": {"uv": [6, 13, 5, 12], "texture": "#0"},
				"down": {"uv": [7, 12, 6, 13], "texture": "#0"}
			}
		},
		{
			"name": "Left Leg Layer",
			"from": [3.85, 4.75, 1],
			"to": [8.35, 11.25, 5.5],
			"rotation": {"angle": -45, "axis": "x", "origin": [8, 11, 2.25]},
			"faces": {
				"north": {"uv": [1, 13, 2, 14.5], "texture": "#0"},
				"east": {"uv": [0, 13, 1, 14.5], "texture": "#0"},
				"south": {"uv": [3, 13, 4, 14.5], "texture": "#0"},
				"west": {"uv": [2, 13, 3, 14.5], "texture": "#0"},
				"up": {"uv": [2, 13, 1, 12], "texture": "#0"},
				"down": {"uv": [3, 12, 2, 13], "texture": "#0"}
			}
		},
		{
			"name": "Left Leg",
			"from": [4.09239, 4.8094, 3.83687],
			"to": [8.09239, 8.8094, 9.83687],
			"rotation": {"angle": -22.5, "axis": "x", "origin": [8, 11, 2.25]},
			"faces": {
				"north": {"uv": [6, 13, 5, 12], "rotation": 180, "texture": "#0"},
				"east": {"uv": [4, 14.5, 5, 16], "rotation": 90, "texture": "#0"},
				"south": {"uv": [7, 12, 6, 13], "texture": "#0"},
				"west": {"uv": [6, 14.5, 7, 16], "rotation": 270, "texture": "#0"},
				"up": {"uv": [7, 14.5, 8, 16], "texture": "#0"},
				"down": {"uv": [5, 14.5, 6, 16], "rotation": 180, "texture": "#0"}
			}
		},
		{
			"name": "Left Leg Layer",
			"from": [3.84239, 4.5594, 3.58687],
			"to": [8.34239, 9.0594, 10.08687],
			"rotation": {"angle": -22.5, "axis": "x", "origin": [8, 11, 2.25]},
			"faces": {
				"north": {"uv": [2, 14.5, 1, 13.5], "rotation": 180, "texture": "#0"},
				"east": {"uv": [0, 14.5, 1, 16], "rotation": 90, "texture": "#0"},
				"south": {"uv": [3, 13.5, 2, 14.5], "texture": "#0"},
				"west": {"uv": [2, 14.5, 3, 16], "rotation": 270, "texture": "#0"},
				"up": {"uv": [3, 14.5, 4, 16], "texture": "#0"},
				"down": {"uv": [1, 14.5, 2, 16], "rotation": 180, "texture": "#0"}
			}
		},
		{
			"name": "Left Leg",
			"from": [7.9, 5, 1.25],
			"to": [11.9, 11, 5.25],
			"rotation": {"angle": -45, "axis": "x", "origin": [8, 11, 2.25]},
			"faces": {
				"north": {"uv": [6, 13, 5, 14.5], "texture": "#0"},
				"east": {"uv": [7, 13, 6, 14.5], "texture": "#0"},
				"south": {"uv": [8, 13, 7, 14.5], "texture": "#0"},
				"west": {"uv": [5, 13, 4, 14.5], "texture": "#0"},
				"up": {"uv": [5, 13, 6, 12], "texture": "#0"},
				"down": {"uv": [6, 12, 7, 13], "texture": "#0"}
			}
		},
		{
			"name": "Left Leg Layer",
			"from": [7.65, 4.75, 1],
			"to": [12.15, 11.25, 5.5],
			"rotation": {"angle": -45, "axis": "x", "origin": [8, 11, 2.25]},
			"faces": {
				"north": {"uv": [2, 13, 1, 14.5], "texture": "#0"},
				"east": {"uv": [3, 13, 2, 14.5], "texture": "#0"},
				"south": {"uv": [4, 13, 3, 14.5], "texture": "#0"},
				"west": {"uv": [1, 13, 0, 14.5], "texture": "#0"},
				"up": {"uv": [1, 13, 2, 12], "texture": "#0"},
				"down": {"uv": [2, 12, 3, 13], "texture": "#0"}
			}
		},
		{
			"name": "Left Leg",
			"from": [7.90761, 4.8094, 3.83687],
			"to": [11.90761, 8.8094, 9.83687],
			"rotation": {"angle": -22.5, "axis": "x", "origin": [8, 11, 2.25]},
			"faces": {
				"north": {"uv": [5, 13, 6, 12], "rotation": 180, "texture": "#0"},
				"east": {"uv": [6, 16, 7, 14.5], "rotation": 270, "texture": "#0"},
				"south": {"uv": [6, 12, 7, 13], "texture": "#0"},
				"west": {"uv": [4, 16, 5, 14.5], "rotation": 90, "texture": "#0"},
				"up": {"uv": [8, 14.5, 7, 16], "texture": "#0"},
				"down": {"uv": [6, 14.5, 5, 16], "rotation": 180, "texture": "#0"}
			}
		},
		{
			"name": "Left Leg Layer",
			"from": [7.65761, 4.5594, 3.58687],
			"to": [12.15761, 9.0594, 10.08687],
			"rotation": {"angle": -22.5, "axis": "x", "origin": [8, 11, 2.25]},
			"faces": {
				"north": {"uv": [1, 14.5, 2, 13.5], "rotation": 180, "texture": "#0"},
				"east": {"uv": [2, 16, 3, 14.5], "rotation": 270, "texture": "#0"},
				"south": {"uv": [2, 13.5, 3, 14.5], "texture": "#0"},
				"west": {"uv": [0, 16, 1, 14.5], "rotation": 90, "texture": "#0"},
				"up": {"uv": [4, 14.5, 3, 16], "texture": "#0"},
				"down": {"uv": [2, 14.5, 1, 16], "rotation": 180, "texture": "#0"}
			}
		}
	],
	"display": {
		"thirdperson_righthand": {
			"rotation": [68.5, 0, 0]
		},
		"head": {
			"translation": [0, -24.25, 19.25],
			"scale": [1.6, 1.6, 1.6]
		}
	},
	"groups": [
		{
			"name": "Head",
			"origin": [0, 24, 0],
			"color": 0,
			"children": [0, 1, 2, 3, 4, 5]
		},
		{
			"name": "Body",
			"origin": [0, 24, 0],
			"color": 0,
			"children": [6, 7]
		},
		{
			"name": "RightArm",
			"origin": [5, 21.5, 0],
			"color": 0,
			"children": [8, 9]
		},
		{
			"name": "LeftArm",
			"origin": [-5, 21.5, 0],
			"color": 0,
			"children": [10, 11]
		},
		{
			"name": "LeftLeg",
			"origin": [-1.9, 12, 0],
			"color": 0,
			"children": [
				12,
				13,
				{
					"name": "LeftLeg",
					"origin": [-1.9, 12, 0],
					"color": 0,
					"children": [14, 15]
				}
			]
		},
		{
			"name": "Right Leg",
			"origin": [-1.9, 12, 0],
			"color": 0,
			"children": [
				16,
				17,
				{
					"name": "LeftLeg",
					"origin": [-1.9, 12, 0],
					"color": 0,
					"children": [18, 19]
				}
			]
		}
	]
}