{
	"credit": "Made with Blockbench",
	"texture_size": [64, 64],
	"textures": {
		"0": "nw:stand/skins/hierophant_green"
	},
	"elements": [
		{
			"name": "Head",
			"from": [4, 13, 18],
			"to": [12, 21, 26],
			"rotation": {"angle": 0, "axis": "y", "origin": [7, 13, 22]},
			"faces": {
				"north": {"uv": [2, 2, 4, 4], "texture": "#0"},
				"east": {"uv": [0, 2, 2, 4], "texture": "#0"},
				"south": {"uv": [6, 2, 8, 4], "texture": "#0"},
				"west": {"uv": [4, 2, 6, 4], "texture": "#0"},
				"up": {"uv": [4, 2, 2, 0], "texture": "#0"},
				"down": {"uv": [6, 0, 4, 2], "texture": "#0"}
			}
		},
		{
			"name": "Hat Layer",
			"from": [3.5, 12.5, 17.5],
			"to": [12.5, 21.5, 26.5],
			"rotation": {"angle": 0, "axis": "y", "origin": [7, 13, 22]},
			"faces": {
				"north": {"uv": [10, 2, 12, 4], "texture": "#0"},
				"east": {"uv": [8, 2, 10, 4], "texture": "#0"},
				"south": {"uv": [14, 2, 16, 4], "texture": "#0"},
				"west": {"uv": [12, 2, 14, 4], "texture": "#0"},
				"up": {"uv": [12, 2, 10, 0], "texture": "#0"},
				"down": {"uv": [14, 0, 12, 2], "texture": "#0"}
			}
		},
		{
			"name": "Body",
			"from": [4, 1, 20],
			"to": [12, 13, 24],
			"rotation": {"angle": 0, "axis": "y", "origin": [7, 13, 22]},
			"faces": {
				"north": {"uv": [5, 5, 7, 8], "texture": "#0"},
				"east": {"uv": [4, 5, 5, 8], "texture": "#0"},
				"south": {"uv": [8, 5, 10, 8], "texture": "#0"},
				"west": {"uv": [7, 5, 8, 8], "texture": "#0"},
				"up": {"uv": [7, 5, 5, 4], "texture": "#0"},
				"down": {"uv": [9, 4, 7, 5], "texture": "#0"}
			}
		},
		{
			"name": "Body Layer",
			"from": [3.75, 0.75, 19.75],
			"to": [12.25, 13.25, 24.25],
			"rotation": {"angle": 0, "axis": "y", "origin": [7, 13, 22]},
			"faces": {
				"north": {"uv": [5, 9, 7, 12], "texture": "#0"},
				"east": {"uv": [4, 9, 5, 12], "texture": "#0"},
				"south": {"uv": [8, 9, 10, 12], "texture": "#0"},
				"west": {"uv": [7, 9, 8, 12], "texture": "#0"},
				"up": {"uv": [7, 9, 5, 8], "texture": "#0"},
				"down": {"uv": [9, 8, 7, 9], "texture": "#0"}
			}
		},
		{
			"name": "Right Arm",
			"from": [-9, 9, 19],
			"to": [-3, 13, 22],
			"rotation": {"angle": -45, "axis": "y", "origin": [13, 11, 22]},
			"faces": {
				"north": {"uv": [10, 6.5, 11, 8], "rotation": 270, "texture": "#0"},
				"east": {"uv": [11.75, 5, 11, 4], "texture": "#0"},
				"south": {"uv": [11.75, 6.75, 12.75, 8], "rotation": 90, "texture": "#0"},
				"west": {"uv": [12.5, 4, 11.75, 5], "rotation": 180, "texture": "#0"},
				"up": {"uv": [11, 6.75, 11.75, 8], "rotation": 90, "texture": "#0"},
				"down": {"uv": [12.75, 6.75, 13.5, 8], "rotation": 90, "texture": "#0"}
			}
		},
		{
			"name": "Right Arm Layer",
			"from": [-9.25, 8.75, 18.75],
			"to": [-2.75, 13.25, 22.25],
			"rotation": {"angle": -45, "axis": "y", "origin": [13, 11, 22]},
			"faces": {
				"north": {"uv": [10, 10.5, 11, 12], "rotation": 270, "texture": "#0"},
				"east": {"uv": [11.75, 9, 11, 8], "texture": "#0"},
				"south": {"uv": [11.75, 10.5, 12.75, 12], "rotation": 90, "texture": "#0"},
				"west": {"uv": [12.5, 8, 11.75, 9], "rotation": 180, "texture": "#0"},
				"up": {"uv": [11, 10.5, 11.75, 12], "rotation": 90, "texture": "#0"},
				"down": {"uv": [12.75, 10.5, 13.5, 12], "rotation": 90, "texture": "#0"}
			}
		},
		{
			"name": "Right Arm",
			"from": [12, 9, 15],
			"to": [15, 13, 21],
			"rotation": {"angle": 22.5, "axis": "y", "origin": [13, 11, 22]},
			"faces": {
				"north": {"uv": [12.5, 4, 11.75, 5], "rotation": 180, "texture": "#0"},
				"east": {"uv": [10, 5, 11, 6.5], "rotation": 270, "texture": "#0"},
				"south": {"uv": [11.75, 5, 11, 4], "texture": "#0"},
				"west": {"uv": [11.75, 5, 12.75, 6.5], "rotation": 90, "texture": "#0"},
				"up": {"uv": [11, 5, 11.75, 6.5], "rotation": 180, "texture": "#0"},
				"down": {"uv": [12.75, 5, 13.5, 6.5], "texture": "#0"}
			}
		},
		{
			"name": "Right Arm Layer",
			"from": [11.75, 8.75, 14.75],
			"to": [15.25, 13.25, 21.25],
			"rotation": {"angle": 22.5, "axis": "y", "origin": [13, 11, 22]},
			"faces": {
				"north": {"uv": [12.5, 8, 11.75, 9], "rotation": 180, "texture": "#0"},
				"east": {"uv": [10, 9, 11, 10.5], "rotation": 270, "texture": "#0"},
				"south": {"uv": [11.75, 9, 11, 8], "texture": "#0"},
				"west": {"uv": [11.75, 9, 12.75, 10.5], "rotation": 90, "texture": "#0"},
				"up": {"uv": [11, 9, 11.75, 10.5], "rotation": 180, "texture": "#0"},
				"down": {"uv": [12.75, 9, 13.5, 10.5], "texture": "#0"}
			}
		},
		{
			"from": [8.5, 10, 10],
			"to": [9.5, 11, 15],
			"rotation": {"angle": 22.5, "axis": "y", "origin": [11, 12, 11]},
			"faces": {
				"north": {"uv": [2, 4.5, 2.25, 4.75], "texture": "#0"},
				"east": {"uv": [1.25, 4.5, 2.5, 4.75], "texture": "#0"},
				"south": {"uv": [2.5, 4.5, 2.75, 4.75], "texture": "#0"},
				"west": {"uv": [1.25, 4.5, 2.5, 4.75], "texture": "#0"},
				"up": {"uv": [2.25, 4.25, 2.5, 5.5], "texture": "#0"},
				"down": {"uv": [2.25, 4, 2.5, 5.25], "texture": "#0"}
			}
		},
		{
			"from": [4, 10, 10.5],
			"to": [9, 11, 11.5],
			"rotation": {"angle": 0, "axis": "y", "origin": [11, 12, 11]},
			"faces": {
				"north": {"uv": [1.5, 4.5, 2.75, 4.75], "texture": "#0"},
				"east": {"uv": [1.25, 4.5, 1.5, 4.75], "texture": "#0"},
				"south": {"uv": [1.25, 4.25, 2.5, 4.5], "texture": "#0"},
				"west": {"uv": [1.25, 4.5, 1.5, 4.75], "texture": "#0"},
				"up": {"uv": [2.25, 4.25, 2.5, 5.5], "rotation": 90, "texture": "#0"},
				"down": {"uv": [2.25, 4, 2.5, 5.25], "rotation": 270, "texture": "#0"}
			}
		},
		{
			"from": [-2.6967, 10, 15.59619],
			"to": [2.3033, 11, 16.59619],
			"rotation": {"angle": -45, "axis": "y", "origin": [9.3033, 12, 16.09619]},
			"faces": {
				"north": {"uv": [1.5, 4.5, 2.75, 4.75], "texture": "#0"},
				"east": {"uv": [1.25, 4.5, 1.5, 4.75], "texture": "#0"},
				"south": {"uv": [1.25, 4.25, 2.5, 4.5], "texture": "#0"},
				"west": {"uv": [1.25, 4.5, 1.5, 4.75], "texture": "#0"},
				"up": {"uv": [2.25, 4.25, 2.5, 5.5], "rotation": 90, "texture": "#0"},
				"down": {"uv": [2.25, 4, 2.5, 5.25], "rotation": 270, "texture": "#0"}
			}
		},
		{
			"name": "Right Leg",
			"from": [7.9, -11, 20],
			"to": [11.9, 1, 24],
			"rotation": {"angle": -22.5, "axis": "x", "origin": [8, 1, 22]},
			"faces": {
				"north": {"uv": [1, 5, 2, 8], "texture": "#0"},
				"east": {"uv": [0, 5, 1, 8], "texture": "#0"},
				"south": {"uv": [3, 5, 4, 8], "texture": "#0"},
				"west": {"uv": [2, 5, 3, 8], "texture": "#0"},
				"up": {"uv": [2, 5, 1, 4], "texture": "#0"},
				"down": {"uv": [3, 4, 2, 5], "texture": "#0"}
			}
		},
		{
			"name": "Right Leg Layer",
			"from": [7.65, -11.25, 19.75],
			"to": [12.15, 1.25, 24.25],
			"rotation": {"angle": -22.5, "axis": "x", "origin": [8, 1, 22]},
			"faces": {
				"north": {"uv": [1, 9, 2, 12], "texture": "#0"},
				"east": {"uv": [0, 9, 1, 12], "texture": "#0"},
				"south": {"uv": [3, 9, 4, 12], "texture": "#0"},
				"west": {"uv": [2, 9, 3, 12], "texture": "#0"},
				"up": {"uv": [2, 9, 1, 8], "texture": "#0"},
				"down": {"uv": [3, 8, 2, 9], "texture": "#0"}
			}
		},
		{
			"name": "Left Leg",
			"from": [4.1, -11, 20],
			"to": [8.1, 1, 24],
			"rotation": {"angle": -22.5, "axis": "x", "origin": [8, 1, 22]},
			"faces": {
				"north": {"uv": [5, 13, 6, 16], "texture": "#0"},
				"east": {"uv": [4, 13, 5, 16], "texture": "#0"},
				"south": {"uv": [7, 13, 8, 16], "texture": "#0"},
				"west": {"uv": [6, 13, 7, 16], "texture": "#0"},
				"up": {"uv": [6, 13, 5, 12], "texture": "#0"},
				"down": {"uv": [7, 12, 6, 13], "texture": "#0"}
			}
		},
		{
			"name": "Left Leg Layer",
			"from": [3.85, -11.25, 19.75],
			"to": [8.35, 1.25, 24.25],
			"rotation": {"angle": -22.5, "axis": "x", "origin": [8, 1, 22]},
			"faces": {
				"north": {"uv": [1, 13, 2, 16], "texture": "#0"},
				"east": {"uv": [0, 13, 1, 16], "texture": "#0"},
				"south": {"uv": [3, 13, 4, 16], "texture": "#0"},
				"west": {"uv": [2, 13, 3, 16], "texture": "#0"},
				"up": {"uv": [2, 13, 1, 12], "texture": "#0"},
				"down": {"uv": [3, 12, 2, 13], "texture": "#0"}
			}
		},
		{
			"name": "Right Arm",
			"from": [1, 1, 20],
			"to": [4, 7, 24],
			"rotation": {"angle": -22.5, "axis": "x", "origin": [2, 11, 22]},
			"faces": {
				"north": {"uv": [11.75, 6.75, 11, 8], "texture": "#0"},
				"east": {"uv": [12.75, 6.75, 11.75, 8], "texture": "#0"},
				"south": {"uv": [13.5, 6.75, 12.75, 8], "texture": "#0"},
				"west": {"uv": [11, 6.5, 10, 8], "texture": "#0"},
				"up": {"uv": [11, 5, 11.75, 4], "texture": "#0"},
				"down": {"uv": [11.75, 4, 12.5, 5], "texture": "#0"}
			}
		},
		{
			"name": "Right Arm Layer",
			"from": [0.75, 0.75, 19.75],
			"to": [4.25, 7.25, 24.25],
			"rotation": {"angle": -22.5, "axis": "x", "origin": [3, 11, 22]},
			"faces": {
				"north": {"uv": [11.75, 10.5, 11, 12], "texture": "#0"},
				"east": {"uv": [12.75, 10.5, 11.75, 12], "texture": "#0"},
				"south": {"uv": [13.5, 10.5, 12.75, 12], "texture": "#0"},
				"west": {"uv": [11, 10.5, 10, 12], "texture": "#0"},
				"up": {"uv": [11, 9, 11.75, 8], "texture": "#0"},
				"down": {"uv": [11.75, 8, 12.5, 9], "texture": "#0"}
			}
		},
		{
			"name": "Right Arm",
			"from": [1, 7, 20],
			"to": [4, 13, 24],
			"rotation": {"angle": -22.5, "axis": "x", "origin": [2, 11, 22]},
			"faces": {
				"north": {"uv": [11.75, 5, 11, 6.5], "texture": "#0"},
				"east": {"uv": [12.75, 5, 11.75, 6.5], "texture": "#0"},
				"south": {"uv": [13.5, 5, 12.75, 6.5], "texture": "#0"},
				"west": {"uv": [11, 5, 10, 6.5], "texture": "#0"},
				"up": {"uv": [11, 5, 11.75, 4], "texture": "#0"},
				"down": {"uv": [11.75, 4, 12.5, 5], "texture": "#0"}
			}
		},
		{
			"name": "Right Arm Layer",
			"from": [0.75, 6.75, 19.75],
			"to": [4.25, 13.25, 24.25],
			"rotation": {"angle": -22.5, "axis": "x", "origin": [2, 11, 22]},
			"faces": {
				"north": {"uv": [11.75, 9, 11, 10.5], "texture": "#0"},
				"east": {"uv": [12.75, 9, 11.75, 10.5], "texture": "#0"},
				"south": {"uv": [13.5, 9, 12.75, 10.5], "texture": "#0"},
				"west": {"uv": [11, 9, 10, 10.5], "texture": "#0"},
				"up": {"uv": [11, 9, 11.75, 8], "texture": "#0"},
				"down": {"uv": [11.75, 8, 12.5, 9], "texture": "#0"}
			}
		}
	],
	"display": {
		"head": {
			"translation": [11.75, -14.5, -22],
			"scale": [1.6, 1.6, 1.6]
		}
	},
	"groups": [
		{
			"name": "Head",
			"origin": [0, 24, 0],
			"color": 0,
			"children": [0, 1]
		},
		{
			"name": "Body",
			"origin": [0, 24, 0],
			"color": 0,
			"children": [2, 3]
		},
		{
			"name": "RightArm",
			"origin": [5, 22, 0],
			"color": 0,
			"children": [
				4,
				5,
				{
					"name": "RightArm",
					"origin": [5, 22, 0],
					"color": 0,
					"children": [6, 7]
				},
				8,
				9,
				10
			]
		},
		{
			"name": "RightLeg",
			"origin": [1.9, 12, 0],
			"color": 0,
			"children": [11, 12]
		},
		{
			"name": "LeftLeg",
			"origin": [-1.9, 12, 0],
			"color": 0,
			"children": [13, 14]
		},
		{
			"name": "LeftArm",
			"origin": [5, 22, 0],
			"color": 0,
			"children": [
				15,
				16,
				{
					"name": "LeftArmo",
					"origin": [5, 22, 0],
					"color": 0,
					"children": [17, 18]
				}
			]
		}
	]
}