{
	"credit": "Made with Blockbench",
	"texture_size": [64, 64],
	"textures": {
		"0": "nw:stand/skins/hierophant_green"
	},
	"elements": [
		{
			"name": "Head",
			"from": [4, 13, 4],
			"to": [12, 21, 12],
			"rotation": {"angle": 0, "axis": "y", "origin": [7, 13, 8]},
			"faces": {
				"north": {"uv": [2, 2, 4, 4], "texture": "#0"},
				"east": {"uv": [0, 2, 2, 4], "texture": "#0"},
				"south": {"uv": [6, 2, 8, 4], "texture": "#0"},
				"west": {"uv": [4, 2, 6, 4], "texture": "#0"},
				"up": {"uv": [4, 2, 2, 0], "texture": "#0"},
				"down": {"uv": [6, 0, 4, 2], "texture": "#0"}
			}
		},
		{
			"name": "Hat Layer",
			"from": [3.5, 12.5, 3.5],
			"to": [12.5, 21.5, 12.5],
			"rotation": {"angle": 0, "axis": "y", "origin": [7, 13, 8]},
			"faces": {
				"north": {"uv": [10, 2, 12, 4], "texture": "#0"},
				"east": {"uv": [8, 2, 10, 4], "texture": "#0"},
				"south": {"uv": [14, 2, 16, 4], "texture": "#0"},
				"west": {"uv": [12, 2, 14, 4], "texture": "#0"},
				"up": {"uv": [12, 2, 10, 0], "texture": "#0"},
				"down": {"uv": [14, 0, 12, 2], "texture": "#0"}
			}
		},
		{
			"name": "Body",
			"from": [4, 1, 6],
			"to": [12, 13, 10],
			"rotation": {"angle": 0, "axis": "y", "origin": [7, 13, 8]},
			"faces": {
				"north": {"uv": [5, 5, 7, 8], "texture": "#0"},
				"east": {"uv": [4, 5, 5, 8], "texture": "#0"},
				"south": {"uv": [8, 5, 10, 8], "texture": "#0"},
				"west": {"uv": [7, 5, 8, 8], "texture": "#0"},
				"up": {"uv": [7, 5, 5, 4], "texture": "#0"},
				"down": {"uv": [9, 4, 7, 5], "texture": "#0"}
			}
		},
		{
			"name": "Body Layer",
			"from": [3.75, 0.75, 5.75],
			"to": [12.25, 13.25, 10.25],
			"rotation": {"angle": 0, "axis": "y", "origin": [7, 13, 8]},
			"faces": {
				"north": {"uv": [5, 9, 7, 12], "texture": "#0"},
				"east": {"uv": [4, 9, 5, 12], "texture": "#0"},
				"south": {"uv": [8, 9, 10, 12], "texture": "#0"},
				"west": {"uv": [7, 9, 8, 12], "texture": "#0"},
				"up": {"uv": [7, 9, 5, 8], "texture": "#0"},
				"down": {"uv": [9, 8, 7, 9], "texture": "#0"}
			}
		},
		{
			"name": "Right Arm",
			"from": [13.53073, 10.83579, -4.54171],
			"to": [17.53073, 13.83579, 1.45829],
			"rotation": {"angle": 45, "axis": "y", "origin": [14, 12.08579, 5.15381]},
			"faces": {
				"north": {"uv": [12.5, 4, 11.75, 5], "rotation": 270, "texture": "#0"},
				"east": {"uv": [12.75, 6.75, 13.5, 8], "rotation": 270, "texture": "#0"},
				"south": {"uv": [11.75, 5, 11, 4], "rotation": 270, "texture": "#0"},
				"west": {"uv": [11, 6.75, 11.75, 8], "rotation": 90, "texture": "#0"},
				"up": {"uv": [10, 6.5, 11, 8], "rotation": 180, "texture": "#0"},
				"down": {"uv": [11.75, 6.75, 12.75, 8], "texture": "#0"}
			}
		},
		{
			"name": "Right Arm Layer",
			"from": [13.28073, 10.58579, -4.79171],
			"to": [17.78073, 14.08579, 1.70829],
			"rotation": {"angle": 45, "axis": "y", "origin": [14, 12.08579, 5.15381]},
			"faces": {
				"north": {"uv": [12.5, 8, 11.75, 9], "rotation": 270, "texture": "#0"},
				"east": {"uv": [12.75, 10.5, 13.5, 12], "rotation": 270, "texture": "#0"},
				"south": {"uv": [11.75, 9, 11, 8], "rotation": 270, "texture": "#0"},
				"west": {"uv": [11, 10.5, 11.75, 12], "rotation": 90, "texture": "#0"},
				"up": {"uv": [10, 10.5, 11, 12], "rotation": 180, "texture": "#0"},
				"down": {"uv": [11.75, 10.5, 12.75, 12], "texture": "#0"}
			}
		},
		{
			"name": "Right Arm",
			"from": [12, 10.75, 1],
			"to": [16, 13.75, 7],
			"rotation": {"angle": 22.5, "axis": "y", "origin": [14, 12.08579, 5.15381]},
			"faces": {
				"north": {"uv": [12.5, 4, 11.75, 5], "rotation": 270, "texture": "#0"},
				"east": {"uv": [12.75, 5, 13.5, 6.5], "rotation": 270, "texture": "#0"},
				"south": {"uv": [11.75, 5, 11, 4], "rotation": 270, "texture": "#0"},
				"west": {"uv": [11, 5, 11.75, 6.5], "rotation": 90, "texture": "#0"},
				"up": {"uv": [10, 5, 11, 6.5], "rotation": 180, "texture": "#0"},
				"down": {"uv": [11.75, 5, 12.75, 6.5], "texture": "#0"}
			}
		},
		{
			"name": "Right Arm Layer",
			"from": [11.75, 10.5, 0.75],
			"to": [16.25, 14, 7.25],
			"rotation": {"angle": 22.5, "axis": "y", "origin": [14, 12.08579, 5.15381]},
			"faces": {
				"north": {"uv": [12.5, 8, 11.75, 9], "rotation": 270, "texture": "#0"},
				"east": {"uv": [12.75, 9, 13.5, 10.5], "rotation": 270, "texture": "#0"},
				"south": {"uv": [11.75, 9, 11, 8], "rotation": 270, "texture": "#0"},
				"west": {"uv": [11, 9, 11.75, 10.5], "rotation": 90, "texture": "#0"},
				"up": {"uv": [10, 9, 11, 10.5], "rotation": 180, "texture": "#0"},
				"down": {"uv": [11.75, 9, 12.75, 10.5], "texture": "#0"}
			}
		},
		{
			"name": "Right Leg",
			"from": [7.9, -11, 6],
			"to": [11.9, 1, 10],
			"rotation": {"angle": -45, "axis": "x", "origin": [8, 1, 8]},
			"faces": {
				"north": {"uv": [1, 5, 2, 8], "texture": "#0"},
				"east": {"uv": [0, 5, 1, 8], "texture": "#0"},
				"south": {"uv": [3, 5, 4, 8], "texture": "#0"},
				"west": {"uv": [2, 5, 3, 8], "texture": "#0"},
				"up": {"uv": [2, 5, 1, 4], "texture": "#0"},
				"down": {"uv": [3, 4, 2, 5], "texture": "#0"}
			}
		},
		{
			"name": "Left Leg",
			"from": [4.05479, -5.11793, 5.9],
			"to": [8.05479, 0.88207, 9.9],
			"rotation": {"angle": 45, "axis": "x", "origin": [5.15198, 0.75717, 8]},
			"faces": {
				"north": {"uv": [5, 13, 6, 14.5], "texture": "#0"},
				"east": {"uv": [4, 13, 5, 14.5], "texture": "#0"},
				"south": {"uv": [7, 13, 8, 14.5], "texture": "#0"},
				"west": {"uv": [6, 13, 7, 14.5], "texture": "#0"},
				"up": {"uv": [6, 13, 5, 12], "rotation": 270, "texture": "#0"},
				"down": {"uv": [7, 12, 6, 13], "rotation": 90, "texture": "#0"}
			}
		},
		{
			"name": "Left Leg",
			"from": [4.05479, -7.91223, 2.36075],
			"to": [8.05479, -1.91223, 6.36075],
			"rotation": {"angle": 0, "axis": "y", "origin": [5.95479, 0.3224, 8.20851]},
			"faces": {
				"north": {"uv": [5, 14.5, 6, 16], "texture": "#0"},
				"east": {"uv": [4, 14.5, 5, 16], "texture": "#0"},
				"south": {"uv": [7, 14.5, 8, 16], "texture": "#0"},
				"west": {"uv": [6, 14.5, 7, 16], "texture": "#0"},
				"up": {"uv": [6, 13, 5, 12], "texture": "#0"},
				"down": {"uv": [7, 12, 6, 13], "texture": "#0"}
			}
		},
		{
			"name": "Right Arm",
			"from": [-1.53073, 8.66421, -4.54171],
			"to": [2.46927, 11.66421, 1.45829],
			"rotation": {"angle": -45, "axis": "y", "origin": [2, 5.91421, 5.15381]},
			"faces": {
				"north": {"uv": [11.75, 5, 12.5, 4], "rotation": 270, "texture": "#0"},
				"east": {"uv": [11.75, 8, 11, 6.75], "rotation": 90, "texture": "#0"},
				"south": {"uv": [11, 4, 11.75, 5], "rotation": 270, "texture": "#0"},
				"west": {"uv": [13.5, 8, 12.75, 6.75], "rotation": 270, "texture": "#0"},
				"up": {"uv": [12.75, 8, 11.75, 6.75], "texture": "#0"},
				"down": {"uv": [11, 8, 10, 6.5], "rotation": 180, "texture": "#0"}
			}
		},
		{
			"name": "Right Arm Layer",
			"from": [-1.78073, 8.41421, -4.79171],
			"to": [2.71927, 11.91421, 1.70829],
			"rotation": {"angle": -45, "axis": "y", "origin": [2, 5.91421, 5.15381]},
			"faces": {
				"north": {"uv": [11.75, 9, 12.5, 8], "rotation": 270, "texture": "#0"},
				"east": {"uv": [11.75, 12, 11, 10.5], "rotation": 90, "texture": "#0"},
				"south": {"uv": [11, 8, 11.75, 9], "rotation": 270, "texture": "#0"},
				"west": {"uv": [13.5, 12, 12.75, 10.5], "rotation": 270, "texture": "#0"},
				"up": {"uv": [12.75, 12, 11.75, 10.5], "texture": "#0"},
				"down": {"uv": [11, 12, 10, 10.5], "rotation": 180, "texture": "#0"}
			}
		},
		{
			"name": "Right Arm",
			"from": [0, 8.75, 1],
			"to": [4, 11.75, 7],
			"rotation": {"angle": -22.5, "axis": "y", "origin": [2, 5.91421, 5.15381]},
			"faces": {
				"north": {"uv": [11.75, 5, 12.5, 4], "rotation": 270, "texture": "#0"},
				"east": {"uv": [11.75, 6.5, 11, 5], "rotation": 90, "texture": "#0"},
				"south": {"uv": [11, 4, 11.75, 5], "rotation": 270, "texture": "#0"},
				"west": {"uv": [13.5, 6.5, 12.75, 5], "rotation": 270, "texture": "#0"},
				"up": {"uv": [12.75, 6.5, 11.75, 5], "texture": "#0"},
				"down": {"uv": [11, 6.5, 10, 5], "rotation": 180, "texture": "#0"}
			}
		},
		{
			"name": "Right Arm Layer",
			"from": [-0.25, 8.5, 0.75],
			"to": [4.25, 12, 7.25],
			"rotation": {"angle": -22.5, "axis": "y", "origin": [2, 5.91421, 5.15381]},
			"faces": {
				"north": {"uv": [11.75, 9, 12.5, 8], "rotation": 270, "texture": "#0"},
				"east": {"uv": [11.75, 10.5, 11, 9], "rotation": 90, "texture": "#0"},
				"south": {"uv": [11, 8, 11.75, 9], "rotation": 270, "texture": "#0"},
				"west": {"uv": [13.5, 10.5, 12.75, 9], "rotation": 270, "texture": "#0"},
				"up": {"uv": [12.75, 10.5, 11.75, 9], "texture": "#0"},
				"down": {"uv": [11, 10.5, 10, 9], "rotation": 180, "texture": "#0"}
			}
		}
	],
	"display": {
		"head": {
			"translation": [-0.25, -19.5, 0],
			"scale": [1.6, 1.6, 1.6]
		}
	},
	"groups": [
		{
			"name": "Head",
			"origin": [0, 24, 0],
			"color": 0,
			"children": [0, 1]
		},
		{
			"name": "Body",
			"origin": [0, 24, 0],
			"color": 0,
			"children": [2, 3]
		},
		{
			"name": "RightArm",
			"origin": [5, 22, 0],
			"color": 0,
			"children": [
				4,
				5,
				{
					"name": "RightArm",
					"origin": [5, 22, 0],
					"color": 0,
					"children": [6, 7]
				}
			]
		},
		{
			"name": "RightLeg",
			"origin": [1.9, 12, 0],
			"color": 0,
			"children": [8]
		},
		{
			"name": "LeftLeg",
			"origin": [-1.9, 12, 0],
			"color": 0,
			"children": [9]
		},
		{
			"name": "LeftLeg",
			"origin": [-1.9, 12, 0],
			"color": 0,
			"children": [10]
		},
		{
			"name": "RightArm",
			"origin": [5, 22, 0],
			"color": 0,
			"children": [
				11,
				12,
				{
					"name": "RightArm",
					"origin": [5, 22, 0],
					"color": 0,
					"children": [13, 14]
				}
			]
		}
	]
}