{
	"credit": "Made with Blockbench",
	"texture_size": [64, 64],
	"textures": {
		"0": "nw:stand/skins/magicians_red",
		"1": "nw:stand/base/magicians_red",
		"particle": "nw:stand/base/magicians_red"
	},
	"elements": [
		{
			"name": "Head",
			"from": [4.25, 22, 1],
			"to": [11.75, 29, 8.5],
			"rotation": {"angle": 0, "axis": "y", "origin": [8, 18, 5]},
			"faces": {
				"north": {"uv": [2, 2, 4, 4], "texture": "#0"},
				"east": {"uv": [6, 2, 8, 4], "texture": "#0"},
				"south": {"uv": [4, 2, 6, 4], "texture": "#0"},
				"west": {"uv": [4, 2, 6, 4], "texture": "#0"},
				"up": {"uv": [4, 2, 2, 0], "rotation": 270, "texture": "#0"},
				"down": {"uv": [6, 0, 4, 2], "rotation": 90, "texture": "#0"}
			}
		},
		{
			"name": "Face_layer",
			"from": [4.125, 21.75, 0.9],
			"to": [11.875, 29.5, 8.9],
			"rotation": {"angle": 0, "axis": "y", "origin": [8, 18, 5]},
			"faces": {
				"north": {"uv": [14, 0, 16, 2], "texture": "#0"},
				"east": {"uv": [8, 2, 10, 4], "texture": "#0"},
				"south": {"uv": [14, 2, 16, 4], "texture": "#0"},
				"west": {"uv": [12, 2, 14, 4], "texture": "#0"},
				"up": {"uv": [12, 2, 10, 0], "texture": "#0"},
				"down": {"uv": [14, 0, 12, 2], "texture": "#0"}
			}
		},
		{
			"name": "Beak",
			"from": [6.5, 24.49853, 1.46365],
			"to": [9.5, 25.74853, 4.46365],
			"rotation": {"angle": -22.5, "axis": "x", "origin": [8, 17.5, 5]},
			"faces": {
				"north": {"uv": [16, 5, 14, 7], "rotation": 180, "texture": "#1"},
				"east": {"uv": [14, 5, 14.25, 7], "rotation": 270, "texture": "#1"},
				"south": {"uv": [12, 2, 10, 0], "texture": "#1"},
				"west": {"uv": [15.75, 5, 16, 7], "rotation": 90, "texture": "#1"},
				"up": {"uv": [14, 5.25, 16, 7], "rotation": 180, "texture": "#1"},
				"down": {"uv": [14, 5, 16, 7], "texture": "#1"}
			}
		},
		{
			"name": "Beak",
			"from": [7.25, 25.40076, 3.90076],
			"to": [8.75, 26.40076, 5.15076],
			"rotation": {"angle": -45, "axis": "x", "origin": [8, 17.5, 5]},
			"faces": {
				"north": {"uv": [15.5, 6.5, 14.5, 7], "rotation": 180, "texture": "#1"},
				"east": {"uv": [14, 5, 14.25, 7], "rotation": 270, "texture": "#1"},
				"south": {"uv": [12, 2, 10, 0], "texture": "#1"},
				"west": {"uv": [15.75, 5, 16, 7], "rotation": 90, "texture": "#1"},
				"up": {"uv": [14.5, 6.75, 15.5, 7], "rotation": 180, "texture": "#1"},
				"down": {"uv": [14, 5, 16, 7], "texture": "#1"}
			}
		},
		{
			"name": "Beak",
			"from": [6.5, 23.95076, 4.65076],
			"to": [9.4, 24.45076, 7.65076],
			"rotation": {"angle": -45, "axis": "x", "origin": [8, 17.5, 5]},
			"faces": {
				"north": {"uv": [16, 6.75, 14, 7], "rotation": 180, "texture": "#1"},
				"east": {"uv": [15.75, 5, 16, 7], "rotation": 270, "texture": "#1"},
				"south": {"uv": [12, 2, 10, 0], "texture": "#1"},
				"west": {"uv": [14, 5, 14.25, 7], "rotation": 90, "texture": "#1"},
				"up": {"uv": [14, 5, 16, 7], "rotation": 180, "texture": "#1"},
				"down": {"uv": [14, 5, 16, 7], "texture": "#1"}
			}
		},
		{
			"name": "Body",
			"from": [4, 10, 3],
			"to": [12, 22, 7],
			"rotation": {"angle": 0, "axis": "x", "origin": [8, -1, 0]},
			"faces": {
				"north": {"uv": [5, 5, 7, 8], "texture": "#0"},
				"east": {"uv": [4, 5, 5, 8], "texture": "#0"},
				"south": {"uv": [8, 5, 10, 8], "texture": "#0"},
				"west": {"uv": [7, 5, 8, 8], "texture": "#0"},
				"up": {"uv": [7, 5, 5, 4], "texture": "#0"},
				"down": {"uv": [9, 4, 7, 5], "texture": "#0"}
			}
		},
		{
			"name": "Body Layer",
			"from": [3.75, 9.75, 2.75],
			"to": [12.25, 22.25, 7.25],
			"rotation": {"angle": 0, "axis": "x", "origin": [8, -1, 0]},
			"faces": {
				"north": {"uv": [5, 9, 7, 12], "texture": "#0"},
				"east": {"uv": [4, 9, 5, 12], "texture": "#0"},
				"south": {"uv": [8, 9, 10, 12], "texture": "#0"},
				"west": {"uv": [7, 9, 8, 12], "texture": "#0"},
				"up": {"uv": [7, 9, 5, 8], "texture": "#0"},
				"down": {"uv": [9, 8, 7, 9], "texture": "#0"}
			}
		},
		{
			"name": "Left Arm",
			"from": [-1.07193, 10.61104, 3],
			"to": [2.92807, 16.61104, 7],
			"rotation": {"angle": -22.5, "axis": "z", "origin": [-1.07193, 17.61104, 0]},
			"faces": {
				"north": {"uv": [11, 14.25, 11.5, 16], "texture": "#0"},
				"east": {"uv": [10, 14.25, 11, 16], "texture": "#0"},
				"south": {"uv": [9, 14.25, 10, 16], "texture": "#0"},
				"west": {"uv": [8, 14.25, 9, 16], "texture": "#0"},
				"up": {"uv": [10, 13, 9, 12], "rotation": 180, "texture": "#0"},
				"down": {"uv": [11, 12, 10, 13], "rotation": 180, "texture": "#0"}
			}
		},
		{
			"name": "Left Arm",
			"from": [-0.25, 16, 3],
			"to": [4, 22.5, 7.25],
			"rotation": {"angle": -22.5, "axis": "z", "origin": [1, 20, 0]},
			"faces": {
				"north": {"uv": [9, 13, 10, 14.5], "texture": "#0"},
				"east": {"uv": [8, 13, 9, 14.5], "texture": "#0"},
				"south": {"uv": [11, 13, 11.5, 14.5], "texture": "#0"},
				"west": {"uv": [10, 13, 11, 14.5], "texture": "#0"},
				"up": {"uv": [10, 13, 9, 12], "texture": "#0"},
				"down": {"uv": [11, 12, 10, 13], "texture": "#0"}
			}
		},
		{
			"name": "Left Arm Layer",
			"from": [-1.32193, 11.36104, 2.75],
			"to": [3.17807, 17.86104, 7.25],
			"rotation": {"angle": -22.5, "axis": "z", "origin": [-1.07193, 17.61104, 0]},
			"faces": {
				"north": {"uv": [13, 13, 14, 16], "texture": "#0"},
				"east": {"uv": [12, 13, 13, 16], "texture": "#0"},
				"south": {"uv": [15, 13, 16, 16], "texture": "#0"},
				"west": {"uv": [14, 13, 15, 16], "texture": "#0"},
				"up": {"uv": [14, 13, 13, 12], "texture": "#0"},
				"down": {"uv": [15, 12, 14, 13], "texture": "#0"}
			}
		},
		{
			"name": "Right Leg",
			"from": [7.9, -1, 3],
			"to": [11.9, 11, 7],
			"rotation": {"angle": 0, "axis": "y", "origin": [8, -1, 0]},
			"faces": {
				"north": {"uv": [1, 5, 2, 8], "texture": "#0"},
				"east": {"uv": [0, 5, 1, 8], "texture": "#0"},
				"south": {"uv": [3, 5, 4, 8], "texture": "#0"},
				"west": {"uv": [2, 5, 3, 8], "texture": "#0"},
				"up": {"uv": [2, 5, 1, 4], "texture": "#0"},
				"down": {"uv": [3, 4, 2, 5], "texture": "#0"}
			}
		},
		{
			"name": "bracers",
			"from": [8, -1.5, 2.9],
			"to": [12, 10.75, 7.15],
			"rotation": {"angle": 0, "axis": "y", "origin": [8, -1, 0]},
			"faces": {
				"north": {"uv": [1, 9, 2, 12], "texture": "#0"},
				"east": {"uv": [0, 9, 1, 12], "texture": "#0"},
				"south": {"uv": [3, 9, 3.75, 12], "texture": "#0"},
				"west": {"uv": [2, 9, 3, 12], "texture": "#0"},
				"up": {"uv": [15.5, 6.75, 14.5, 5.75], "texture": "#0"},
				"down": {"uv": [3, 15, 2, 15.25], "texture": "#0"}
			}
		},
		{
			"name": "bracers",
			"from": [5, 5.85, -7.5],
			"to": [9, 10.1, 4.75],
			"rotation": {"angle": -45, "axis": "z", "origin": [8, 10, 3]},
			"faces": {
				"north": {"uv": [2, 15, 3, 15.25], "rotation": 180, "texture": "#0"},
				"east": {"uv": [3, 13, 2, 16], "rotation": 270, "texture": "#0"},
				"south": {"uv": [14.5, 6.75, 15.5, 5.75], "texture": "#0"},
				"west": {"uv": [1, 13, 0, 16], "rotation": 90, "texture": "#0"},
				"up": {"uv": [2, 13, 1, 16], "rotation": 180, "texture": "#0"},
				"down": {"uv": [3.75, 13, 3, 16], "texture": "#0"}
			}
		},
		{
			"name": "Left Leg",
			"from": [5.1, 6, -7],
			"to": [9.1, 10, 5],
			"rotation": {"angle": -45, "axis": "z", "origin": [8, 10, 3]},
			"faces": {
				"north": {"uv": [7, 12, 6, 13], "rotation": 180, "texture": "#0"},
				"east": {"uv": [4, 13, 5, 16], "rotation": 270, "texture": "#0"},
				"south": {"uv": [6, 13, 5, 12], "texture": "#0"},
				"west": {"uv": [6, 13, 7, 16], "rotation": 90, "texture": "#0"},
				"up": {"uv": [5, 13, 6, 16], "rotation": 180, "texture": "#0"},
				"down": {"uv": [7, 13, 8, 16], "texture": "#0"}
			}
		},
		{
			"name": "Left Arm",
			"from": [13.32193, 13.86104, 3],
			"to": [17.32193, 19.86104, 7],
			"rotation": {"angle": 22.5, "axis": "z", "origin": [25.07193, 17.61104, 0]},
			"faces": {
				"north": {"uv": [11.5, 14.25, 11, 16], "texture": "#0"},
				"east": {"uv": [9, 14.25, 8, 16], "texture": "#0"},
				"south": {"uv": [10, 14.25, 9, 16], "texture": "#0"},
				"west": {"uv": [11, 14.25, 10, 16], "texture": "#0"},
				"up": {"uv": [9, 13, 10, 12], "rotation": 180, "texture": "#0"},
				"down": {"uv": [10, 12, 11, 13], "rotation": 180, "texture": "#0"}
			}
		},
		{
			"name": "Left Arm",
			"from": [12.25, 19.25, 3],
			"to": [16.5, 25.75, 7.25],
			"rotation": {"angle": 22.5, "axis": "z", "origin": [23, 20, 0]},
			"faces": {
				"north": {"uv": [10, 13, 9, 14.5], "texture": "#0"},
				"east": {"uv": [11, 13, 10, 14.5], "texture": "#0"},
				"south": {"uv": [11.5, 13, 11, 14.5], "texture": "#0"},
				"west": {"uv": [9, 13, 8, 14.5], "texture": "#0"},
				"up": {"uv": [9, 13, 10, 12], "texture": "#0"},
				"down": {"uv": [10, 12, 11, 13], "texture": "#0"}
			}
		},
		{
			"name": "Left Arm Layer",
			"from": [13.07193, 14.61104, 2.75],
			"to": [17.57193, 21.11104, 7.25],
			"rotation": {"angle": 22.5, "axis": "z", "origin": [25.07193, 17.61104, 0]},
			"faces": {
				"north": {"uv": [14, 13, 13, 16], "texture": "#0"},
				"east": {"uv": [15, 13, 14, 16], "texture": "#0"},
				"south": {"uv": [16, 13, 15, 16], "texture": "#0"},
				"west": {"uv": [13, 13, 12, 16], "texture": "#0"},
				"up": {"uv": [13, 13, 14, 12], "texture": "#0"},
				"down": {"uv": [14, 12, 15, 13], "texture": "#0"}
			}
		}
	],
	"display": {
		"thirdperson_righthand": {
			"rotation": [45.5, 0, 0],
			"translation": [-2, -13.5, 17.75]
		},
		"head": {
			"translation": [6.25, -30.5, 12.75],
			"scale": [1.6, 1.6, 1.6]
		}
	},
	"groups": [
		{
			"name": "Head",
			"origin": [0, 24, 0],
			"color": 0,
			"children": [0, 1, 2, 3, 4]
		},
		{
			"name": "Body",
			"origin": [0, 24, 0],
			"color": 0,
			"children": [5, 6]
		},
		{
			"name": "LeftArm",
			"origin": [-5, 22, 0],
			"color": 0,
			"children": [7, 8, 9]
		},
		{
			"name": "RightLeg",
			"origin": [1.9, 12, 0],
			"color": 0,
			"children": [10, 11]
		},
		{
			"name": "LeftLeg",
			"origin": [-1.9, 12, 0],
			"color": 0,
			"children": [12, 13]
		},
		{
			"name": "LeftArm",
			"origin": [-5, 22, 0],
			"color": 0,
			"children": [14, 15, 16]
		}
	]
}