{
	"credit": "Made with Blockbench",
	"texture_size": [256, 256],
	"textures": {
		"0": "nw:stand/skins/other/oiltanker"
	},
	"elements": [
		{
			"name": "wheel",
			"from": [-15, 10.5, 4.7],
			"to": [19, 16.5, 19.3],
			"rotation": {"angle": -22.5, "axis": "x", "origin": [3, 13.5, 12]},
			"faces": {
				"north": {"uv": [4.5, 4.5, 5.875, 4.875], "texture": "#0"},
				"east": {"uv": [3.625, 4.5, 4.5, 4.875], "texture": "#0"},
				"south": {"uv": [0.23704, 0.47407, 6.63704, 2.13333], "texture": "#0"},
				"west": {"uv": [5.875, 4.5, 6.75, 4.875], "texture": "#0"},
				"up": {"uv": [6.75, 7.4375, 5.375, 6.5625], "texture": "#0"},
				"down": {"uv": [7.25, 3.625, 5.875, 4.5], "texture": "#0"}
			}
		},
		{
			"name": "wheel",
			"from": [-15, 10.5, 4.7],
			"to": [19, 16.5, 19.3],
			"rotation": {"angle": 22.5, "axis": "x", "origin": [3, 13.5, 12]},
			"faces": {
				"north": {"uv": [9.00741, 0.47407, 15.52593, 2.13333], "texture": "#0"},
				"east": {"uv": [0, 3.875, 0.875, 4.25], "texture": "#0"},
				"south": {"uv": [3.125, 3.875, 4.5, 4.25], "texture": "#0"},
				"west": {"uv": [2.25, 3.875, 3.125, 4.25], "texture": "#0"},
				"up": {"uv": [2.25, 3.875, 0.875, 3], "texture": "#0"},
				"down": {"uv": [3.625, 3, 2.25, 3.875], "texture": "#0"}
			}
		},
		{
			"name": "wheel",
			"from": [-15, 6.2, 9],
			"to": [19, 20.8, 15],
			"rotation": {"angle": -22.5, "axis": "x", "origin": [3, 13.5, 12]},
			"faces": {
				"north": {"uv": [3.875, 6.75, 5.25, 7.625], "texture": "#0"},
				"east": {"uv": [4.14815, 3.2, 4.85926, 3.2], "texture": "#0"},
				"south": {"uv": [5.625, 6.75, 7, 7.625], "texture": "#0"},
				"west": {"uv": [4.85926, 3.67407, 5.23426, 4.54907], "texture": "#0"},
				"up": {"uv": [5.40463, 4.52315, 4.02963, 4.14815], "texture": "#0"},
				"down": {"uv": [6.625, 6.375, 5.25, 6.75], "texture": "#0"}
			}
		},
		{
			"name": "wheel",
			"from": [-15, 6.2, 9],
			"to": [19, 20.8, 15],
			"rotation": {"angle": 22.5, "axis": "x", "origin": [3, 13.5, 12]},
			"faces": {
				"north": {"uv": [0.375, 6.125, 1.75, 7], "texture": "#0"},
				"east": {"uv": [1.3037, 3.08148, 1.6787, 3.95648], "texture": "#0"},
				"south": {"uv": [2.125, 6.125, 3.5, 7], "texture": "#0"},
				"west": {"uv": [3.08148, 2.84444, 3.45648, 3.71944], "texture": "#0"},
				"up": {"uv": [1.375, 4.16759, 0, 3.79259], "texture": "#0"},
				"down": {"uv": [3.125, 5.75, 1.75, 6.125], "texture": "#0"}
			}
		},
		{
			"from": [-16, 4, 5],
			"to": [17.75, 8, 19],
			"faces": {
				"north": {"uv": [0, 5.80741, 3.43704, 6.4], "texture": "#0"},
				"east": {"uv": [0, 5.80741, 3.43704, 6.4], "texture": "#0"},
				"south": {"uv": [0, 5.80741, 3.43704, 6.4], "texture": "#0"},
				"west": {"uv": [0, 5.80741, 1.54074, 6.4], "texture": "#0"},
				"up": {"uv": [0, 5.80741, 3.43704, 6.4], "texture": "#0"},
				"down": {"uv": [0, 5.80741, 3.2, 8.05926], "texture": "#0"}
			}
		},
		{
			"from": [18, 5, 6],
			"to": [29.75, 8, 18],
			"faces": {
				"north": {"uv": [1.8963, 5.80741, 2.48889, 7.34815], "texture": "#0"},
				"east": {"uv": [1.8963, 5.80741, 2.48889, 7.34815], "texture": "#0"},
				"south": {"uv": [1.8963, 5.80741, 2.48889, 7.34815], "texture": "#0"},
				"west": {"uv": [1.8963, 5.80741, 2.48889, 7.34815], "texture": "#0"},
				"up": {"uv": [1.8963, 5.80741, 2.48889, 7.34815], "texture": "#0"},
				"down": {"uv": [1.8963, 5.80741, 2.48889, 7.34815], "texture": "#0"}
			}
		},
		{
			"from": [18, 4, 6.75],
			"to": [23.75, 8, 17],
			"faces": {
				"north": {"uv": [0.47407, 5.80741, 1.65926, 6.75556], "texture": "#0"},
				"east": {"uv": [0.47407, 5.80741, 1.65926, 6.75556], "texture": "#0"},
				"south": {"uv": [0.47407, 5.80741, 1.65926, 6.75556], "texture": "#0"},
				"west": {"uv": [0.47407, 5.80741, 1.65926, 6.75556], "texture": "#0"},
				"up": {"uv": [0.47407, 5.80741, 1.65926, 6.75556], "texture": "#0"},
				"down": {"uv": [0.47407, 5.80741, 1.65926, 6.75556], "texture": "#0"}
			}
		},
		{
			"from": [17, 5, 6.75],
			"to": [22.75, 9, 17],
			"faces": {
				"north": {"uv": [6.63704, 10.78519, 7.34815, 11.4963], "texture": "#0"},
				"east": {"uv": [6.63704, 10.78519, 7.34815, 11.4963], "texture": "#0"},
				"south": {"uv": [6.63704, 10.78519, 7.34815, 11.4963], "texture": "#0"},
				"west": {"uv": [6.63704, 10.78519, 7.34815, 11.4963], "texture": "#0"},
				"up": {"uv": [6.63704, 10.78519, 7.34815, 11.4963], "texture": "#0"},
				"down": {"uv": [6.63704, 10.78519, 7.34815, 11.4963], "texture": "#0"}
			}
		},
		{
			"from": [8.5, 7, 4.75],
			"to": [12.75, 11, 19.25],
			"faces": {
				"north": {"uv": [1.06667, 6.04444, 1.77778, 7.22963], "texture": "#0"},
				"east": {"uv": [1.06667, 6.04444, 1.77778, 7.22963], "texture": "#0"},
				"south": {"uv": [1.06667, 6.04444, 1.77778, 7.22963], "texture": "#0"},
				"west": {"uv": [1.06667, 6.04444, 1.77778, 7.22963], "texture": "#0"},
				"up": {"uv": [1.06667, 6.04444, 1.77778, 7.22963], "texture": "#0"},
				"down": {"uv": [1.06667, 6.04444, 1.77778, 7.22963], "texture": "#0"}
			}
		},
		{
			"from": [-9.5, 7, 4.75],
			"to": [-5.25, 11, 19.25],
			"faces": {
				"north": {"uv": [2.25185, 6.28148, 2.60741, 6.63704], "texture": "#0"},
				"east": {"uv": [2.25185, 6.28148, 2.60741, 6.63704], "texture": "#0"},
				"south": {"uv": [2.25185, 6.28148, 2.60741, 6.63704], "texture": "#0"},
				"west": {"uv": [2.25185, 6.28148, 2.60741, 6.63704], "texture": "#0"},
				"up": {"uv": [2.25185, 6.28148, 2.60741, 6.63704], "texture": "#0"},
				"down": {"uv": [2.25185, 6.28148, 2.60741, 6.63704], "texture": "#0"}
			}
		},
		{
			"from": [18.75, 8, 5],
			"to": [26.75, 19, 19],
			"faces": {
				"north": {"uv": [5.21481, 9.6, 8.2963, 14.6963], "texture": "#0"},
				"east": {"uv": [2.48889, 9.6, 7.11111, 14.6963], "texture": "#0"},
				"south": {"uv": [0, 9.6, 4.97778, 14.6963], "texture": "#0"},
				"west": {"uv": [1.8963, 6.28148, 2.7713, 6.96898], "texture": "#0"},
				"up": {"uv": [6.16296, 12.32593, 11.4963, 16], "rotation": 90, "texture": "#0"},
				"down": {"uv": [0, 0, 0.5, 0.875], "texture": "#missing"}
			}
		},
		{
			"from": [24.75, 12, 3],
			"to": [25.75, 15, 5],
			"faces": {
				"north": {"uv": [0, 0, 0.125, 0.1875], "texture": "#0"},
				"east": {"uv": [0, 0, 0.125, 0.1875], "texture": "#0"},
				"south": {"uv": [0, 0, 0.125, 0.1875], "texture": "#0"},
				"west": {"uv": [4.85926, 11.14074, 4.97778, 11.73333], "texture": "#0"},
				"up": {"uv": [0, 0, 0.125, 0.1875], "texture": "#0"},
				"down": {"uv": [0, 0, 0.125, 0.1875], "texture": "#0"}
			}
		},
		{
			"from": [24.75, 12, 19],
			"to": [25.75, 15, 21],
			"faces": {
				"north": {"uv": [0, 0, 0.125, 0.1875], "texture": "#0"},
				"east": {"uv": [0, 0, 0.125, 0.1875], "texture": "#0"},
				"south": {"uv": [0, 0, 0.125, 0.1875], "texture": "#0"},
				"west": {"uv": [6.63704, 10.54815, 6.75556, 11.25926], "texture": "#0"},
				"up": {"uv": [0, 0, 0.125, 0.1875], "texture": "#0"},
				"down": {"uv": [0, 0, 0.125, 0.1875], "texture": "#0"}
			}
		},
		{
			"from": [-15.25, 19.75, 11],
			"to": [18.75, 21.75, 13],
			"faces": {
				"north": {"uv": [0, 0, 2.125, 0.125], "texture": "#0"},
				"east": {"uv": [0, 0, 2.125, 0.125], "texture": "#0"},
				"south": {"uv": [0, 0, 2.125, 0.125], "texture": "#0"},
				"west": {"uv": [0, 0, 2.125, 0.125], "texture": "#0"},
				"up": {"uv": [0, 0, 2.125, 0.125], "texture": "#0"},
				"down": {"uv": [0, 0, 2.125, 0.125], "texture": "#0"}
			}
		},
		{
			"from": [18.75, 9, 19],
			"to": [20.75, 22, 21],
			"faces": {
				"north": {"uv": [0, 0, 0.125, 0.8125], "texture": "#0"},
				"east": {"uv": [0, 0, 0.125, 0.8125], "texture": "#0"},
				"south": {"uv": [0, 0, 0.125, 0.8125], "texture": "#0"},
				"west": {"uv": [0, 0, 0.125, 0.8125], "texture": "#0"},
				"up": {"uv": [0, 0, 0.125, 0.8125], "texture": "#0"},
				"down": {"uv": [0, 0, 0.125, 0.8125], "texture": "#0"}
			}
		},
		{
			"from": [18.75, 22, 20],
			"to": [19.75, 25, 21],
			"faces": {
				"north": {"uv": [0, 0, 0.0625, 0.1875], "texture": "#0"},
				"east": {"uv": [0, 0, 0.0625, 0.1875], "texture": "#0"},
				"south": {"uv": [0, 0, 0.0625, 0.1875], "texture": "#0"},
				"west": {"uv": [0, 0, 0.0625, 0.1875], "texture": "#0"},
				"up": {"uv": [0, 0, 0.0625, 0.1875], "texture": "#0"},
				"down": {"uv": [0, 0, 0.0625, 0.1875], "texture": "#0"}
			}
		},
		{
			"from": [18.75, 13.5, 14],
			"to": [20.75, 16.5, 16],
			"rotation": {"angle": 22.5, "axis": "x", "origin": [0, 0, 0]},
			"faces": {
				"north": {"uv": [0, 0, 0.125, 0.1875], "texture": "#0"},
				"east": {"uv": [0, 0, 0.125, 0.1875], "texture": "#0"},
				"south": {"uv": [0, 0, 0.125, 0.1875], "texture": "#0"},
				"west": {"uv": [0, 0, 0.125, 0.1875], "texture": "#0"},
				"up": {"uv": [0, 0, 0.125, 0.1875], "texture": "#0"},
				"down": {"uv": [0, 0, 0.125, 0.1875], "texture": "#0"}
			}
		},
		{
			"from": [26.75, 8, 7],
			"to": [32, 14, 17],
			"faces": {
				"north": {"uv": [0, 11.14074, 2.25185, 14.34074], "texture": "#0"},
				"east": {"uv": [12.20741, 10.54815, 15.28889, 13.86667], "texture": "#0"},
				"south": {"uv": [0, 11.14074, 2.25185, 14.34074], "texture": "#0"},
				"west": {"uv": [0, 11.14074, 2.25185, 14.34074], "texture": "#0"},
				"up": {"uv": [0, 11.14074, 2.25185, 14.34074], "rotation": 90, "texture": "#0"},
				"down": {"uv": [0, 11.14074, 2.25185, 14.34074], "texture": "#0"}
			}
		},
		{
			"from": [17.75, 6, 4.75],
			"to": [31.75, 11, 19.25],
			"faces": {
				"north": {"uv": [1.77778, 13.51111, 8.2963, 15.76296], "texture": "#0"},
				"east": {"uv": [1.77778, 13.51111, 8.2963, 15.76296], "texture": "#0"},
				"south": {"uv": [1.77778, 13.51111, 8.2963, 15.76296], "texture": "#0"},
				"west": {"uv": [1.77778, 13.51111, 8.2963, 15.76296], "texture": "#0"},
				"up": {"uv": [1.77778, 13.51111, 8.2963, 15.76296], "texture": "#0"},
				"down": {"uv": [1.77778, 13.51111, 8.2963, 15.76296], "texture": "#0"}
			}
		},
		{
			"from": [-15.25, 8, 5],
			"to": [-14.25, 13, 19],
			"faces": {
				"north": {"uv": [2.25185, 5.92593, 2.72593, 6.63704], "texture": "#0"},
				"east": {"uv": [2.25185, 5.92593, 2.72593, 6.63704], "texture": "#0"},
				"south": {"uv": [2.25185, 5.92593, 2.72593, 6.63704], "texture": "#0"},
				"west": {"uv": [2.25185, 5.92593, 2.72593, 6.63704], "texture": "#0"},
				"up": {"uv": [2.25185, 5.92593, 2.72593, 6.63704], "texture": "#0"},
				"down": {"uv": [2.25185, 5.92593, 2.72593, 6.63704], "texture": "#0"}
			}
		},
		{
			"from": [-9.75, 0.5, 19],
			"to": [-7.75, 5.5, 21],
			"rotation": {"angle": 22.5, "axis": "z", "origin": [-14, -1, -1]},
			"faces": {
				"north": {"uv": [15.76296, 6.63704, 15.88148, 8.17778], "texture": "#0"},
				"east": {"uv": [15.76296, 6.63704, 15.88148, 8.17778], "texture": "#0"},
				"south": {"uv": [15.76296, 6.63704, 15.88148, 8.17778], "texture": "#0"},
				"west": {"uv": [15.76296, 6.63704, 15.88148, 8.17778], "texture": "#0"},
				"up": {"uv": [15.76296, 6.63704, 15.88148, 8.17778], "texture": "#0"},
				"down": {"uv": [15.76296, 6.63704, 15.88148, 8.17778], "texture": "#0"}
			}
		},
		{
			"from": [-15.5, 4.5, 19],
			"to": [-10.5, 6.5, 21],
			"rotation": {"angle": -22.5, "axis": "z", "origin": [-14, -1, -1]},
			"faces": {
				"north": {"uv": [15.76296, 5.33333, 15.88148, 8.2963], "rotation": 270, "texture": "#0"},
				"east": {"uv": [15.76296, 5.33333, 15.88148, 8.2963], "rotation": 270, "texture": "#0"},
				"south": {"uv": [15.76296, 5.33333, 15.88148, 8.2963], "rotation": 270, "texture": "#0"},
				"west": {"uv": [15.76296, 5.33333, 15.88148, 8.2963], "rotation": 270, "texture": "#0"},
				"up": {"uv": [15.76296, 5.33333, 15.88148, 8.2963], "rotation": 270, "texture": "#0"},
				"down": {"uv": [15.76296, 5.33333, 15.88148, 8.2963], "rotation": 270, "texture": "#0"}
			}
		},
		{
			"from": [-14, 3, 19],
			"to": [-12, 8, 21],
			"rotation": {"angle": -22.5, "axis": "z", "origin": [-14, -1, -1]},
			"faces": {
				"north": {"uv": [15.76296, 5.57037, 15.88148, 8.17778], "texture": "#0"},
				"east": {"uv": [15.76296, 5.57037, 15.88148, 8.17778], "texture": "#0"},
				"south": {"uv": [15.76296, 5.57037, 15.88148, 8.17778], "texture": "#0"},
				"west": {"uv": [15.76296, 5.57037, 15.88148, 8.17778], "texture": "#0"},
				"up": {"uv": [15.76296, 5.57037, 15.88148, 8.17778], "texture": "#0"},
				"down": {"uv": [15.76296, 5.57037, 15.88148, 8.17778], "texture": "#0"}
			}
		},
		{
			"from": [-11.25, 2, 19],
			"to": [-6.25, 4, 21],
			"rotation": {"angle": 22.5, "axis": "z", "origin": [-14, -1, -1]},
			"faces": {
				"north": {"uv": [15.76296, 5.68889, 16, 8.17778], "rotation": 270, "texture": "#0"},
				"east": {"uv": [15.76296, 5.68889, 16, 8.17778], "rotation": 270, "texture": "#0"},
				"south": {"uv": [15.76296, 5.68889, 16, 8.17778], "rotation": 270, "texture": "#0"},
				"west": {"uv": [15.76296, 5.68889, 16, 8.17778], "rotation": 270, "texture": "#0"},
				"up": {"uv": [15.76296, 5.68889, 16, 8.17778], "rotation": 270, "texture": "#0"},
				"down": {"uv": [15.76296, 5.68889, 16, 8.17778], "rotation": 270, "texture": "#0"}
			}
		},
		{
			"from": [-3.75, 0.5, 19],
			"to": [-1.75, 5.5, 21],
			"rotation": {"angle": 22.5, "axis": "z", "origin": [-8, -1, -1]},
			"faces": {
				"north": {"uv": [15.76296, 6.04444, 15.88148, 7.82222], "texture": "#0"},
				"east": {"uv": [15.76296, 6.04444, 15.88148, 7.82222], "texture": "#0"},
				"south": {"uv": [15.76296, 6.04444, 15.88148, 7.82222], "texture": "#0"},
				"west": {"uv": [15.76296, 6.04444, 15.88148, 7.82222], "texture": "#0"},
				"up": {"uv": [15.76296, 6.04444, 15.88148, 7.82222], "texture": "#0"},
				"down": {"uv": [15.76296, 6.04444, 15.88148, 7.82222], "texture": "#0"}
			}
		},
		{
			"from": [-9.5, 4.5, 19],
			"to": [-4.5, 6.5, 21],
			"rotation": {"angle": -22.5, "axis": "z", "origin": [-8, -1, -1]},
			"faces": {
				"north": {"uv": [15.76296, 5.33333, 16, 8.17778], "rotation": 270, "texture": "#0"},
				"east": {"uv": [15.76296, 5.33333, 16, 8.17778], "rotation": 270, "texture": "#0"},
				"south": {"uv": [15.76296, 5.33333, 16, 8.17778], "rotation": 270, "texture": "#0"},
				"west": {"uv": [15.76296, 5.33333, 16, 8.17778], "rotation": 270, "texture": "#0"},
				"up": {"uv": [15.76296, 5.33333, 16, 8.17778], "rotation": 270, "texture": "#0"},
				"down": {"uv": [15.76296, 5.33333, 16, 8.17778], "rotation": 270, "texture": "#0"}
			}
		},
		{
			"from": [-8, 3, 19],
			"to": [-6, 8, 21],
			"rotation": {"angle": -22.5, "axis": "z", "origin": [-8, -1, -1]},
			"faces": {
				"north": {"uv": [15.76296, 5.0963, 15.88148, 8.17778], "texture": "#0"},
				"east": {"uv": [15.76296, 5.0963, 15.88148, 8.17778], "texture": "#0"},
				"south": {"uv": [15.76296, 5.0963, 15.88148, 8.17778], "texture": "#0"},
				"west": {"uv": [15.76296, 5.0963, 15.88148, 8.17778], "texture": "#0"},
				"up": {"uv": [15.76296, 5.0963, 15.88148, 8.17778], "texture": "#0"},
				"down": {"uv": [15.76296, 5.0963, 15.88148, 8.17778], "texture": "#0"}
			}
		},
		{
			"from": [-5.25, 2, 19],
			"to": [-0.25, 4, 21],
			"rotation": {"angle": 22.5, "axis": "z", "origin": [-8, -1, -1]},
			"faces": {
				"north": {"uv": [15.76296, 5.68889, 15.88148, 8.05926], "rotation": 270, "texture": "#0"},
				"east": {"uv": [15.76296, 5.68889, 15.88148, 8.05926], "rotation": 270, "texture": "#0"},
				"south": {"uv": [15.76296, 5.68889, 15.88148, 8.05926], "rotation": 270, "texture": "#0"},
				"west": {"uv": [15.76296, 5.68889, 15.88148, 8.05926], "rotation": 270, "texture": "#0"},
				"up": {"uv": [15.76296, 5.68889, 15.88148, 8.05926], "rotation": 270, "texture": "#0"},
				"down": {"uv": [15.76296, 5.68889, 15.88148, 8.05926], "rotation": 270, "texture": "#0"}
			}
		},
		{
			"from": [12.25, 0.5, 19],
			"to": [14.25, 5.5, 21],
			"rotation": {"angle": 22.5, "axis": "z", "origin": [8, -1, -1]},
			"faces": {
				"north": {"uv": [15.76296, 5.68889, 15.88148, 8.2963], "texture": "#0"},
				"east": {"uv": [15.76296, 5.68889, 15.88148, 8.2963], "texture": "#0"},
				"south": {"uv": [15.76296, 5.68889, 15.88148, 8.2963], "texture": "#0"},
				"west": {"uv": [15.76296, 5.68889, 15.88148, 8.2963], "texture": "#0"},
				"up": {"uv": [15.76296, 5.68889, 15.88148, 8.2963], "texture": "#0"},
				"down": {"uv": [15.76296, 5.68889, 15.88148, 8.2963], "texture": "#0"}
			}
		},
		{
			"from": [6.5, 4.5, 19],
			"to": [11.5, 6.5, 21],
			"rotation": {"angle": -22.5, "axis": "z", "origin": [8, -1, -1]},
			"faces": {
				"north": {"uv": [15.76296, 5.21481, 15.88148, 8.2963], "rotation": 270, "texture": "#0"},
				"east": {"uv": [15.76296, 5.21481, 15.88148, 8.2963], "rotation": 270, "texture": "#0"},
				"south": {"uv": [15.76296, 5.21481, 15.88148, 8.2963], "rotation": 270, "texture": "#0"},
				"west": {"uv": [15.76296, 5.21481, 15.88148, 8.2963], "rotation": 270, "texture": "#0"},
				"up": {"uv": [15.76296, 5.21481, 15.88148, 8.2963], "rotation": 270, "texture": "#0"},
				"down": {"uv": [15.76296, 5.21481, 15.88148, 8.2963], "rotation": 270, "texture": "#0"}
			}
		},
		{
			"from": [8, 3, 19],
			"to": [10, 8, 21],
			"rotation": {"angle": -22.5, "axis": "z", "origin": [8, -1, -1]},
			"faces": {
				"north": {"uv": [15.76296, 5.33333, 15.88148, 8.05926], "texture": "#0"},
				"east": {"uv": [15.76296, 5.33333, 15.88148, 8.05926], "texture": "#0"},
				"south": {"uv": [15.76296, 5.33333, 15.88148, 8.05926], "texture": "#0"},
				"west": {"uv": [15.76296, 5.33333, 15.88148, 8.05926], "texture": "#0"},
				"up": {"uv": [15.76296, 5.33333, 15.88148, 8.05926], "texture": "#0"},
				"down": {"uv": [15.76296, 5.33333, 15.88148, 8.05926], "texture": "#0"}
			}
		},
		{
			"from": [10.75, 2, 19],
			"to": [15.75, 4, 21],
			"rotation": {"angle": 22.5, "axis": "z", "origin": [8, -1, -1]},
			"faces": {
				"north": {"uv": [15.76296, 5.21481, 15.88148, 8.17778], "rotation": 270, "texture": "#0"},
				"east": {"uv": [15.76296, 5.21481, 15.88148, 8.17778], "rotation": 270, "texture": "#0"},
				"south": {"uv": [15.76296, 5.21481, 15.88148, 8.17778], "rotation": 270, "texture": "#0"},
				"west": {"uv": [15.76296, 5.21481, 15.88148, 8.17778], "rotation": 270, "texture": "#0"},
				"up": {"uv": [15.76296, 5.21481, 15.88148, 8.17778], "rotation": 270, "texture": "#0"},
				"down": {"uv": [15.76296, 5.21481, 15.88148, 8.17778], "rotation": 270, "texture": "#0"}
			}
		},
		{
			"from": [27.25, 0.5, 19],
			"to": [29.25, 5.5, 21],
			"rotation": {"angle": 22.5, "axis": "z", "origin": [23, -1, -1]},
			"faces": {
				"north": {"uv": [15.76296, 5.33333, 15.88148, 8.17778], "texture": "#0"},
				"east": {"uv": [15.76296, 5.33333, 15.88148, 8.17778], "texture": "#0"},
				"south": {"uv": [15.76296, 5.33333, 15.88148, 8.17778], "texture": "#0"},
				"west": {"uv": [15.76296, 5.33333, 15.88148, 8.17778], "texture": "#0"},
				"up": {"uv": [15.76296, 5.33333, 15.88148, 8.17778], "texture": "#0"},
				"down": {"uv": [15.76296, 5.33333, 15.88148, 8.17778], "texture": "#0"}
			}
		},
		{
			"from": [21.5, 4.5, 19],
			"to": [26.5, 6.5, 21],
			"rotation": {"angle": -22.5, "axis": "z", "origin": [23, -1, -1]},
			"faces": {
				"north": {"uv": [15.88148, 5.45185, 16, 8.17778], "rotation": 270, "texture": "#0"},
				"east": {"uv": [15.88148, 5.45185, 16, 8.17778], "rotation": 270, "texture": "#0"},
				"south": {"uv": [15.88148, 5.45185, 16, 8.17778], "rotation": 270, "texture": "#0"},
				"west": {"uv": [15.88148, 5.45185, 16, 8.17778], "rotation": 270, "texture": "#0"},
				"up": {"uv": [15.88148, 5.45185, 16, 8.17778], "rotation": 270, "texture": "#0"},
				"down": {"uv": [15.88148, 5.45185, 16, 8.17778], "rotation": 270, "texture": "#0"}
			}
		},
		{
			"from": [23, 3, 19],
			"to": [25, 8, 21],
			"rotation": {"angle": -22.5, "axis": "z", "origin": [23, -1, -1]},
			"faces": {
				"north": {"uv": [15.88148, 5.33333, 15.88148, 7.82222], "texture": "#0"},
				"east": {"uv": [15.88148, 5.33333, 15.88148, 7.82222], "texture": "#0"},
				"south": {"uv": [15.88148, 5.33333, 15.88148, 7.82222], "texture": "#0"},
				"west": {"uv": [15.88148, 5.33333, 15.88148, 7.82222], "texture": "#0"},
				"up": {"uv": [15.88148, 5.33333, 15.88148, 7.82222], "texture": "#0"},
				"down": {"uv": [15.88148, 5.33333, 15.88148, 7.82222], "texture": "#0"}
			}
		},
		{
			"from": [25.75, 2, 19],
			"to": [30.75, 4, 21],
			"rotation": {"angle": 22.5, "axis": "z", "origin": [23, -1, -1]},
			"faces": {
				"north": {"uv": [15.76296, 6.16296, 15.88148, 7.94074], "rotation": 270, "texture": "#0"},
				"east": {"uv": [15.76296, 6.16296, 15.88148, 7.94074], "rotation": 270, "texture": "#0"},
				"south": {"uv": [15.76296, 6.16296, 15.88148, 7.94074], "rotation": 270, "texture": "#0"},
				"west": {"uv": [15.76296, 6.16296, 15.88148, 7.94074], "rotation": 270, "texture": "#0"},
				"up": {"uv": [15.76296, 6.16296, 15.88148, 7.94074], "rotation": 270, "texture": "#0"},
				"down": {"uv": [15.76296, 6.16296, 15.88148, 7.94074], "rotation": 270, "texture": "#0"}
			}
		},
		{
			"from": [27.25, 0.5, 3],
			"to": [29.25, 5.5, 5],
			"rotation": {"angle": 22.5, "axis": "z", "origin": [23, -1, -17]},
			"faces": {
				"north": {"uv": [15.76296, 5.80741, 15.88148, 7.94074], "texture": "#0"},
				"east": {"uv": [15.76296, 5.80741, 15.88148, 7.94074], "texture": "#0"},
				"south": {"uv": [15.76296, 5.80741, 15.88148, 7.94074], "texture": "#0"},
				"west": {"uv": [15.76296, 5.80741, 15.88148, 7.94074], "texture": "#0"},
				"up": {"uv": [15.76296, 5.80741, 15.88148, 7.94074], "texture": "#0"},
				"down": {"uv": [15.76296, 5.80741, 15.88148, 7.94074], "texture": "#0"}
			}
		},
		{
			"from": [21.5, 4.5, 3],
			"to": [26.5, 6.5, 5],
			"rotation": {"angle": -22.5, "axis": "z", "origin": [23, -1, -17]},
			"faces": {
				"north": {"uv": [15.76296, 6.28148, 15.88148, 7.82222], "rotation": 90, "texture": "#0"},
				"east": {"uv": [15.76296, 6.28148, 15.88148, 7.82222], "rotation": 90, "texture": "#0"},
				"south": {"uv": [15.76296, 6.28148, 15.88148, 7.82222], "rotation": 90, "texture": "#0"},
				"west": {"uv": [15.76296, 6.28148, 15.88148, 7.82222], "rotation": 90, "texture": "#0"},
				"up": {"uv": [15.76296, 6.28148, 15.88148, 7.82222], "rotation": 90, "texture": "#0"},
				"down": {"uv": [15.76296, 6.28148, 15.88148, 7.82222], "rotation": 90, "texture": "#0"}
			}
		},
		{
			"from": [23, 3, 3],
			"to": [25, 8, 5],
			"rotation": {"angle": -22.5, "axis": "z", "origin": [23, -1, -17]},
			"faces": {
				"north": {"uv": [15.88148, 6.87407, 16.00648, 7.18657], "texture": "#0"},
				"east": {"uv": [15.88148, 6.87407, 16.00648, 7.18657], "texture": "#0"},
				"south": {"uv": [15.88148, 6.87407, 16.00648, 7.18657], "texture": "#0"},
				"west": {"uv": [15.88148, 6.87407, 16.00648, 7.18657], "texture": "#0"},
				"up": {"uv": [15.88148, 6.87407, 16.00648, 7.18657], "texture": "#0"},
				"down": {"uv": [15.88148, 6.87407, 16.00648, 7.18657], "texture": "#0"}
			}
		},
		{
			"from": [25.75, 2, 3],
			"to": [30.75, 4, 5],
			"rotation": {"angle": 22.5, "axis": "z", "origin": [23, -1, -17]},
			"faces": {
				"north": {"uv": [15.76296, 5.21481, 15.88148, 8.05926], "rotation": 90, "texture": "#0"},
				"east": {"uv": [15.76296, 5.21481, 15.88148, 8.05926], "rotation": 90, "texture": "#0"},
				"south": {"uv": [15.76296, 5.21481, 15.88148, 8.05926], "rotation": 90, "texture": "#0"},
				"west": {"uv": [15.76296, 5.21481, 15.88148, 8.05926], "rotation": 90, "texture": "#0"},
				"up": {"uv": [15.76296, 5.21481, 15.88148, 8.05926], "rotation": 90, "texture": "#0"},
				"down": {"uv": [15.76296, 5.21481, 15.88148, 8.05926], "rotation": 90, "texture": "#0"}
			}
		},
		{
			"from": [12.25, 0.5, 3],
			"to": [14.25, 5.5, 5],
			"rotation": {"angle": 22.5, "axis": "z", "origin": [8, -1, -17]},
			"faces": {
				"north": {"uv": [15.76296, 7.11111, 15.88148, 8.17778], "texture": "#0"},
				"east": {"uv": [15.76296, 7.11111, 15.88148, 8.17778], "texture": "#0"},
				"south": {"uv": [15.76296, 7.11111, 15.88148, 8.17778], "texture": "#0"},
				"west": {"uv": [15.76296, 7.11111, 15.88148, 8.17778], "texture": "#0"},
				"up": {"uv": [15.76296, 7.11111, 15.88148, 8.17778], "texture": "#0"},
				"down": {"uv": [15.76296, 7.11111, 15.88148, 8.17778], "texture": "#0"}
			}
		},
		{
			"from": [6.5, 4.5, 3],
			"to": [11.5, 6.5, 5],
			"rotation": {"angle": -22.5, "axis": "z", "origin": [8, -1, -17]},
			"faces": {
				"north": {"uv": [15.76296, 6.04444, 15.88148, 7.94074], "rotation": 90, "texture": "#0"},
				"east": {"uv": [15.76296, 6.04444, 15.88148, 7.94074], "rotation": 90, "texture": "#0"},
				"south": {"uv": [15.76296, 6.04444, 15.88148, 7.94074], "rotation": 90, "texture": "#0"},
				"west": {"uv": [15.76296, 6.04444, 15.88148, 7.94074], "rotation": 90, "texture": "#0"},
				"up": {"uv": [15.76296, 6.04444, 15.88148, 7.94074], "rotation": 90, "texture": "#0"},
				"down": {"uv": [15.76296, 6.04444, 15.88148, 7.94074], "rotation": 90, "texture": "#0"}
			}
		},
		{
			"from": [8, 3, 3],
			"to": [10, 8, 5],
			"rotation": {"angle": -22.5, "axis": "z", "origin": [8, -1, -17]},
			"faces": {
				"north": {"uv": [15.76296, 5.80741, 15.88148, 8.17778], "texture": "#0"},
				"east": {"uv": [15.76296, 5.80741, 15.88148, 8.17778], "texture": "#0"},
				"south": {"uv": [15.76296, 5.80741, 15.88148, 8.17778], "texture": "#0"},
				"west": {"uv": [15.76296, 5.80741, 15.88148, 8.17778], "texture": "#0"},
				"up": {"uv": [15.76296, 5.80741, 15.88148, 8.17778], "texture": "#0"},
				"down": {"uv": [15.76296, 5.80741, 15.88148, 8.17778], "texture": "#0"}
			}
		},
		{
			"from": [10.75, 2, 3],
			"to": [15.75, 4, 5],
			"rotation": {"angle": 22.5, "axis": "z", "origin": [8, -1, -17]},
			"faces": {
				"north": {"uv": [15.76296, 6.04444, 15.88148, 7.82222], "rotation": 90, "texture": "#0"},
				"east": {"uv": [15.76296, 6.04444, 15.88148, 7.82222], "rotation": 90, "texture": "#0"},
				"south": {"uv": [15.76296, 6.04444, 15.88148, 7.82222], "rotation": 90, "texture": "#0"},
				"west": {"uv": [15.76296, 6.04444, 15.88148, 7.82222], "rotation": 90, "texture": "#0"},
				"up": {"uv": [15.76296, 6.04444, 15.88148, 7.82222], "rotation": 90, "texture": "#0"},
				"down": {"uv": [15.76296, 6.04444, 15.88148, 7.82222], "rotation": 90, "texture": "#0"}
			}
		},
		{
			"from": [-3.75, 0.5, 3],
			"to": [-1.75, 5.5, 5],
			"rotation": {"angle": 22.5, "axis": "z", "origin": [-8, -1, -17]},
			"faces": {
				"north": {"uv": [15.88148, 6.28148, 16.00648, 6.59398], "texture": "#0"},
				"east": {"uv": [15.88148, 6.28148, 16.00648, 6.59398], "texture": "#0"},
				"south": {"uv": [15.88148, 6.28148, 16.00648, 6.59398], "texture": "#0"},
				"west": {"uv": [15.88148, 6.28148, 16.00648, 6.59398], "texture": "#0"},
				"up": {"uv": [15.88148, 6.28148, 16.00648, 6.59398], "texture": "#0"},
				"down": {"uv": [15.88148, 6.28148, 16.00648, 6.59398], "texture": "#0"}
			}
		},
		{
			"from": [-9.5, 4.5, 3],
			"to": [-4.5, 6.5, 5],
			"rotation": {"angle": -22.5, "axis": "z", "origin": [-8, -1, -17]},
			"faces": {
				"north": {"uv": [15.88148, 6.87407, 16.00648, 7.18657], "rotation": 90, "texture": "#0"},
				"east": {"uv": [15.88148, 6.87407, 16.00648, 7.18657], "rotation": 90, "texture": "#0"},
				"south": {"uv": [15.88148, 6.87407, 16.00648, 7.18657], "rotation": 90, "texture": "#0"},
				"west": {"uv": [15.88148, 6.87407, 16.00648, 7.18657], "rotation": 90, "texture": "#0"},
				"up": {"uv": [15.88148, 6.87407, 16.00648, 7.18657], "rotation": 90, "texture": "#0"},
				"down": {"uv": [15.88148, 6.87407, 16.00648, 7.18657], "rotation": 90, "texture": "#0"}
			}
		},
		{
			"from": [-8, 3, 3],
			"to": [-6, 8, 5],
			"rotation": {"angle": -22.5, "axis": "z", "origin": [-8, -1, -17]},
			"faces": {
				"north": {"uv": [15.76296, 6.75556, 15.88148, 8.17778], "texture": "#0"},
				"east": {"uv": [15.76296, 6.75556, 15.88148, 8.17778], "texture": "#0"},
				"south": {"uv": [15.76296, 6.75556, 15.88148, 8.17778], "texture": "#0"},
				"west": {"uv": [15.76296, 6.75556, 15.88148, 8.17778], "texture": "#0"},
				"up": {"uv": [15.76296, 6.75556, 15.88148, 8.17778], "texture": "#0"},
				"down": {"uv": [15.76296, 6.75556, 15.88148, 8.17778], "texture": "#0"}
			}
		},
		{
			"from": [-5.25, 2, 3],
			"to": [-0.25, 4, 5],
			"rotation": {"angle": 22.5, "axis": "z", "origin": [-8, -1, -17]},
			"faces": {
				"north": {"uv": [15.88148, 6.28148, 16, 6.4], "rotation": 90, "texture": "#0"},
				"east": {"uv": [15.88148, 6.28148, 16, 6.4], "rotation": 90, "texture": "#0"},
				"south": {"uv": [15.88148, 6.28148, 16, 6.4], "rotation": 90, "texture": "#0"},
				"west": {"uv": [15.88148, 6.28148, 16, 6.4], "rotation": 90, "texture": "#0"},
				"up": {"uv": [15.88148, 6.28148, 16, 6.4], "rotation": 90, "texture": "#0"},
				"down": {"uv": [15.88148, 6.28148, 16, 6.4], "rotation": 90, "texture": "#0"}
			}
		},
		{
			"from": [-9.75, 0.5, 3],
			"to": [-7.75, 5.5, 5],
			"rotation": {"angle": 22.5, "axis": "z", "origin": [-14, -1, -17]},
			"faces": {
				"north": {"uv": [15.88148, 6.51852, 16.00648, 6.83102], "texture": "#0"},
				"east": {"uv": [15.88148, 6.51852, 16.00648, 6.83102], "texture": "#0"},
				"south": {"uv": [15.88148, 6.51852, 16.00648, 6.83102], "texture": "#0"},
				"west": {"uv": [15.88148, 6.51852, 16.00648, 6.83102], "texture": "#0"},
				"up": {"uv": [15.88148, 6.51852, 16.00648, 6.83102], "texture": "#0"},
				"down": {"uv": [15.88148, 6.51852, 16.00648, 6.83102], "texture": "#0"}
			}
		},
		{
			"from": [-15.5, 4.5, 3],
			"to": [-10.5, 6.5, 5],
			"rotation": {"angle": -22.5, "axis": "z", "origin": [-14, -1, -17]},
			"faces": {
				"north": {"uv": [15.88148, 6.87407, 16.00648, 7.18657], "rotation": 90, "texture": "#0"},
				"east": {"uv": [15.88148, 6.87407, 16.00648, 7.18657], "rotation": 90, "texture": "#0"},
				"south": {"uv": [15.88148, 6.87407, 16.00648, 7.18657], "rotation": 90, "texture": "#0"},
				"west": {"uv": [15.88148, 6.87407, 16.00648, 7.18657], "rotation": 90, "texture": "#0"},
				"up": {"uv": [15.88148, 6.87407, 16.00648, 7.18657], "rotation": 90, "texture": "#0"},
				"down": {"uv": [15.88148, 6.87407, 16.00648, 7.18657], "rotation": 90, "texture": "#0"}
			}
		},
		{
			"from": [-14, 3, 3],
			"to": [-12, 8, 5],
			"rotation": {"angle": -22.5, "axis": "z", "origin": [-14, -1, -17]},
			"faces": {
				"north": {"uv": [15.88148, 7.11111, 16.00648, 7.42361], "texture": "#0"},
				"east": {"uv": [15.88148, 7.11111, 16.00648, 7.42361], "texture": "#0"},
				"south": {"uv": [15.88148, 7.11111, 16.00648, 7.42361], "texture": "#0"},
				"west": {"uv": [15.88148, 7.11111, 16.00648, 7.42361], "texture": "#0"},
				"up": {"uv": [15.88148, 7.11111, 16.00648, 7.42361], "texture": "#0"},
				"down": {"uv": [15.88148, 7.11111, 16.00648, 7.42361], "texture": "#0"}
			}
		},
		{
			"from": [-11.25, 2, 3],
			"to": [-6.25, 4, 5],
			"rotation": {"angle": 22.5, "axis": "z", "origin": [-14, -1, -17]},
			"faces": {
				"north": {"uv": [15.88148, 7.7037, 16.00648, 8.0162], "rotation": 90, "texture": "#0"},
				"east": {"uv": [15.88148, 7.7037, 16.00648, 8.0162], "rotation": 90, "texture": "#0"},
				"south": {"uv": [15.88148, 7.7037, 16.00648, 8.0162], "rotation": 90, "texture": "#0"},
				"west": {"uv": [15.88148, 7.7037, 16.00648, 8.0162], "rotation": 90, "texture": "#0"},
				"up": {"uv": [15.88148, 7.7037, 16.00648, 8.0162], "rotation": 90, "texture": "#0"},
				"down": {"uv": [15.88148, 7.7037, 16.00648, 8.0162], "rotation": 90, "texture": "#0"}
			}
		},
		{
			"from": [22, 7, 2.5],
			"to": [28, 8, 21.25],
			"faces": {
				"north": {"uv": [0, 0, 0.375, 0.0625], "texture": "#0"},
				"east": {"uv": [0, 0, 0.375, 0.0625], "texture": "#0"},
				"south": {"uv": [0, 0, 0.375, 0.0625], "texture": "#0"},
				"west": {"uv": [0, 0, 0.375, 0.0625], "texture": "#0"},
				"up": {"uv": [0, 0, 0.375, 0.0625], "texture": "#0"},
				"down": {"uv": [0, 0, 0.375, 0.0625], "texture": "#0"}
			}
		},
		{
			"from": [14, 24.75, 2.5],
			"to": [17, 25.75, 21.25],
			"rotation": {"angle": -45, "axis": "z", "origin": [0, 0, 0]},
			"faces": {
				"north": {"uv": [0, 0, 0.1875, 1.17188], "texture": "#0"},
				"east": {"uv": [0, 0, 0.1875, 1.17188], "texture": "#0"},
				"south": {"uv": [0, 0, 0.1875, 1.17188], "texture": "#0"},
				"west": {"uv": [0, 0, 0.1875, 1.17188], "texture": "#0"},
				"up": {"uv": [0, 0, 0.1875, 1.17188], "texture": "#0"},
				"down": {"uv": [0, 0, 0.1875, 1.17188], "texture": "#0"}
			}
		},
		{
			"from": [29.25, 3, 2.5],
			"to": [30.25, 6, 4.25],
			"faces": {
				"north": {"uv": [0, 0, 0.1875, 0.0625], "rotation": 90, "texture": "#0"},
				"east": {"uv": [0, 0, 0.1875, 0.0625], "rotation": 90, "texture": "#0"},
				"south": {"uv": [0, 0, 0.1875, 0.0625], "rotation": 90, "texture": "#0"},
				"west": {"uv": [0, 0, 0.1875, 0.0625], "rotation": 90, "texture": "#0"},
				"up": {"uv": [0, 0, 0.1875, 0.0625], "rotation": 90, "texture": "#0"},
				"down": {"uv": [0, 0, 0.1875, 0.0625], "rotation": 90, "texture": "#0"}
			}
		},
		{
			"from": [29.25, 3, 19.5],
			"to": [30.25, 6, 21.25],
			"faces": {
				"north": {"uv": [0, 0, 0.1875, 0.0625], "rotation": 270, "texture": "#0"},
				"east": {"uv": [0, 0, 0.1875, 0.0625], "rotation": 270, "texture": "#0"},
				"south": {"uv": [0, 0, 0.1875, 0.0625], "rotation": 270, "texture": "#0"},
				"west": {"uv": [0, 0, 0.1875, 0.0625], "rotation": 270, "texture": "#0"},
				"up": {"uv": [0, 0, 0.1875, 0.0625], "rotation": 270, "texture": "#0"},
				"down": {"uv": [0, 0, 0.1875, 0.0625], "rotation": 270, "texture": "#0"}
			}
		},
		{
			"from": [29.25, 4, 4.25],
			"to": [30.25, 6, 19.5],
			"faces": {
				"north": {"uv": [0, 0, 0.125, 0.95313], "rotation": 270, "texture": "#0"},
				"east": {"uv": [0, 0, 0.125, 0.95313], "rotation": 270, "texture": "#0"},
				"south": {"uv": [0, 0, 0.125, 0.95313], "rotation": 270, "texture": "#0"},
				"west": {"uv": [0, 0, 0.125, 0.95313], "rotation": 270, "texture": "#0"},
				"up": {"uv": [0, 0, 0.125, 0.95313], "rotation": 270, "texture": "#0"},
				"down": {"uv": [0, 0, 0.125, 0.95313], "rotation": 270, "texture": "#0"}
			}
		}
	],
	"display": {
		"thirdperson_righthand": {
			"rotation": [-86, 0, 0],
			"translation": [0, -1.5, -0.5],
			"scale": [0.1, 0.1, 0.1]
		},
		"thirdperson_lefthand": {
			"rotation": [-86, 0, 0],
			"translation": [0, -1.5, -0.5],
			"scale": [0.1, 0.1, 0.1]
		},
		"firstperson_righthand": {
			"rotation": [165, 0, 180],
			"translation": [0, 3.5, 0.5],
			"scale": [0.1, 0.1, 0.1]
		},
		"firstperson_lefthand": {
			"rotation": [165, 0, -180],
			"translation": [0, 3.5, 0.5],
			"scale": [0.1, 0.1, 0.1]
		},
		"ground": {
			"translation": [0, 4, 0],
			"scale": [0.3, 0.3, 0.3]
		},
		"gui": {
			"rotation": [90, 90, -90],
			"translation": [0.7, -2.25, 0],
			"scale": [0.3, 0.3, 0.3]
		},
		"head": {
			"rotation": [0, 178.5, -180],
			"translation": [11.75, -20.75, 14.75],
			"scale": [4, 4, 4]
		},
		"fixed": {
			"rotation": [0, -90.25, 0],
			"translation": [0, 0, -2.25],
			"scale": [0.25, 0.25, 0.25]
		}
	},
	"groups": [
		{
			"name": "bone",
			"origin": [0, 0, 0],
			"color": 0,
			"children": [0, 1, 2, 3, 4, 5, 6, 7, 8, 9, 10, 11, 12, 13, 14, 15, 16, 17, 18, 19]
		},
		{
			"name": "group",
			"origin": [8, 8, 8],
			"color": 0,
			"children": [20, 21, 22, 23]
		},
		{
			"name": "group",
			"origin": [8, 8, 8],
			"color": 0,
			"children": [24, 25, 26, 27]
		},
		{
			"name": "group",
			"origin": [8, 8, 8],
			"color": 0,
			"children": [28, 29, 30, 31]
		},
		{
			"name": "group",
			"origin": [8, 8, 8],
			"color": 0,
			"children": [32, 33, 34, 35]
		},
		{
			"name": "group",
			"origin": [8, 8, 8],
			"color": 0,
			"children": [36, 37, 38, 39]
		},
		{
			"name": "group",
			"origin": [8, 8, 8],
			"color": 0,
			"children": [40, 41, 42, 43]
		},
		{
			"name": "group",
			"origin": [8, 8, 8],
			"color": 0,
			"children": [44, 45, 46, 47]
		},
		{
			"name": "group",
			"origin": [8, 8, 8],
			"color": 0,
			"children": [48, 49, 50, 51]
		}, 52, 53, 54, 55, 56]
}