{
	"credit": "Made with Blockbench",
	"texture_size": [64, 64],
	"textures": {
		"0": "nw:stand/skins/star_platinum",
		"main": "nw:stand/base/special/succ"
	},
	"elements": [
		{
			"from": [5, 11, 13],
			"to": [9, 15, 16],
			"rotation": {"angle": -22.5, "axis": "z", "origin": [7, 13, 16]},
			"faces": {
				"north": {"uv": [12, 0, 12.0625, 0.0625], "texture": "#main"},
				"east": {"uv": [12, 0, 12.04688, 0.0625], "texture": "#main"},
				"south": {"uv": [12, 0, 12.0625, 0.0625], "texture": "#main"},
				"west": {"uv": [12, 0, 12.04688, 0.0625], "texture": "#main"},
				"up": {"uv": [12, 0, 12.0625, 0.04688], "texture": "#main"},
				"down": {"uv": [12, 0, 12.0625, 0.04688], "texture": "#main"}
			}
		},
		{
			"from": [4, 10, 7],
			"to": [10, 16, 13],
			"rotation": {"angle": -22.5, "axis": "z", "origin": [7, 13, 16]},
			"faces": {
				"north": {"uv": [12, 0, 12.09375, 0.09375], "texture": "#main"},
				"east": {"uv": [12, 0, 12.09375, 0.09375], "texture": "#main"},
				"south": {"uv": [12, 0, 12.09375, 0.09375], "texture": "#main"},
				"west": {"uv": [12, 0, 12.09375, 0.09375], "texture": "#main"},
				"up": {"uv": [12, 0, 12.09375, 0.09375], "texture": "#main"},
				"down": {"uv": [12, 0, 12.09375, 0.09375], "texture": "#main"}
			}
		},
		{
			"from": [1, 7, -11],
			"to": [13, 19, 1],
			"rotation": {"angle": -22.5, "axis": "z", "origin": [7, 13, 16]},
			"faces": {
				"north": {"uv": [12, 0, 12.1875, 0.1875], "texture": "#main"},
				"east": {"uv": [12, 0, 12.1875, 0.1875], "texture": "#main"},
				"south": {"uv": [12, 0, 12.1875, 0.1875], "texture": "#main"},
				"west": {"uv": [12, 0, 12.1875, 0.1875], "texture": "#main"},
				"up": {"uv": [12, 0, 12.1875, 0.1875], "texture": "#main"},
				"down": {"uv": [12, 0, 12.1875, 0.1875], "texture": "#main"}
			}
		},
		{
			"from": [3, 9, -5],
			"to": [11, 17, 7],
			"rotation": {"angle": -22.5, "axis": "z", "origin": [7, 13, 16]},
			"faces": {
				"north": {"uv": [12, 0, 12.125, 0.125], "texture": "#main"},
				"east": {"uv": [12, 0, 12.1875, 0.125], "texture": "#main"},
				"south": {"uv": [12, 0, 12.125, 0.125], "texture": "#main"},
				"west": {"uv": [12, 0, 12.1875, 0.125], "texture": "#main"},
				"up": {"uv": [12, 0, 12.125, 0.1875], "texture": "#main"},
				"down": {"uv": [12, 0, 12.125, 0.1875], "texture": "#main"}
			}
		},
		{
			"from": [5, 11, 13],
			"to": [9, 15, 16],
			"rotation": {"angle": -45, "axis": "z", "origin": [7, 13, 16]},
			"faces": {
				"north": {"uv": [4, 8, 4.0625, 8.0625], "texture": "#main"},
				"east": {"uv": [4, 8, 4.04688, 8.0625], "texture": "#main"},
				"south": {"uv": [4, 8, 4.0625, 8.0625], "texture": "#main"},
				"west": {"uv": [4, 8, 4.04688, 8.0625], "texture": "#main"},
				"up": {"uv": [4, 8, 4.0625, 8.04688], "texture": "#main"},
				"down": {"uv": [4, 8, 4.0625, 8.04688], "texture": "#main"}
			}
		},
		{
			"from": [4, 10, 7],
			"to": [10, 16, 13],
			"rotation": {"angle": -45, "axis": "z", "origin": [7, 13, 16]},
			"faces": {
				"north": {"uv": [4, 8, 4.09375, 8.09375], "texture": "#main"},
				"east": {"uv": [4, 8, 4.09375, 8.09375], "texture": "#main"},
				"south": {"uv": [4, 8, 4.09375, 8.09375], "texture": "#main"},
				"west": {"uv": [4, 8, 4.09375, 8.09375], "texture": "#main"},
				"up": {"uv": [4, 8, 4.09375, 8.09375], "texture": "#main"},
				"down": {"uv": [4, 8, 4.09375, 8.09375], "texture": "#main"}
			}
		},
		{
			"from": [1, 7, -11],
			"to": [13, 19, 1],
			"rotation": {"angle": -45, "axis": "z", "origin": [7, 13, 16]},
			"faces": {
				"north": {"uv": [4, 8, 4.1875, 8.1875], "texture": "#main"},
				"east": {"uv": [4, 8, 4.1875, 8.1875], "texture": "#main"},
				"south": {"uv": [4, 8, 4.1875, 8.1875], "texture": "#main"},
				"west": {"uv": [4, 8, 4.1875, 8.1875], "texture": "#main"},
				"up": {"uv": [4, 8, 4.1875, 8.1875], "texture": "#main"},
				"down": {"uv": [4, 8, 4.1875, 8.1875], "texture": "#main"}
			}
		},
		{
			"from": [3, 9, -5],
			"to": [11, 17, 7],
			"rotation": {"angle": -45, "axis": "z", "origin": [7, 13, 16]},
			"faces": {
				"north": {"uv": [4, 8, 4.125, 8.125], "texture": "#main"},
				"east": {"uv": [4, 8, 4.1875, 8.125], "texture": "#main"},
				"south": {"uv": [4, 8, 4.125, 8.125], "texture": "#main"},
				"west": {"uv": [4, 8, 4.1875, 8.125], "texture": "#main"},
				"up": {"uv": [4, 8, 4.125, 8.1875], "texture": "#main"},
				"down": {"uv": [4, 8, 4.125, 8.1875], "texture": "#main"}
			}
		},
		{
			"from": [5, 11, 13],
			"to": [9, 15, 16],
			"rotation": {"angle": 22.5, "axis": "z", "origin": [7, 13, 16]},
			"faces": {
				"north": {"uv": [12, 8, 12.0625, 8.0625], "rotation": 270, "texture": "#main"},
				"east": {"uv": [12, 8, 12.0625, 8.04688], "rotation": 90, "texture": "#main"},
				"south": {"uv": [12, 8, 12.0625, 8.0625], "rotation": 90, "texture": "#main"},
				"west": {"uv": [12, 8, 12.0625, 8.04688], "rotation": 90, "texture": "#main"},
				"up": {"uv": [12, 8, 12.04688, 8.0625], "rotation": 90, "texture": "#main"},
				"down": {"uv": [12, 8, 12.04688, 8.0625], "rotation": 90, "texture": "#main"}
			}
		},
		{
			"from": [4, 10, 7],
			"to": [10, 16, 13],
			"rotation": {"angle": 22.5, "axis": "z", "origin": [7, 13, 16]},
			"faces": {
				"north": {"uv": [12, 8, 12.09375, 8.09375], "rotation": 270, "texture": "#main"},
				"east": {"uv": [12, 8, 12.09375, 8.09375], "rotation": 90, "texture": "#main"},
				"south": {"uv": [12, 8, 12.09375, 8.09375], "rotation": 90, "texture": "#main"},
				"west": {"uv": [12, 8, 12.09375, 8.09375], "rotation": 90, "texture": "#main"},
				"up": {"uv": [12, 8, 12.09375, 8.09375], "rotation": 90, "texture": "#main"},
				"down": {"uv": [12, 8, 12.09375, 8.09375], "rotation": 90, "texture": "#main"}
			}
		},
		{
			"from": [1, 7, -11],
			"to": [13, 19, 1],
			"rotation": {"angle": 22.5, "axis": "z", "origin": [7, 13, 16]},
			"faces": {
				"north": {"uv": [12, 8, 12.1875, 8.1875], "rotation": 270, "texture": "#main"},
				"east": {"uv": [12, 8, 12.1875, 8.1875], "rotation": 90, "texture": "#main"},
				"south": {"uv": [12, 8, 12.1875, 8.1875], "rotation": 90, "texture": "#main"},
				"west": {"uv": [12, 8, 12.1875, 8.1875], "rotation": 90, "texture": "#main"},
				"up": {"uv": [12, 8, 12.1875, 8.1875], "rotation": 90, "texture": "#main"},
				"down": {"uv": [12, 8, 12.1875, 8.1875], "rotation": 90, "texture": "#main"}
			}
		},
		{
			"from": [3, 9, -5],
			"to": [11, 17, 7],
			"rotation": {"angle": 22.5, "axis": "z", "origin": [7, 13, 16]},
			"faces": {
				"north": {"uv": [12, 8, 12.125, 8.125], "rotation": 270, "texture": "#main"},
				"east": {"uv": [12, 8, 12.125, 8.1875], "rotation": 90, "texture": "#main"},
				"south": {"uv": [12, 8, 12.125, 8.125], "rotation": 90, "texture": "#main"},
				"west": {"uv": [12, 8, 12.125, 8.1875], "rotation": 90, "texture": "#main"},
				"up": {"uv": [12, 8, 12.1875, 8.125], "rotation": 90, "texture": "#main"},
				"down": {"uv": [12, 8, 12.1875, 8.125], "rotation": 90, "texture": "#main"}
			}
		},
		{
			"from": [5, 11, 13],
			"to": [9, 15, 16],
			"rotation": {"angle": 0, "axis": "y", "origin": [0, 0, 11]},
			"faces": {
				"north": {"uv": [4, 0, 4.0625, 0.0625], "texture": "#main"},
				"east": {"uv": [4, 0, 4.04688, 0.0625], "texture": "#main"},
				"south": {"uv": [4, 0, 4.0625, 0.0625], "texture": "#main"},
				"west": {"uv": [4, 0, 4.04688, 0.0625], "texture": "#main"},
				"up": {"uv": [4, 0, 4.0625, 0.04688], "texture": "#main"},
				"down": {"uv": [4, 0, 4.0625, 0.04688], "texture": "#main"}
			}
		},
		{
			"from": [4, 10, 7],
			"to": [10, 16, 13],
			"rotation": {"angle": 0, "axis": "y", "origin": [0, 0, 11]},
			"faces": {
				"north": {"uv": [4, 0, 4.09375, 0.09375], "texture": "#main"},
				"east": {"uv": [4, 0, 4.09375, 0.09375], "texture": "#main"},
				"south": {"uv": [4, 0, 4.09375, 0.09375], "texture": "#main"},
				"west": {"uv": [4, 0, 4.09375, 0.09375], "texture": "#main"},
				"up": {"uv": [4, 0, 4.09375, 0.09375], "texture": "#main"},
				"down": {"uv": [4, 0, 4.09375, 0.09375], "texture": "#main"}
			}
		},
		{
			"from": [1, 7, -11],
			"to": [13, 19, 1],
			"rotation": {"angle": 0, "axis": "y", "origin": [0, 0, 11]},
			"faces": {
				"north": {"uv": [4, 0, 4.1875, 0.1875], "texture": "#main"},
				"east": {"uv": [4, 0, 4.1875, 0.1875], "texture": "#main"},
				"south": {"uv": [4, 0, 4.1875, 0.1875], "texture": "#main"},
				"west": {"uv": [4, 0, 4.1875, 0.1875], "texture": "#main"},
				"up": {"uv": [4, 0, 4.1875, 0.1875], "texture": "#main"},
				"down": {"uv": [4, 0, 4.1875, 0.1875], "texture": "#main"}
			}
		},
		{
			"from": [3, 9, -5],
			"to": [11, 17, 7],
			"rotation": {"angle": 0, "axis": "y", "origin": [0, 0, 11]},
			"faces": {
				"north": {"uv": [4, 0, 4.125, 0.125], "texture": "#main"},
				"east": {"uv": [4, 0, 4.1875, 0.125], "texture": "#main"},
				"south": {"uv": [4, 0, 4.125, 0.125], "texture": "#main"},
				"west": {"uv": [4, 0, 4.1875, 0.125], "texture": "#main"},
				"up": {"uv": [4, 0, 4.125, 0.1875], "texture": "#main"},
				"down": {"uv": [4, 0, 4.125, 0.1875], "texture": "#main"}
			}
		},
		{
			"name": "Head",
			"from": [4, 12, 18],
			"to": [12, 20, 26],
			"rotation": {"angle": 22.5, "axis": "x", "origin": [8, 11, 20]},
			"faces": {
				"north": {"uv": [2, 2, 4, 4], "texture": "#0"},
				"east": {"uv": [0, 2, 2, 4], "texture": "#0"},
				"south": {"uv": [6, 2, 8, 4], "texture": "#0"},
				"west": {"uv": [4, 2, 6, 4], "texture": "#0"},
				"up": {"uv": [4, 2, 2, 0], "texture": "#0"},
				"down": {"uv": [6, 0, 4, 2], "texture": "#0"}
			}
		},
		{
			"name": "Hat Layer",
			"from": [3.5, 11.5, 17.5],
			"to": [12.5, 20.5, 26.5],
			"rotation": {"angle": 22.5, "axis": "x", "origin": [8, 11, 20]},
			"faces": {
				"north": {"uv": [10, 2, 12, 4], "texture": "#0"},
				"east": {"uv": [8, 2, 10, 4], "texture": "#0"},
				"south": {"uv": [14, 2, 16, 4], "texture": "#0"},
				"west": {"uv": [12, 2, 14, 4], "texture": "#0"},
				"up": {"uv": [12, 2, 10, 0], "texture": "#0"},
				"down": {"uv": [14, 0, 12, 2], "texture": "#0"}
			}
		},
		{
			"name": "Body",
			"from": [4, 6, 17.75],
			"to": [12, 12, 22.25],
			"rotation": {"angle": 22.5, "axis": "x", "origin": [8, 6, 19]},
			"faces": {
				"north": {"uv": [5, 5, 7, 6.5], "texture": "#0"},
				"east": {"uv": [4, 5, 5, 6.5], "texture": "#0"},
				"south": {"uv": [8, 5, 10, 6.5], "texture": "#0"},
				"west": {"uv": [7, 5, 8, 6.5], "texture": "#0"},
				"up": {"uv": [7, 5, 5, 4], "texture": "#0"},
				"down": {"uv": [9, 4, 7, 5], "texture": "#0"}
			}
		},
		{
			"name": "Body Layer",
			"from": [3.75, 5.75, 17.5],
			"to": [12.25, 12.25, 22.5],
			"rotation": {"angle": 22.5, "axis": "x", "origin": [8, 6, 19]},
			"faces": {
				"north": {"uv": [5, 9, 7, 10.5], "texture": "#0"},
				"east": {"uv": [4, 9, 5, 10.5], "texture": "#0"},
				"south": {"uv": [8, 9, 10, 10.5], "texture": "#0"},
				"west": {"uv": [7, 9, 8, 10.5], "texture": "#0"},
				"up": {"uv": [7, 9, 5, 8], "texture": "#0"},
				"down": {"uv": [2, 0, 0, 1], "texture": "#0"}
			}
		},
		{
			"name": "Body",
			"from": [4.25, 0.5, 18],
			"to": [11.75, 6.5, 22],
			"rotation": {"angle": 0, "axis": "y", "origin": [8, 11, 19]},
			"faces": {
				"north": {"uv": [5, 6.5, 7, 8], "texture": "#0"},
				"east": {"uv": [4, 6.5, 5, 8], "texture": "#0"},
				"south": {"uv": [8, 6.5, 10, 8], "texture": "#0"},
				"west": {"uv": [7, 6.5, 8, 8], "texture": "#0"},
				"up": {"uv": [7, 6.5, 5, 5.5], "texture": "#0"},
				"down": {"uv": [9, 5.5, 7, 6.5], "texture": "#0"}
			}
		},
		{
			"name": "Body Layer",
			"from": [4, 0.25, 17.75],
			"to": [12, 6.75, 22.25],
			"rotation": {"angle": 0, "axis": "y", "origin": [8, 11, 19]},
			"faces": {
				"north": {"uv": [5, 10.5, 7, 12], "texture": "#0"},
				"east": {"uv": [4, 10.5, 5, 12], "texture": "#0"},
				"south": {"uv": [8, 10.5, 10, 12], "texture": "#0"},
				"west": {"uv": [7, 10.5, 8, 12], "texture": "#0"},
				"up": {"uv": [2, 1, 0, 0], "texture": "#0"},
				"down": {"uv": [9, 9.5, 7, 10.5], "texture": "#0"}
			}
		},
		{
			"name": "Right Arm",
			"from": [12, 5, 20],
			"to": [16, 11, 24],
			"rotation": {"angle": 45, "axis": "x", "origin": [8, 9, 22]},
			"faces": {
				"north": {"uv": [11, 5, 12, 6.5], "texture": "#0"},
				"east": {"uv": [10, 5, 11, 6.5], "texture": "#0"},
				"south": {"uv": [13, 5, 14, 6.5], "texture": "#0"},
				"west": {"uv": [12, 5, 13, 6.5], "texture": "#0"},
				"up": {"uv": [12, 5, 11, 4], "texture": "#0"},
				"down": {"uv": [13, 4, 12, 5], "texture": "#0"}
			}
		},
		{
			"name": "Right Arm Layer",
			"from": [11.75, 4.75, 19.75],
			"to": [16.25, 11.25, 24.25],
			"rotation": {"angle": 45, "axis": "x", "origin": [8, 9, 22]},
			"faces": {
				"north": {"uv": [11, 9, 12, 10.5], "texture": "#0"},
				"east": {"uv": [10, 9, 11, 10.5], "texture": "#0"},
				"south": {"uv": [13, 9, 14, 10.5], "texture": "#0"},
				"west": {"uv": [12, 9, 13, 10.5], "texture": "#0"},
				"up": {"uv": [12, 9, 11, 8], "texture": "#0"},
				"down": {"uv": [1, 0, 0, 1], "texture": "#0"}
			}
		},
		{
			"name": "Right Arm",
			"from": [12, 4.65381, 14.33579],
			"to": [16, 8.65381, 20.33579],
			"rotation": {"angle": 0, "axis": "x", "origin": [8, 6.65381, 24.33579]},
			"faces": {
				"north": {"uv": [13, 4, 12, 5], "rotation": 180, "texture": "#0"},
				"east": {"uv": [10, 6.5, 11, 8], "rotation": 270, "texture": "#0"},
				"south": {"uv": [12, 6.5, 11, 5.5], "texture": "#0"},
				"west": {"uv": [12, 6.5, 13, 8], "rotation": 90, "texture": "#0"},
				"up": {"uv": [11, 6.5, 12, 8], "rotation": 180, "texture": "#0"},
				"down": {"uv": [13, 6.5, 14, 8], "texture": "#0"}
			}
		},
		{
			"name": "Right Arm Layer",
			"from": [11.75, 4.40381, 14.08579],
			"to": [16.25, 8.90381, 20.58579],
			"rotation": {"angle": 0, "axis": "x", "origin": [8, 6.65381, 24.33579]},
			"faces": {
				"north": {"uv": [13, 8, 12, 9], "rotation": 180, "texture": "#0"},
				"east": {"uv": [10, 10.5, 11, 12], "rotation": 270, "texture": "#0"},
				"south": {"uv": [1, 1, 0, 0], "texture": "#0"},
				"west": {"uv": [12, 10.5, 13, 12], "rotation": 90, "texture": "#0"},
				"up": {"uv": [11, 10.5, 12, 12], "rotation": 180, "texture": "#0"},
				"down": {"uv": [13, 10.5, 14, 12], "texture": "#0"}
			}
		},
		{
			"name": "Left Arm",
			"from": [0, 5, 20],
			"to": [4, 11, 24],
			"rotation": {"angle": 45, "axis": "x", "origin": [8, 9, 22]},
			"faces": {
				"north": {"uv": [9, 13, 10, 14.5], "texture": "#0"},
				"east": {"uv": [8, 13, 9, 14.5], "texture": "#0"},
				"south": {"uv": [11, 13, 12, 14.5], "texture": "#0"},
				"west": {"uv": [10, 13, 11, 14.5], "texture": "#0"},
				"up": {"uv": [10, 13, 9, 12], "texture": "#0"},
				"down": {"uv": [11, 12, 10, 13], "texture": "#0"}
			}
		},
		{
			"name": "Left Arm Layer",
			"from": [-0.25, 4.75, 19.75],
			"to": [4.25, 11.25, 24.25],
			"rotation": {"angle": 45, "axis": "x", "origin": [8, 9, 22]},
			"faces": {
				"north": {"uv": [13, 13, 14, 14.5], "texture": "#0"},
				"east": {"uv": [12, 13, 13, 14.5], "texture": "#0"},
				"south": {"uv": [15, 13, 16, 14.5], "texture": "#0"},
				"west": {"uv": [14, 13, 15, 14.5], "texture": "#0"},
				"up": {"uv": [14, 13, 13, 12], "texture": "#0"},
				"down": {"uv": [1, 0, 0, 1], "texture": "#0"}
			}
		},
		{
			"name": "Left Arm",
			"from": [0, 4.65381, 14.33579],
			"to": [4, 8.65381, 20.33579],
			"rotation": {"angle": 0, "axis": "x", "origin": [8, 6.65381, 24.33579]},
			"faces": {
				"north": {"uv": [11, 12, 10, 13], "rotation": 180, "texture": "#0"},
				"east": {"uv": [8, 14.5, 9, 16], "rotation": 270, "texture": "#0"},
				"south": {"uv": [10, 14.5, 9, 13.5], "texture": "#0"},
				"west": {"uv": [10, 14.5, 11, 16], "rotation": 90, "texture": "#0"},
				"up": {"uv": [9, 14.5, 10, 16], "rotation": 180, "texture": "#0"},
				"down": {"uv": [11, 14.5, 12, 16], "texture": "#0"}
			}
		},
		{
			"name": "Left Arm Layer",
			"from": [-0.25, 4.40381, 14.08579],
			"to": [4.25, 8.90381, 20.58579],
			"rotation": {"angle": 0, "axis": "x", "origin": [8, 6.65381, 24.33579]},
			"faces": {
				"north": {"uv": [15, 12, 14, 13], "rotation": 180, "texture": "#0"},
				"east": {"uv": [12, 14.5, 13, 16], "rotation": 270, "texture": "#0"},
				"south": {"uv": [1, 1, 0, 0], "texture": "#0"},
				"west": {"uv": [14, 14.5, 15, 16], "rotation": 90, "texture": "#0"},
				"up": {"uv": [13, 14.5, 14, 16], "rotation": 180, "texture": "#0"},
				"down": {"uv": [15, 14.5, 16, 16], "texture": "#0"}
			}
		},
		{
			"name": "Right Leg",
			"from": [7.9, -6, 18],
			"to": [11.65, 0, 22],
			"rotation": {"angle": -22.5, "axis": "x", "origin": [8, 0, 19]},
			"faces": {
				"north": {"uv": [1, 5, 2, 6.5], "texture": "#0"},
				"east": {"uv": [0, 5, 1, 6.5], "texture": "#0"},
				"south": {"uv": [3, 5, 4, 6.5], "texture": "#0"},
				"west": {"uv": [2, 5, 3, 6.5], "texture": "#0"},
				"up": {"uv": [2, 5, 1, 4], "texture": "#0"},
				"down": {"uv": [3, 4, 2, 5], "texture": "#0"}
			}
		},
		{
			"name": "Right Leg Layer",
			"from": [7.65, -6.25, 17.75],
			"to": [11.9, 0.25, 22.25],
			"rotation": {"angle": -22.5, "axis": "x", "origin": [8, 0, 19]},
			"faces": {
				"north": {"uv": [1, 9, 2, 10.5], "texture": "#0"},
				"east": {"uv": [0, 9, 1, 10.5], "texture": "#0"},
				"south": {"uv": [3, 9, 4, 10.5], "texture": "#0"},
				"west": {"uv": [2, 9, 3, 10.5], "texture": "#0"},
				"up": {"uv": [2, 9, 1, 8], "texture": "#0"},
				"down": {"uv": [1, 0, 0, 1], "texture": "#0"}
			}
		},
		{
			"name": "Right Leg",
			"from": [7.9, -12, 18],
			"to": [11.65, -6, 22],
			"rotation": {"angle": -22.5, "axis": "x", "origin": [8, 0, 19]},
			"faces": {
				"north": {"uv": [1, 6.5, 2, 8], "texture": "#0"},
				"east": {"uv": [0, 6.5, 1, 8], "texture": "#0"},
				"south": {"uv": [3, 6.5, 4, 8], "texture": "#0"},
				"west": {"uv": [2, 6.5, 3, 8], "texture": "#0"},
				"up": {"uv": [2, 6.5, 1, 5.5], "texture": "#0"},
				"down": {"uv": [3, 4, 2, 5], "texture": "#0"}
			}
		},
		{
			"name": "Right Leg Layer",
			"from": [7.65, -12.25, 17.75],
			"to": [11.9, -5.75, 22.25],
			"rotation": {"angle": -22.5, "axis": "x", "origin": [8, 0, 19]},
			"faces": {
				"north": {"uv": [1, 10.5, 2, 12], "texture": "#0"},
				"east": {"uv": [0, 10.5, 1, 12], "texture": "#0"},
				"south": {"uv": [3, 10.5, 4, 12], "texture": "#0"},
				"west": {"uv": [2, 10.5, 3, 12], "texture": "#0"},
				"up": {"uv": [1, 1, 0, 0], "texture": "#0"},
				"down": {"uv": [3, 8, 2, 9], "texture": "#0"}
			}
		},
		{
			"name": "Left Leg",
			"from": [4.35, -6, 18],
			"to": [8.1, 0, 22],
			"rotation": {"angle": -22.5, "axis": "x", "origin": [8, 0, 19]},
			"faces": {
				"north": {"uv": [5, 13, 6, 14.5], "texture": "#0"},
				"east": {"uv": [4, 13, 5, 14.5], "texture": "#0"},
				"south": {"uv": [7, 13, 8, 14.5], "texture": "#0"},
				"west": {"uv": [6, 13, 7, 14.5], "texture": "#0"},
				"up": {"uv": [6, 13, 5, 12], "texture": "#0"},
				"down": {"uv": [7, 12, 6, 13], "texture": "#0"}
			}
		},
		{
			"name": "Left Leg Layer",
			"from": [4.1, -6.25, 17.75],
			"to": [8.35, 0.25, 22.25],
			"rotation": {"angle": -22.5, "axis": "x", "origin": [8, 0, 19]},
			"faces": {
				"north": {"uv": [1, 13, 2, 14.5], "texture": "#0"},
				"east": {"uv": [0, 13, 1, 14.5], "texture": "#0"},
				"south": {"uv": [3, 13, 4, 14.5], "texture": "#0"},
				"west": {"uv": [2, 13, 3, 14.5], "texture": "#0"},
				"up": {"uv": [2, 13, 1, 12], "texture": "#0"},
				"down": {"uv": [1, 0, 0, 1], "texture": "#0"}
			}
		},
		{
			"name": "Left Leg",
			"from": [4.35, -12, 18],
			"to": [8.1, -6, 22],
			"rotation": {"angle": -22.5, "axis": "x", "origin": [8, 0, 19]},
			"faces": {
				"north": {"uv": [5, 14.5, 6, 16], "texture": "#0"},
				"east": {"uv": [4, 14.5, 5, 16], "texture": "#0"},
				"south": {"uv": [7, 14.5, 8, 16], "texture": "#0"},
				"west": {"uv": [6, 14.5, 7, 16], "texture": "#0"},
				"up": {"uv": [6, 14.5, 5, 13.5], "texture": "#0"},
				"down": {"uv": [7, 12, 6, 13], "texture": "#0"}
			}
		},
		{
			"name": "Left Leg Layer",
			"from": [4.1, -12.25, 17.75],
			"to": [8.35, -5.75, 22.25],
			"rotation": {"angle": -22.5, "axis": "x", "origin": [8, 0, 19]},
			"faces": {
				"north": {"uv": [1, 14.5, 2, 16], "texture": "#0"},
				"east": {"uv": [0, 14.5, 1, 16], "texture": "#0"},
				"south": {"uv": [3, 14.5, 4, 16], "texture": "#0"},
				"west": {"uv": [2, 14.5, 3, 16], "texture": "#0"},
				"up": {"uv": [1, 1, 0, 0], "texture": "#0"},
				"down": {"uv": [3, 12, 2, 13], "texture": "#0"}
			}
		}
	],
	"display": {
		"thirdperson_righthand": {
			"rotation": [77, -10, -7.25],
			"translation": [-1, -11.25, 14.25]
		},
		"head": {
			"translation": [0, -12.75, -1.75],
			"scale": [1.6, 1.6, 1.6]
		}
	},
	"groups": [
		0,
		1,
		2,
		3,
		4,
		5,
		6,
		7,
		8,
		9,
		10,
		11,
		12,
		13,
		14,
		15,
		{
			"name": "Head",
			"origin": [0, 24, 0],
			"color": 0,
			"children": [16, 17]
		},
		{
			"name": "Body",
			"origin": [0, 24, 0],
			"color": 0,
			"children": [
				18,
				19,
				{
					"name": "Body",
					"origin": [0, 24, 0],
					"color": 0,
					"children": [20, 21]
				}
			]
		},
		{
			"name": "RightArm",
			"origin": [5, 22, 0],
			"color": 0,
			"children": [
				22,
				23,
				{
					"name": "RightArm",
					"origin": [5, 22, 0],
					"color": 0,
					"children": [24, 25]
				}
			]
		},
		{
			"name": "LeftArm",
			"origin": [-5, 22, 0],
			"color": 0,
			"children": [
				26,
				27,
				{
					"name": "LeftArm",
					"origin": [-5, 22, 0],
					"color": 0,
					"children": [28, 29]
				}
			]
		},
		{
			"name": "RightLeg",
			"origin": [1.9, 12, 0],
			"color": 0,
			"children": [
				30,
				31,
				{
					"name": "RightLeg",
					"origin": [1.9, 12, 0],
					"color": 0,
					"children": [32, 33]
				}
			]
		},
		{
			"name": "LeftLeg",
			"origin": [-1.9, 12, 0],
			"color": 0,
			"children": [
				34,
				35,
				{
					"name": "LeftLeg",
					"origin": [-1.9, 12, 0],
					"color": 0,
					"children": [36, 37]
				}
			]
		}
	]
}