{
	"credit": "Made with Blockbench",
	"texture_size": [64, 64],
	"textures": {
		"main": "nw:stand/skins/anim/the_hand_erase"
	},
	"elements": [
		{
			"name": "Head",
			"from": [4, 11, 0],
			"to": [12, 19, 8],
			"rotation": {"angle": 0, "axis": "x", "origin": [8, 0, 8]},
			"faces": {
				"north": {"uv": [4.25, 0.25, 4.5, 0.5], "texture": "#main"},
				"east": {"uv": [4, 0.25, 4.25, 0.5], "texture": "#main"},
				"south": {"uv": [4.75, 0.25, 5, 0.5], "texture": "#main"},
				"west": {"uv": [4.5, 0.25, 4.75, 0.5], "texture": "#main"},
				"up": {"uv": [4.5, 0.25, 4.25, 0], "texture": "#main"},
				"down": {"uv": [4.75, 0, 4.5, 0.25], "texture": "#main"}
			}
		},
		{
			"name": "Hat Layer",
			"from": [3.5, 10.5, -0.5],
			"to": [12.5, 19.5, 8.5],
			"rotation": {"angle": 0, "axis": "x", "origin": [8, 0, 8]},
			"faces": {
				"north": {"uv": [5.25, 0.25, 5.5, 0.5], "texture": "#main"},
				"east": {"uv": [5, 0.25, 5.25, 0.5], "texture": "#main"},
				"south": {"uv": [5.75, 0.25, 6, 0.5], "texture": "#main"},
				"west": {"uv": [5.5, 0.25, 5.75, 0.5], "texture": "#main"},
				"up": {"uv": [5.5, 0.25, 5.25, 0], "texture": "#main"},
				"down": {"uv": [5.75, 0, 5.5, 0.25], "texture": "#main"}
			}
		},
		{
			"name": "Body",
			"from": [4, 6, 5.75],
			"to": [12, 12, 10.25],
			"rotation": {"angle": -22.5, "axis": "x", "origin": [8, 0, 8]},
			"faces": {
				"north": {"uv": [4.625, 0.625, 4.875, 0.8125], "texture": "#main"},
				"east": {"uv": [4.5, 0.625, 4.625, 0.8125], "texture": "#main"},
				"south": {"uv": [5, 0.625, 5.25, 0.8125], "texture": "#main"},
				"west": {"uv": [4.875, 0.625, 5, 0.8125], "texture": "#main"},
				"up": {"uv": [4.875, 0.625, 4.625, 0.5], "texture": "#main"},
				"down": {"uv": [5.125, 0.5, 4.875, 0.625], "texture": "#main"}
			}
		},
		{
			"name": "Body Layer",
			"from": [3.75, 5.75, 5.5],
			"to": [12.25, 12.25, 10.5],
			"rotation": {"angle": -22.5, "axis": "x", "origin": [8, 0, 8]},
			"faces": {
				"north": {"uv": [4.625, 1.125, 4.875, 1.3125], "texture": "#main"},
				"east": {"uv": [4.5, 1.125, 4.625, 1.3125], "texture": "#main"},
				"south": {"uv": [5, 1.125, 5.25, 1.3125], "texture": "#main"},
				"west": {"uv": [4.875, 1.125, 5, 1.3125], "texture": "#main"},
				"up": {"uv": [4.875, 1.125, 4.625, 1], "texture": "#main"},
				"down": {"uv": [4.25, 0, 4, 0.125], "texture": "#main"}
			}
		},
		{
			"name": "Body",
			"from": [4.25, 0, 6],
			"to": [11.75, 6, 10],
			"rotation": {"angle": -22.5, "axis": "x", "origin": [8, 0, 8]},
			"faces": {
				"north": {"uv": [4.625, 0.8125, 4.875, 1], "texture": "#main"},
				"east": {"uv": [4.5, 0.8125, 4.625, 1], "texture": "#main"},
				"south": {"uv": [5, 0.8125, 5.25, 1], "texture": "#main"},
				"west": {"uv": [4.875, 0.8125, 5, 1], "texture": "#main"},
				"up": {"uv": [4.875, 0.8125, 4.625, 0.6875], "texture": "#main"},
				"down": {"uv": [5.125, 0.6875, 4.875, 0.8125], "texture": "#main"}
			}
		},
		{
			"name": "Body Layer",
			"from": [4, -0.25, 5.75],
			"to": [12, 6.25, 10.25],
			"rotation": {"angle": -22.5, "axis": "x", "origin": [8, 0, 8]},
			"faces": {
				"north": {"uv": [4.625, 1.3125, 4.875, 1.5], "texture": "#main"},
				"east": {"uv": [4.5, 1.3125, 4.625, 1.5], "texture": "#main"},
				"south": {"uv": [5, 1.3125, 5.25, 1.5], "texture": "#main"},
				"west": {"uv": [4.875, 1.3125, 5, 1.5], "texture": "#main"},
				"up": {"uv": [4.25, 0.125, 4, 0], "texture": "#main"},
				"down": {"uv": [5.125, 1.1875, 4.875, 1.3125], "texture": "#main"}
			}
		},
		{
			"name": "Right Arm",
			"from": [10.01046, 7, -1.99792],
			"to": [14.01046, 11, 4.00208],
			"rotation": {"angle": 0, "axis": "y", "origin": [13, 10, 3]},
			"faces": {
				"north": {"uv": [5.625, 0.5, 5.5, 0.625], "rotation": 180, "texture": "#main"},
				"east": {"uv": [5.25, 0.625, 5.375, 0.8125], "rotation": 270, "texture": "#main"},
				"south": {"uv": [5.5, 0.625, 5.375, 0.5], "texture": "#main"},
				"west": {"uv": [5.5, 0.625, 5.625, 0.8125], "rotation": 90, "texture": "#main"},
				"up": {"uv": [5.375, 0.625, 5.5, 0.8125], "rotation": 180, "texture": "#main"},
				"down": {"uv": [5.625, 0.625, 5.75, 0.8125], "texture": "#main"}
			}
		},
		{
			"name": "Right Arm Layer",
			"from": [9.76046, 6.75, -2.24792],
			"to": [14.26046, 11.25, 4.25208],
			"rotation": {"angle": 0, "axis": "y", "origin": [13, 10, 3]},
			"faces": {
				"north": {"uv": [4.125, 0, 4, 0.125], "rotation": 180, "texture": "#main"},
				"east": {"uv": [5.25, 1.125, 5.375, 1.3125], "rotation": 270, "texture": "#main"},
				"south": {"uv": [5.5, 1.125, 5.375, 1], "texture": "#main"},
				"west": {"uv": [5.5, 1.125, 5.625, 1.3125], "rotation": 90, "texture": "#main"},
				"up": {"uv": [5.375, 1.125, 5.5, 1.3125], "rotation": 180, "texture": "#main"},
				"down": {"uv": [5.625, 1.125, 5.75, 1.3125], "texture": "#main"}
			}
		},
		{
			"name": "Right Arm",
			"from": [10.01046, 7, -7.99792],
			"to": [14.01046, 11, -1.99792],
			"rotation": {"angle": 0, "axis": "y", "origin": [13, 10, 3]},
			"faces": {
				"north": {"uv": [5.625, 0.5, 5.5, 0.625], "rotation": 180, "texture": "#main"},
				"east": {"uv": [5.25, 0.8125, 5.375, 1], "rotation": 270, "texture": "#main"},
				"south": {"uv": [5.5, 0.8125, 5.375, 0.6875], "texture": "#main"},
				"west": {"uv": [5.5, 0.8125, 5.625, 1], "rotation": 90, "texture": "#main"},
				"up": {"uv": [5.375, 0.8125, 5.5, 1], "rotation": 180, "texture": "#main"},
				"down": {"uv": [5.625, 0.8125, 5.75, 1], "texture": "#main"}
			}
		},
		{
			"name": "Right Arm Layer",
			"from": [9.76046, 6.75, -8.24792],
			"to": [14.26046, 11.25, -1.74792],
			"rotation": {"angle": 0, "axis": "y", "origin": [13, 10, 3]},
			"faces": {
				"north": {"uv": [5.625, 1, 5.5, 1.125], "rotation": 180, "texture": "#main"},
				"east": {"uv": [5.25, 1.3125, 5.375, 1.5], "rotation": 270, "texture": "#main"},
				"south": {"uv": [4.125, 0.125, 4, 0], "texture": "#main"},
				"west": {"uv": [5.5, 1.3125, 5.625, 1.5], "rotation": 90, "texture": "#main"},
				"up": {"uv": [5.375, 1.3125, 5.5, 1.5], "rotation": 180, "texture": "#main"},
				"down": {"uv": [5.625, 1.3125, 5.75, 1.5], "texture": "#main"}
			}
		},
		{
			"from": [17.36396, 7, -6.19239],
			"to": [19.36396, 11, 3.80761],
			"rotation": {"angle": 22.5, "axis": "y", "origin": [13, 10, 3]},
			"faces": {
				"north": {"uv": [6, 0, 6.01563, 0.03125], "texture": "#main"},
				"east": {"uv": [6, 0, 6.07813, 0.03125], "texture": "#main"},
				"south": {"uv": [6, 0, 6.01563, 0.03125], "texture": "#main"},
				"west": {"uv": [6, 0, 6.07813, 0.03125], "texture": "#main"},
				"up": {"uv": [6, 0, 6.07813, 0.01563], "rotation": 90, "texture": "#main"},
				"down": {"uv": [6, 0, 6.07813, 0.01563], "rotation": 270, "texture": "#main"}
			}
		},
		{
			"from": [6, 7, -8],
			"to": [11, 11, -6],
			"rotation": {"angle": -22.5, "axis": "y", "origin": [13, 10, 3]},
			"faces": {
				"north": {"uv": [6, 0, 6.03906, 0.03125], "texture": "#main"},
				"east": {"uv": [6, 0, 6.01563, 0.03125], "texture": "#main"},
				"south": {"uv": [6, 0, 6.03906, 0.03125], "texture": "#main"},
				"west": {"uv": [6, 0, 6.01563, 0.03125], "texture": "#main"},
				"up": {"uv": [6, 0, 6.03906, 0.01563], "texture": "#main"},
				"down": {"uv": [6, 0, 6.03906, 0.01563], "texture": "#main"}
			}
		},
		{
			"name": "Left Arm",
			"from": [0, 7, 2],
			"to": [4, 13, 6],
			"rotation": {"angle": -22.5, "axis": "x", "origin": [2, 10, 8]},
			"faces": {
				"north": {"uv": [5.125, 1.625, 5.25, 1.8125], "texture": "#main"},
				"east": {"uv": [5, 1.625, 5.125, 1.8125], "texture": "#main"},
				"south": {"uv": [5.375, 1.625, 5.5, 1.8125], "texture": "#main"},
				"west": {"uv": [5.25, 1.625, 5.375, 1.8125], "texture": "#main"},
				"up": {"uv": [5.25, 1.625, 5.125, 1.5], "texture": "#main"},
				"down": {"uv": [5.375, 1.5, 5.25, 1.625], "texture": "#main"}
			}
		},
		{
			"name": "Left Arm Layer",
			"from": [-0.25, 6.75, 1.75],
			"to": [4.25, 13.25, 6.25],
			"rotation": {"angle": -22.5, "axis": "x", "origin": [2, 10, 8]},
			"faces": {
				"north": {"uv": [5.625, 1.625, 5.75, 1.8125], "texture": "#main"},
				"east": {"uv": [5.5, 1.625, 5.625, 1.8125], "texture": "#main"},
				"south": {"uv": [5.875, 1.625, 6, 1.8125], "texture": "#main"},
				"west": {"uv": [5.75, 1.625, 5.875, 1.8125], "texture": "#main"},
				"up": {"uv": [5.75, 1.625, 5.625, 1.5], "texture": "#main"},
				"down": {"uv": [4.125, 0, 4, 0.125], "texture": "#main"}
			}
		},
		{
			"name": "Left Arm",
			"from": [0, 1, 2],
			"to": [4, 7, 6],
			"rotation": {"angle": -22.5, "axis": "x", "origin": [2, 10, 8]},
			"faces": {
				"north": {"uv": [5.125, 1.8125, 5.25, 2], "texture": "#main"},
				"east": {"uv": [5, 1.8125, 5.125, 2], "texture": "#main"},
				"south": {"uv": [5.375, 1.8125, 5.5, 2], "texture": "#main"},
				"west": {"uv": [5.25, 1.8125, 5.375, 2], "texture": "#main"},
				"up": {"uv": [5.25, 1.8125, 5.125, 1.6875], "texture": "#main"},
				"down": {"uv": [5.375, 1.5, 5.25, 1.625], "texture": "#main"}
			}
		},
		{
			"name": "Left Arm Layer",
			"from": [-0.25, 0.75, 1.75],
			"to": [4.25, 7.25, 6.25],
			"rotation": {"angle": -22.5, "axis": "x", "origin": [2, 10, 8]},
			"faces": {
				"north": {"uv": [5.625, 1.8125, 5.75, 2], "texture": "#main"},
				"east": {"uv": [5.5, 1.8125, 5.625, 2], "texture": "#main"},
				"south": {"uv": [5.875, 1.8125, 6, 2], "texture": "#main"},
				"west": {"uv": [5.75, 1.8125, 5.875, 2], "texture": "#main"},
				"up": {"uv": [4.125, 0.125, 4, 0], "texture": "#main"},
				"down": {"uv": [5.875, 1.5, 5.75, 1.625], "texture": "#main"}
			}
		},
		{
			"name": "Right Leg",
			"from": [7.9, -6, 6],
			"to": [11.65, 0, 10],
			"rotation": {"angle": -22.5, "axis": "x", "origin": [8, 0, 8]},
			"faces": {
				"north": {"uv": [4.125, 0.625, 4.25, 0.8125], "texture": "#main"},
				"east": {"uv": [4, 0.625, 4.125, 0.8125], "texture": "#main"},
				"south": {"uv": [4.375, 0.625, 4.5, 0.8125], "texture": "#main"},
				"west": {"uv": [4.25, 0.625, 4.375, 0.8125], "texture": "#main"},
				"up": {"uv": [4.25, 0.625, 4.125, 0.5], "texture": "#main"},
				"down": {"uv": [4.375, 0.5, 4.25, 0.625], "texture": "#main"}
			}
		},
		{
			"name": "Right Leg Layer",
			"from": [7.65, -6.25, 5.75],
			"to": [11.9, 0.25, 10.25],
			"rotation": {"angle": -22.5, "axis": "x", "origin": [8, 0, 8]},
			"faces": {
				"north": {"uv": [4.125, 1.125, 4.25, 1.3125], "texture": "#main"},
				"east": {"uv": [4, 1.125, 4.125, 1.3125], "texture": "#main"},
				"south": {"uv": [4.375, 1.125, 4.5, 1.3125], "texture": "#main"},
				"west": {"uv": [4.25, 1.125, 4.375, 1.3125], "texture": "#main"},
				"up": {"uv": [4.25, 1.125, 4.125, 1], "texture": "#main"},
				"down": {"uv": [4.125, 0, 4, 0.125], "texture": "#main"}
			}
		},
		{
			"name": "Right Leg",
			"from": [7.9, -12, 6],
			"to": [11.65, -6, 10],
			"rotation": {"angle": -22.5, "axis": "x", "origin": [8, 0, 8]},
			"faces": {
				"north": {"uv": [4.125, 0.8125, 4.25, 1], "texture": "#main"},
				"east": {"uv": [4, 0.8125, 4.125, 1], "texture": "#main"},
				"south": {"uv": [4.375, 0.8125, 4.5, 1], "texture": "#main"},
				"west": {"uv": [4.25, 0.8125, 4.375, 1], "texture": "#main"},
				"up": {"uv": [4.25, 0.8125, 4.125, 0.6875], "texture": "#main"},
				"down": {"uv": [4.375, 0.5, 4.25, 0.625], "texture": "#main"}
			}
		},
		{
			"name": "Right Leg Layer",
			"from": [7.65, -12.25, 5.75],
			"to": [11.9, -5.75, 10.25],
			"rotation": {"angle": -22.5, "axis": "x", "origin": [8, 0, 8]},
			"faces": {
				"north": {"uv": [4.125, 1.3125, 4.25, 1.5], "texture": "#main"},
				"east": {"uv": [4, 1.3125, 4.125, 1.5], "texture": "#main"},
				"south": {"uv": [4.375, 1.3125, 4.5, 1.5], "texture": "#main"},
				"west": {"uv": [4.25, 1.3125, 4.375, 1.5], "texture": "#main"},
				"up": {"uv": [4.125, 0.125, 4, 0], "texture": "#main"},
				"down": {"uv": [4.375, 1, 4.25, 1.125], "texture": "#main"}
			}
		},
		{
			"name": "Left Leg",
			"from": [4.35, -6, 6],
			"to": [8.1, 0, 10],
			"rotation": {"angle": 0, "axis": "y", "origin": [8, 0, 8]},
			"faces": {
				"north": {"uv": [4.625, 1.625, 4.75, 1.8125], "texture": "#main"},
				"east": {"uv": [4.5, 1.625, 4.625, 1.8125], "texture": "#main"},
				"south": {"uv": [4.875, 1.625, 5, 1.8125], "texture": "#main"},
				"west": {"uv": [4.75, 1.625, 4.875, 1.8125], "texture": "#main"},
				"up": {"uv": [4.75, 1.625, 4.625, 1.5], "texture": "#main"},
				"down": {"uv": [4.875, 1.5, 4.75, 1.625], "texture": "#main"}
			}
		},
		{
			"name": "Left Leg Layer",
			"from": [4.1, -6.25, 5.75],
			"to": [8.35, 0.25, 10.25],
			"rotation": {"angle": 0, "axis": "y", "origin": [8, 0, 8]},
			"faces": {
				"north": {"uv": [4.125, 1.625, 4.25, 1.8125], "texture": "#main"},
				"east": {"uv": [4, 1.625, 4.125, 1.8125], "texture": "#main"},
				"south": {"uv": [4.375, 1.625, 4.5, 1.8125], "texture": "#main"},
				"west": {"uv": [4.25, 1.625, 4.375, 1.8125], "texture": "#main"},
				"up": {"uv": [4.25, 1.625, 4.125, 1.5], "texture": "#main"},
				"down": {"uv": [4.125, 0, 4, 0.125], "texture": "#main"}
			}
		},
		{
			"name": "Left Leg",
			"from": [4.35, -12, 6],
			"to": [8.1, -6, 10],
			"rotation": {"angle": 0, "axis": "y", "origin": [8, 0, 8]},
			"faces": {
				"north": {"uv": [4.625, 1.8125, 4.75, 2], "texture": "#main"},
				"east": {"uv": [4.5, 1.8125, 4.625, 2], "texture": "#main"},
				"south": {"uv": [4.875, 1.8125, 5, 2], "texture": "#main"},
				"west": {"uv": [4.75, 1.8125, 4.875, 2], "texture": "#main"},
				"up": {"uv": [4.75, 1.8125, 4.625, 1.6875], "texture": "#main"},
				"down": {"uv": [4.875, 1.5, 4.75, 1.625], "texture": "#main"}
			}
		},
		{
			"name": "Left Leg Layer",
			"from": [4.1, -12.25, 5.75],
			"to": [8.35, -5.75, 10.25],
			"rotation": {"angle": 0, "axis": "y", "origin": [8, 0, 8]},
			"faces": {
				"north": {"uv": [4.125, 1.8125, 4.25, 2], "texture": "#main"},
				"east": {"uv": [4, 1.8125, 4.125, 2], "texture": "#main"},
				"south": {"uv": [4.375, 1.8125, 4.5, 2], "texture": "#main"},
				"west": {"uv": [4.25, 1.8125, 4.375, 2], "texture": "#main"},
				"up": {"uv": [4.125, 0.125, 4, 0], "texture": "#main"},
				"down": {"uv": [4.375, 1.5, 4.25, 1.625], "texture": "#main"}
			}
		},
		{
			"name": "Head",
			"from": [4, 11, 0],
			"to": [12, 19, 8],
			"rotation": {"angle": 0, "axis": "x", "origin": [8, 0, 8]},
			"faces": {
				"north": {"uv": [8.25, 0.25, 8.5, 0.5], "texture": "#main"},
				"east": {"uv": [8, 0.25, 8.25, 0.5], "texture": "#main"},
				"south": {"uv": [8.75, 0.25, 9, 0.5], "texture": "#main"},
				"west": {"uv": [8.5, 0.25, 8.75, 0.5], "texture": "#main"},
				"up": {"uv": [8.5, 0.25, 8.25, 0], "texture": "#main"},
				"down": {"uv": [8.75, 0, 8.5, 0.25], "texture": "#main"}
			}
		},
		{
			"name": "Hat Layer",
			"from": [3.5, 10.5, -0.5],
			"to": [12.5, 19.5, 8.5],
			"rotation": {"angle": 0, "axis": "x", "origin": [8, 0, 8]},
			"faces": {
				"north": {"uv": [9.25, 0.25, 9.5, 0.5], "texture": "#main"},
				"east": {"uv": [9, 0.25, 9.25, 0.5], "texture": "#main"},
				"south": {"uv": [9.75, 0.25, 10, 0.5], "texture": "#main"},
				"west": {"uv": [9.5, 0.25, 9.75, 0.5], "texture": "#main"},
				"up": {"uv": [9.5, 0.25, 9.25, 0], "texture": "#main"},
				"down": {"uv": [9.75, 0, 9.5, 0.25], "texture": "#main"}
			}
		},
		{
			"name": "Body",
			"from": [4, 6, 5.75],
			"to": [12, 12, 10.25],
			"rotation": {"angle": -22.5, "axis": "x", "origin": [8, 0, 8]},
			"faces": {
				"north": {"uv": [8.625, 0.625, 8.875, 0.8125], "texture": "#main"},
				"east": {"uv": [8.5, 0.625, 8.625, 0.8125], "texture": "#main"},
				"south": {"uv": [9, 0.625, 9.25, 0.8125], "texture": "#main"},
				"west": {"uv": [8.875, 0.625, 9, 0.8125], "texture": "#main"},
				"up": {"uv": [8.875, 0.625, 8.625, 0.5], "texture": "#main"},
				"down": {"uv": [9.125, 0.5, 8.875, 0.625], "texture": "#main"}
			}
		},
		{
			"name": "Body Layer",
			"from": [3.75, 5.75, 5.5],
			"to": [12.25, 12.25, 10.5],
			"rotation": {"angle": -22.5, "axis": "x", "origin": [8, 0, 8]},
			"faces": {
				"north": {"uv": [8.625, 1.125, 8.875, 1.3125], "texture": "#main"},
				"east": {"uv": [8.5, 1.125, 8.625, 1.3125], "texture": "#main"},
				"south": {"uv": [9, 1.125, 9.25, 1.3125], "texture": "#main"},
				"west": {"uv": [8.875, 1.125, 9, 1.3125], "texture": "#main"},
				"up": {"uv": [8.875, 1.125, 8.625, 1], "texture": "#main"},
				"down": {"uv": [8.25, 0, 8, 0.125], "texture": "#main"}
			}
		},
		{
			"name": "Body",
			"from": [4.25, 0, 6],
			"to": [11.75, 6, 10],
			"rotation": {"angle": -22.5, "axis": "x", "origin": [8, 0, 8]},
			"faces": {
				"north": {"uv": [8.625, 0.8125, 8.875, 1], "texture": "#main"},
				"east": {"uv": [8.5, 0.8125, 8.625, 1], "texture": "#main"},
				"south": {"uv": [9, 0.8125, 9.25, 1], "texture": "#main"},
				"west": {"uv": [8.875, 0.8125, 9, 1], "texture": "#main"},
				"up": {"uv": [8.875, 0.8125, 8.625, 0.6875], "texture": "#main"},
				"down": {"uv": [9.125, 0.6875, 8.875, 0.8125], "texture": "#main"}
			}
		},
		{
			"name": "Body Layer",
			"from": [4, -0.25, 5.75],
			"to": [12, 6.25, 10.25],
			"rotation": {"angle": -22.5, "axis": "x", "origin": [8, 0, 8]},
			"faces": {
				"north": {"uv": [8.625, 1.3125, 8.875, 1.5], "texture": "#main"},
				"east": {"uv": [8.5, 1.3125, 8.625, 1.5], "texture": "#main"},
				"south": {"uv": [9, 1.3125, 9.25, 1.5], "texture": "#main"},
				"west": {"uv": [8.875, 1.3125, 9, 1.5], "texture": "#main"},
				"up": {"uv": [8.25, 0.125, 8, 0], "texture": "#main"},
				"down": {"uv": [9.125, 1.1875, 8.875, 1.3125], "texture": "#main"}
			}
		},
		{
			"name": "Right Arm",
			"from": [10.01046, 7, -1.99792],
			"to": [14.01046, 11, 4.00208],
			"rotation": {"angle": 22.5, "axis": "y", "origin": [13, 10, 3]},
			"faces": {
				"north": {"uv": [9.625, 0.5, 9.5, 0.625], "rotation": 180, "texture": "#main"},
				"east": {"uv": [9.25, 0.625, 9.375, 0.8125], "rotation": 270, "texture": "#main"},
				"south": {"uv": [9.5, 0.625, 9.375, 0.5], "texture": "#main"},
				"west": {"uv": [9.5, 0.625, 9.625, 0.8125], "rotation": 90, "texture": "#main"},
				"up": {"uv": [9.375, 0.625, 9.5, 0.8125], "rotation": 180, "texture": "#main"},
				"down": {"uv": [9.625, 0.625, 9.75, 0.8125], "texture": "#main"}
			}
		},
		{
			"name": "Right Arm Layer",
			"from": [9.76046, 6.75, -2.24792],
			"to": [14.26046, 11.25, 4.25208],
			"rotation": {"angle": 22.5, "axis": "y", "origin": [13, 10, 3]},
			"faces": {
				"north": {"uv": [8.125, 0, 8, 0.125], "rotation": 180, "texture": "#main"},
				"east": {"uv": [9.25, 1.125, 9.375, 1.3125], "rotation": 270, "texture": "#main"},
				"south": {"uv": [9.5, 1.125, 9.375, 1], "texture": "#main"},
				"west": {"uv": [9.5, 1.125, 9.625, 1.3125], "rotation": 90, "texture": "#main"},
				"up": {"uv": [9.375, 1.125, 9.5, 1.3125], "rotation": 180, "texture": "#main"},
				"down": {"uv": [9.625, 1.125, 9.75, 1.3125], "texture": "#main"}
			}
		},
		{
			"name": "Right Arm",
			"from": [10.01046, 7, -7.99792],
			"to": [14.01046, 11, -1.99792],
			"rotation": {"angle": 22.5, "axis": "y", "origin": [13, 10, 3]},
			"faces": {
				"north": {"uv": [9.625, 0.5, 9.5, 0.625], "rotation": 180, "texture": "#main"},
				"east": {"uv": [9.25, 0.8125, 9.375, 1], "rotation": 270, "texture": "#main"},
				"south": {"uv": [9.5, 0.8125, 9.375, 0.6875], "texture": "#main"},
				"west": {"uv": [9.5, 0.8125, 9.625, 1], "rotation": 90, "texture": "#main"},
				"up": {"uv": [9.375, 0.8125, 9.5, 1], "rotation": 180, "texture": "#main"},
				"down": {"uv": [9.625, 0.8125, 9.75, 1], "texture": "#main"}
			}
		},
		{
			"name": "Right Arm Layer",
			"from": [9.76046, 6.75, -8.24792],
			"to": [14.26046, 11.25, -1.74792],
			"rotation": {"angle": 22.5, "axis": "y", "origin": [13, 10, 3]},
			"faces": {
				"north": {"uv": [9.625, 1, 9.5, 1.125], "rotation": 180, "texture": "#main"},
				"east": {"uv": [9.25, 1.3125, 9.375, 1.5], "rotation": 270, "texture": "#main"},
				"south": {"uv": [8.125, 0.125, 8, 0], "texture": "#main"},
				"west": {"uv": [9.5, 1.3125, 9.625, 1.5], "rotation": 90, "texture": "#main"},
				"up": {"uv": [9.375, 1.3125, 9.5, 1.5], "rotation": 180, "texture": "#main"},
				"down": {"uv": [9.625, 1.3125, 9.75, 1.5], "texture": "#main"}
			}
		},
		{
			"from": [17.36396, 7, -6.19239],
			"to": [19.36396, 11, 3.80761],
			"rotation": {"angle": 45, "axis": "y", "origin": [13, 10, 3]},
			"faces": {
				"north": {"uv": [10, 0, 10.01563, 0.03125], "texture": "#main"},
				"east": {"uv": [10, 0, 10.07813, 0.03125], "texture": "#main"},
				"south": {"uv": [10, 0, 10.01563, 0.03125], "texture": "#main"},
				"west": {"uv": [10, 0, 10.07813, 0.03125], "texture": "#main"},
				"up": {"uv": [10, 0, 10.07813, 0.01563], "rotation": 90, "texture": "#main"},
				"down": {"uv": [10, 0, 10.07813, 0.01563], "rotation": 270, "texture": "#main"}
			}
		},
		{
			"from": [6, 7, -8],
			"to": [11, 11, -6],
			"rotation": {"angle": 0, "axis": "y", "origin": [13, 10, 3]},
			"faces": {
				"north": {"uv": [10, 0, 10.03906, 0.03125], "texture": "#main"},
				"east": {"uv": [10, 0, 10.01563, 0.03125], "texture": "#main"},
				"south": {"uv": [10, 0, 10.03906, 0.03125], "texture": "#main"},
				"west": {"uv": [10, 0, 10.01563, 0.03125], "texture": "#main"},
				"up": {"uv": [10, 0, 10.03906, 0.01563], "texture": "#main"},
				"down": {"uv": [10, 0, 10.03906, 0.01563], "texture": "#main"}
			}
		},
		{
			"name": "Left Arm",
			"from": [0, 7, 2],
			"to": [4, 13, 6],
			"rotation": {"angle": -22.5, "axis": "x", "origin": [2, 10, 8]},
			"faces": {
				"north": {"uv": [9.125, 1.625, 9.25, 1.8125], "texture": "#main"},
				"east": {"uv": [9, 1.625, 9.125, 1.8125], "texture": "#main"},
				"south": {"uv": [9.375, 1.625, 9.5, 1.8125], "texture": "#main"},
				"west": {"uv": [9.25, 1.625, 9.375, 1.8125], "texture": "#main"},
				"up": {"uv": [9.25, 1.625, 9.125, 1.5], "texture": "#main"},
				"down": {"uv": [9.375, 1.5, 9.25, 1.625], "texture": "#main"}
			}
		},
		{
			"name": "Left Arm Layer",
			"from": [-0.25, 6.75, 1.75],
			"to": [4.25, 13.25, 6.25],
			"rotation": {"angle": -22.5, "axis": "x", "origin": [2, 10, 8]},
			"faces": {
				"north": {"uv": [9.625, 1.625, 9.75, 1.8125], "texture": "#main"},
				"east": {"uv": [9.5, 1.625, 9.625, 1.8125], "texture": "#main"},
				"south": {"uv": [9.875, 1.625, 10, 1.8125], "texture": "#main"},
				"west": {"uv": [9.75, 1.625, 9.875, 1.8125], "texture": "#main"},
				"up": {"uv": [9.75, 1.625, 9.625, 1.5], "texture": "#main"},
				"down": {"uv": [8.125, 0, 8, 0.125], "texture": "#main"}
			}
		},
		{
			"name": "Left Arm",
			"from": [0, 1, 2],
			"to": [4, 7, 6],
			"rotation": {"angle": -22.5, "axis": "x", "origin": [2, 10, 8]},
			"faces": {
				"north": {"uv": [9.125, 1.8125, 9.25, 2], "texture": "#main"},
				"east": {"uv": [9, 1.8125, 9.125, 2], "texture": "#main"},
				"south": {"uv": [9.375, 1.8125, 9.5, 2], "texture": "#main"},
				"west": {"uv": [9.25, 1.8125, 9.375, 2], "texture": "#main"},
				"up": {"uv": [9.25, 1.8125, 9.125, 1.6875], "texture": "#main"},
				"down": {"uv": [9.375, 1.5, 9.25, 1.625], "texture": "#main"}
			}
		},
		{
			"name": "Left Arm Layer",
			"from": [-0.25, 0.75, 1.75],
			"to": [4.25, 7.25, 6.25],
			"rotation": {"angle": -22.5, "axis": "x", "origin": [2, 10, 8]},
			"faces": {
				"north": {"uv": [9.625, 1.8125, 9.75, 2], "texture": "#main"},
				"east": {"uv": [9.5, 1.8125, 9.625, 2], "texture": "#main"},
				"south": {"uv": [9.875, 1.8125, 10, 2], "texture": "#main"},
				"west": {"uv": [9.75, 1.8125, 9.875, 2], "texture": "#main"},
				"up": {"uv": [8.125, 0.125, 8, 0], "texture": "#main"},
				"down": {"uv": [9.875, 1.5, 9.75, 1.625], "texture": "#main"}
			}
		},
		{
			"name": "Right Leg",
			"from": [7.9, -6, 6],
			"to": [11.65, 0, 10],
			"rotation": {"angle": -22.5, "axis": "x", "origin": [8, 0, 8]},
			"faces": {
				"north": {"uv": [8.125, 0.625, 8.25, 0.8125], "texture": "#main"},
				"east": {"uv": [8, 0.625, 8.125, 0.8125], "texture": "#main"},
				"south": {"uv": [8.375, 0.625, 8.5, 0.8125], "texture": "#main"},
				"west": {"uv": [8.25, 0.625, 8.375, 0.8125], "texture": "#main"},
				"up": {"uv": [8.25, 0.625, 8.125, 0.5], "texture": "#main"},
				"down": {"uv": [8.375, 0.5, 8.25, 0.625], "texture": "#main"}
			}
		},
		{
			"name": "Right Leg Layer",
			"from": [7.65, -6.25, 5.75],
			"to": [11.9, 0.25, 10.25],
			"rotation": {"angle": -22.5, "axis": "x", "origin": [8, 0, 8]},
			"faces": {
				"north": {"uv": [8.125, 1.125, 8.25, 1.3125], "texture": "#main"},
				"east": {"uv": [8, 1.125, 8.125, 1.3125], "texture": "#main"},
				"south": {"uv": [8.375, 1.125, 8.5, 1.3125], "texture": "#main"},
				"west": {"uv": [8.25, 1.125, 8.375, 1.3125], "texture": "#main"},
				"up": {"uv": [8.25, 1.125, 8.125, 1], "texture": "#main"},
				"down": {"uv": [8.125, 0, 8, 0.125], "texture": "#main"}
			}
		},
		{
			"name": "Right Leg",
			"from": [7.9, -12, 6],
			"to": [11.65, -6, 10],
			"rotation": {"angle": -22.5, "axis": "x", "origin": [8, 0, 8]},
			"faces": {
				"north": {"uv": [8.125, 0.8125, 8.25, 1], "texture": "#main"},
				"east": {"uv": [8, 0.8125, 8.125, 1], "texture": "#main"},
				"south": {"uv": [8.375, 0.8125, 8.5, 1], "texture": "#main"},
				"west": {"uv": [8.25, 0.8125, 8.375, 1], "texture": "#main"},
				"up": {"uv": [8.25, 0.8125, 8.125, 0.6875], "texture": "#main"},
				"down": {"uv": [8.375, 0.5, 8.25, 0.625], "texture": "#main"}
			}
		},
		{
			"name": "Right Leg Layer",
			"from": [7.65, -12.25, 5.75],
			"to": [11.9, -5.75, 10.25],
			"rotation": {"angle": -22.5, "axis": "x", "origin": [8, 0, 8]},
			"faces": {
				"north": {"uv": [8.125, 1.3125, 8.25, 1.5], "texture": "#main"},
				"east": {"uv": [8, 1.3125, 8.125, 1.5], "texture": "#main"},
				"south": {"uv": [8.375, 1.3125, 8.5, 1.5], "texture": "#main"},
				"west": {"uv": [8.25, 1.3125, 8.375, 1.5], "texture": "#main"},
				"up": {"uv": [8.125, 0.125, 8, 0], "texture": "#main"},
				"down": {"uv": [8.375, 1, 8.25, 1.125], "texture": "#main"}
			}
		},
		{
			"name": "Left Leg",
			"from": [4.35, -6, 6],
			"to": [8.1, 0, 10],
			"rotation": {"angle": 0, "axis": "y", "origin": [8, 0, 8]},
			"faces": {
				"north": {"uv": [8.625, 1.625, 8.75, 1.8125], "texture": "#main"},
				"east": {"uv": [8.5, 1.625, 8.625, 1.8125], "texture": "#main"},
				"south": {"uv": [8.875, 1.625, 9, 1.8125], "texture": "#main"},
				"west": {"uv": [8.75, 1.625, 8.875, 1.8125], "texture": "#main"},
				"up": {"uv": [8.75, 1.625, 8.625, 1.5], "texture": "#main"},
				"down": {"uv": [8.875, 1.5, 8.75, 1.625], "texture": "#main"}
			}
		},
		{
			"name": "Left Leg Layer",
			"from": [4.1, -6.25, 5.75],
			"to": [8.35, 0.25, 10.25],
			"rotation": {"angle": 0, "axis": "y", "origin": [8, 0, 8]},
			"faces": {
				"north": {"uv": [8.125, 1.625, 8.25, 1.8125], "texture": "#main"},
				"east": {"uv": [8, 1.625, 8.125, 1.8125], "texture": "#main"},
				"south": {"uv": [8.375, 1.625, 8.5, 1.8125], "texture": "#main"},
				"west": {"uv": [8.25, 1.625, 8.375, 1.8125], "texture": "#main"},
				"up": {"uv": [8.25, 1.625, 8.125, 1.5], "texture": "#main"},
				"down": {"uv": [8.125, 0, 8, 0.125], "texture": "#main"}
			}
		},
		{
			"name": "Left Leg",
			"from": [4.35, -12, 6],
			"to": [8.1, -6, 10],
			"rotation": {"angle": 0, "axis": "y", "origin": [8, 0, 8]},
			"faces": {
				"north": {"uv": [8.625, 1.8125, 8.75, 2], "texture": "#main"},
				"east": {"uv": [8.5, 1.8125, 8.625, 2], "texture": "#main"},
				"south": {"uv": [8.875, 1.8125, 9, 2], "texture": "#main"},
				"west": {"uv": [8.75, 1.8125, 8.875, 2], "texture": "#main"},
				"up": {"uv": [8.75, 1.8125, 8.625, 1.6875], "texture": "#main"},
				"down": {"uv": [8.875, 1.5, 8.75, 1.625], "texture": "#main"}
			}
		},
		{
			"name": "Left Leg Layer",
			"from": [4.1, -12.25, 5.75],
			"to": [8.35, -5.75, 10.25],
			"rotation": {"angle": 0, "axis": "y", "origin": [8, 0, 8]},
			"faces": {
				"north": {"uv": [8.125, 1.8125, 8.25, 2], "texture": "#main"},
				"east": {"uv": [8, 1.8125, 8.125, 2], "texture": "#main"},
				"south": {"uv": [8.375, 1.8125, 8.5, 2], "texture": "#main"},
				"west": {"uv": [8.25, 1.8125, 8.375, 2], "texture": "#main"},
				"up": {"uv": [8.125, 0.125, 8, 0], "texture": "#main"},
				"down": {"uv": [8.375, 1.5, 8.25, 1.625], "texture": "#main"}
			}
		},
		{
			"name": "Head",
			"from": [4, 11, 0],
			"to": [12, 19, 8],
			"rotation": {"angle": 0, "axis": "x", "origin": [8, 0, 8]},
			"faces": {
				"north": {"uv": [12.25, 0.25, 12.5, 0.5], "texture": "#main"},
				"east": {"uv": [12, 0.25, 12.25, 0.5], "texture": "#main"},
				"south": {"uv": [12.75, 0.25, 13, 0.5], "texture": "#main"},
				"west": {"uv": [12.5, 0.25, 12.75, 0.5], "texture": "#main"},
				"up": {"uv": [12.5, 0.25, 12.25, 0], "texture": "#main"},
				"down": {"uv": [12.75, 0, 12.5, 0.25], "texture": "#main"}
			}
		},
		{
			"name": "Hat Layer",
			"from": [3.5, 10.5, -0.5],
			"to": [12.5, 19.5, 8.5],
			"rotation": {"angle": 0, "axis": "x", "origin": [8, 0, 8]},
			"faces": {
				"north": {"uv": [13.25, 0.25, 13.5, 0.5], "texture": "#main"},
				"east": {"uv": [13, 0.25, 13.25, 0.5], "texture": "#main"},
				"south": {"uv": [13.75, 0.25, 14, 0.5], "texture": "#main"},
				"west": {"uv": [13.5, 0.25, 13.75, 0.5], "texture": "#main"},
				"up": {"uv": [13.5, 0.25, 13.25, 0], "texture": "#main"},
				"down": {"uv": [13.75, 0, 13.5, 0.25], "texture": "#main"}
			}
		},
		{
			"name": "Body",
			"from": [4, 6, 5.75],
			"to": [12, 12, 10.25],
			"rotation": {"angle": -22.5, "axis": "x", "origin": [8, 0, 8]},
			"faces": {
				"north": {"uv": [12.625, 0.625, 12.875, 0.8125], "texture": "#main"},
				"east": {"uv": [12.5, 0.625, 12.625, 0.8125], "texture": "#main"},
				"south": {"uv": [13, 0.625, 13.25, 0.8125], "texture": "#main"},
				"west": {"uv": [12.875, 0.625, 13, 0.8125], "texture": "#main"},
				"up": {"uv": [12.875, 0.625, 12.625, 0.5], "texture": "#main"},
				"down": {"uv": [13.125, 0.5, 12.875, 0.625], "texture": "#main"}
			}
		},
		{
			"name": "Body Layer",
			"from": [3.75, 5.75, 5.5],
			"to": [12.25, 12.25, 10.5],
			"rotation": {"angle": -22.5, "axis": "x", "origin": [8, 0, 8]},
			"faces": {
				"north": {"uv": [12.625, 1.125, 12.875, 1.3125], "texture": "#main"},
				"east": {"uv": [12.5, 1.125, 12.625, 1.3125], "texture": "#main"},
				"south": {"uv": [13, 1.125, 13.25, 1.3125], "texture": "#main"},
				"west": {"uv": [12.875, 1.125, 13, 1.3125], "texture": "#main"},
				"up": {"uv": [12.875, 1.125, 12.625, 1], "texture": "#main"},
				"down": {"uv": [12.25, 0, 12, 0.125], "texture": "#main"}
			}
		},
		{
			"name": "Body",
			"from": [4.25, 0, 6],
			"to": [11.75, 6, 10],
			"rotation": {"angle": -22.5, "axis": "x", "origin": [8, 0, 8]},
			"faces": {
				"north": {"uv": [12.625, 0.8125, 12.875, 1], "texture": "#main"},
				"east": {"uv": [12.5, 0.8125, 12.625, 1], "texture": "#main"},
				"south": {"uv": [13, 0.8125, 13.25, 1], "texture": "#main"},
				"west": {"uv": [12.875, 0.8125, 13, 1], "texture": "#main"},
				"up": {"uv": [12.875, 0.8125, 12.625, 0.6875], "texture": "#main"},
				"down": {"uv": [13.125, 0.6875, 12.875, 0.8125], "texture": "#main"}
			}
		},
		{
			"name": "Body Layer",
			"from": [4, -0.25, 5.75],
			"to": [12, 6.25, 10.25],
			"rotation": {"angle": -22.5, "axis": "x", "origin": [8, 0, 8]},
			"faces": {
				"north": {"uv": [12.625, 1.3125, 12.875, 1.5], "texture": "#main"},
				"east": {"uv": [12.5, 1.3125, 12.625, 1.5], "texture": "#main"},
				"south": {"uv": [13, 1.3125, 13.25, 1.5], "texture": "#main"},
				"west": {"uv": [12.875, 1.3125, 13, 1.5], "texture": "#main"},
				"up": {"uv": [12.25, 0.125, 12, 0], "texture": "#main"},
				"down": {"uv": [13.125, 1.1875, 12.875, 1.3125], "texture": "#main"}
			}
		},
		{
			"name": "Right Arm",
			"from": [12, 7.01046, -1.99792],
			"to": [16, 11.01046, 4.00208],
			"rotation": {"angle": 45, "axis": "x", "origin": [13, 10, 3]},
			"faces": {
				"north": {"uv": [13.625, 0.5, 13.5, 0.625], "rotation": 270, "texture": "#main"},
				"east": {"uv": [13.625, 0.625, 13.75, 0.8125], "rotation": 270, "texture": "#main"},
				"south": {"uv": [13.5, 0.625, 13.375, 0.5], "rotation": 270, "texture": "#main"},
				"west": {"uv": [13.375, 0.625, 13.5, 0.8125], "rotation": 90, "texture": "#main"},
				"up": {"uv": [13.25, 0.625, 13.375, 0.8125], "rotation": 180, "texture": "#main"},
				"down": {"uv": [13.5, 0.625, 13.625, 0.8125], "texture": "#main"}
			}
		},
		{
			"name": "Right Arm Layer",
			"from": [11.75, 6.76046, -2.24792],
			"to": [16.25, 11.26046, 4.25208],
			"rotation": {"angle": 45, "axis": "x", "origin": [13, 10, 3]},
			"faces": {
				"north": {"uv": [12.125, 0, 12, 0.125], "rotation": 270, "texture": "#main"},
				"east": {"uv": [13.625, 1.125, 13.75, 1.3125], "rotation": 270, "texture": "#main"},
				"south": {"uv": [13.5, 1.125, 13.375, 1], "rotation": 270, "texture": "#main"},
				"west": {"uv": [13.375, 1.125, 13.5, 1.3125], "rotation": 90, "texture": "#main"},
				"up": {"uv": [13.25, 1.125, 13.375, 1.3125], "rotation": 180, "texture": "#main"},
				"down": {"uv": [13.5, 1.125, 13.625, 1.3125], "texture": "#main"}
			}
		},
		{
			"name": "Right Arm",
			"from": [12, 7.01046, -7.99792],
			"to": [16, 11.01046, -1.99792],
			"rotation": {"angle": 45, "axis": "x", "origin": [13, 10, 3]},
			"faces": {
				"north": {"uv": [13.625, 0.5, 13.5, 0.625], "rotation": 270, "texture": "#main"},
				"east": {"uv": [13.625, 0.8125, 13.75, 1], "rotation": 270, "texture": "#main"},
				"south": {"uv": [13.5, 0.8125, 13.375, 0.6875], "rotation": 270, "texture": "#main"},
				"west": {"uv": [13.375, 0.8125, 13.5, 1], "rotation": 90, "texture": "#main"},
				"up": {"uv": [13.25, 0.8125, 13.375, 1], "rotation": 180, "texture": "#main"},
				"down": {"uv": [13.5, 0.8125, 13.625, 1], "texture": "#main"}
			}
		},
		{
			"name": "Right Arm Layer",
			"from": [11.75, 6.76046, -8.24792],
			"to": [16.25, 11.26046, -1.74792],
			"rotation": {"angle": 45, "axis": "x", "origin": [13, 10, 3]},
			"faces": {
				"north": {"uv": [13.625, 1, 13.5, 1.125], "rotation": 270, "texture": "#main"},
				"east": {"uv": [13.625, 1.3125, 13.75, 1.5], "rotation": 270, "texture": "#main"},
				"south": {"uv": [12.125, 0.125, 12, 0], "rotation": 270, "texture": "#main"},
				"west": {"uv": [13.375, 1.3125, 13.5, 1.5], "rotation": 90, "texture": "#main"},
				"up": {"uv": [13.25, 1.3125, 13.375, 1.5], "rotation": 180, "texture": "#main"},
				"down": {"uv": [13.5, 1.3125, 13.625, 1.5], "texture": "#main"}
			}
		},
		{
			"from": [12, 14.36396, -6.19239],
			"to": [16, 16.36396, 3.80761],
			"rotation": {"angle": 22.5, "axis": "x", "origin": [13, 10, 3]},
			"faces": {
				"north": {"uv": [14, 0, 14.01563, 0.03125], "rotation": 90, "texture": "#main"},
				"east": {"uv": [14, 0, 14.07813, 0.01563], "rotation": 180, "texture": "#main"},
				"south": {"uv": [14, 0, 14.01563, 0.03125], "rotation": 270, "texture": "#main"},
				"west": {"uv": [14, 0, 14.07813, 0.01563], "texture": "#main"},
				"up": {"uv": [14, 0, 14.07813, 0.03125], "rotation": 270, "texture": "#main"},
				"down": {"uv": [14, 0, 14.07813, 0.03125], "rotation": 270, "texture": "#main"}
			}
		},
		{
			"from": [12, 19, -4],
			"to": [16, 21, 1],
			"rotation": {"angle": -22.5, "axis": "x", "origin": [13, 10, 3]},
			"faces": {
				"north": {"uv": [14, 0, 14.01563, 0.03125], "rotation": 90, "texture": "#main"},
				"east": {"uv": [14, 0, 14.03906, 0.01563], "rotation": 180, "texture": "#main"},
				"south": {"uv": [14, 0, 14.01563, 0.03125], "rotation": 270, "texture": "#main"},
				"west": {"uv": [14, 0, 14.03906, 0.01563], "texture": "#main"},
				"up": {"uv": [14, 0, 14.03906, 0.03125], "rotation": 270, "texture": "#main"},
				"down": {"uv": [14, 0, 14.03906, 0.03125], "rotation": 270, "texture": "#main"}
			}
		},
		{
			"name": "Left Arm",
			"from": [0, 7, 2],
			"to": [4, 13, 6],
			"rotation": {"angle": -22.5, "axis": "x", "origin": [2, 10, 8]},
			"faces": {
				"north": {"uv": [13.125, 1.625, 13.25, 1.8125], "texture": "#main"},
				"east": {"uv": [13, 1.625, 13.125, 1.8125], "texture": "#main"},
				"south": {"uv": [13.375, 1.625, 13.5, 1.8125], "texture": "#main"},
				"west": {"uv": [13.25, 1.625, 13.375, 1.8125], "texture": "#main"},
				"up": {"uv": [13.25, 1.625, 13.125, 1.5], "texture": "#main"},
				"down": {"uv": [13.375, 1.5, 13.25, 1.625], "texture": "#main"}
			}
		},
		{
			"name": "Left Arm Layer",
			"from": [-0.25, 6.75, 1.75],
			"to": [4.25, 13.25, 6.25],
			"rotation": {"angle": -22.5, "axis": "x", "origin": [2, 10, 8]},
			"faces": {
				"north": {"uv": [13.625, 1.625, 13.75, 1.8125], "texture": "#main"},
				"east": {"uv": [13.5, 1.625, 13.625, 1.8125], "texture": "#main"},
				"south": {"uv": [13.875, 1.625, 14, 1.8125], "texture": "#main"},
				"west": {"uv": [13.75, 1.625, 13.875, 1.8125], "texture": "#main"},
				"up": {"uv": [13.75, 1.625, 13.625, 1.5], "texture": "#main"},
				"down": {"uv": [12.125, 0, 12, 0.125], "texture": "#main"}
			}
		},
		{
			"name": "Left Arm",
			"from": [0, 1, 2],
			"to": [4, 7, 6],
			"rotation": {"angle": -22.5, "axis": "x", "origin": [2, 10, 8]},
			"faces": {
				"north": {"uv": [13.125, 1.8125, 13.25, 2], "texture": "#main"},
				"east": {"uv": [13, 1.8125, 13.125, 2], "texture": "#main"},
				"south": {"uv": [13.375, 1.8125, 13.5, 2], "texture": "#main"},
				"west": {"uv": [13.25, 1.8125, 13.375, 2], "texture": "#main"},
				"up": {"uv": [13.25, 1.8125, 13.125, 1.6875], "texture": "#main"},
				"down": {"uv": [13.375, 1.5, 13.25, 1.625], "texture": "#main"}
			}
		},
		{
			"name": "Left Arm Layer",
			"from": [-0.25, 0.75, 1.75],
			"to": [4.25, 7.25, 6.25],
			"rotation": {"angle": -22.5, "axis": "x", "origin": [2, 10, 8]},
			"faces": {
				"north": {"uv": [13.625, 1.8125, 13.75, 2], "texture": "#main"},
				"east": {"uv": [13.5, 1.8125, 13.625, 2], "texture": "#main"},
				"south": {"uv": [13.875, 1.8125, 14, 2], "texture": "#main"},
				"west": {"uv": [13.75, 1.8125, 13.875, 2], "texture": "#main"},
				"up": {"uv": [12.125, 0.125, 12, 0], "texture": "#main"},
				"down": {"uv": [13.875, 1.5, 13.75, 1.625], "texture": "#main"}
			}
		},
		{
			"name": "Right Leg",
			"from": [7.9, -6, 6],
			"to": [11.65, 0, 10],
			"rotation": {"angle": -22.5, "axis": "x", "origin": [8, 0, 8]},
			"faces": {
				"north": {"uv": [12.125, 0.625, 12.25, 0.8125], "texture": "#main"},
				"east": {"uv": [12, 0.625, 12.125, 0.8125], "texture": "#main"},
				"south": {"uv": [12.375, 0.625, 12.5, 0.8125], "texture": "#main"},
				"west": {"uv": [12.25, 0.625, 12.375, 0.8125], "texture": "#main"},
				"up": {"uv": [12.25, 0.625, 12.125, 0.5], "texture": "#main"},
				"down": {"uv": [12.375, 0.5, 12.25, 0.625], "texture": "#main"}
			}
		},
		{
			"name": "Right Leg Layer",
			"from": [7.65, -6.25, 5.75],
			"to": [11.9, 0.25, 10.25],
			"rotation": {"angle": -22.5, "axis": "x", "origin": [8, 0, 8]},
			"faces": {
				"north": {"uv": [12.125, 1.125, 12.25, 1.3125], "texture": "#main"},
				"east": {"uv": [12, 1.125, 12.125, 1.3125], "texture": "#main"},
				"south": {"uv": [12.375, 1.125, 12.5, 1.3125], "texture": "#main"},
				"west": {"uv": [12.25, 1.125, 12.375, 1.3125], "texture": "#main"},
				"up": {"uv": [12.25, 1.125, 12.125, 1], "texture": "#main"},
				"down": {"uv": [12.125, 0, 12, 0.125], "texture": "#main"}
			}
		},
		{
			"name": "Right Leg",
			"from": [7.9, -12, 6],
			"to": [11.65, -6, 10],
			"rotation": {"angle": -22.5, "axis": "x", "origin": [8, 0, 8]},
			"faces": {
				"north": {"uv": [12.125, 0.8125, 12.25, 1], "texture": "#main"},
				"east": {"uv": [12, 0.8125, 12.125, 1], "texture": "#main"},
				"south": {"uv": [12.375, 0.8125, 12.5, 1], "texture": "#main"},
				"west": {"uv": [12.25, 0.8125, 12.375, 1], "texture": "#main"},
				"up": {"uv": [12.25, 0.8125, 12.125, 0.6875], "texture": "#main"},
				"down": {"uv": [12.375, 0.5, 12.25, 0.625], "texture": "#main"}
			}
		},
		{
			"name": "Right Leg Layer",
			"from": [7.65, -12.25, 5.75],
			"to": [11.9, -5.75, 10.25],
			"rotation": {"angle": -22.5, "axis": "x", "origin": [8, 0, 8]},
			"faces": {
				"north": {"uv": [12.125, 1.3125, 12.25, 1.5], "texture": "#main"},
				"east": {"uv": [12, 1.3125, 12.125, 1.5], "texture": "#main"},
				"south": {"uv": [12.375, 1.3125, 12.5, 1.5], "texture": "#main"},
				"west": {"uv": [12.25, 1.3125, 12.375, 1.5], "texture": "#main"},
				"up": {"uv": [12.125, 0.125, 12, 0], "texture": "#main"},
				"down": {"uv": [12.375, 1, 12.25, 1.125], "texture": "#main"}
			}
		},
		{
			"name": "Left Leg",
			"from": [4.35, -6, 6],
			"to": [8.1, 0, 10],
			"rotation": {"angle": 0, "axis": "y", "origin": [8, 0, 8]},
			"faces": {
				"north": {"uv": [12.625, 1.625, 12.75, 1.8125], "texture": "#main"},
				"east": {"uv": [12.5, 1.625, 12.625, 1.8125], "texture": "#main"},
				"south": {"uv": [12.875, 1.625, 13, 1.8125], "texture": "#main"},
				"west": {"uv": [12.75, 1.625, 12.875, 1.8125], "texture": "#main"},
				"up": {"uv": [12.75, 1.625, 12.625, 1.5], "texture": "#main"},
				"down": {"uv": [12.875, 1.5, 12.75, 1.625], "texture": "#main"}
			}
		},
		{
			"name": "Left Leg Layer",
			"from": [4.1, -6.25, 5.75],
			"to": [8.35, 0.25, 10.25],
			"rotation": {"angle": 0, "axis": "y", "origin": [8, 0, 8]},
			"faces": {
				"north": {"uv": [12.125, 1.625, 12.25, 1.8125], "texture": "#main"},
				"east": {"uv": [12, 1.625, 12.125, 1.8125], "texture": "#main"},
				"south": {"uv": [12.375, 1.625, 12.5, 1.8125], "texture": "#main"},
				"west": {"uv": [12.25, 1.625, 12.375, 1.8125], "texture": "#main"},
				"up": {"uv": [12.25, 1.625, 12.125, 1.5], "texture": "#main"},
				"down": {"uv": [12.125, 0, 12, 0.125], "texture": "#main"}
			}
		},
		{
			"name": "Left Leg",
			"from": [4.35, -12, 6],
			"to": [8.1, -6, 10],
			"rotation": {"angle": 0, "axis": "y", "origin": [8, 0, 8]},
			"faces": {
				"north": {"uv": [12.625, 1.8125, 12.75, 2], "texture": "#main"},
				"east": {"uv": [12.5, 1.8125, 12.625, 2], "texture": "#main"},
				"south": {"uv": [12.875, 1.8125, 13, 2], "texture": "#main"},
				"west": {"uv": [12.75, 1.8125, 12.875, 2], "texture": "#main"},
				"up": {"uv": [12.75, 1.8125, 12.625, 1.6875], "texture": "#main"},
				"down": {"uv": [12.875, 1.5, 12.75, 1.625], "texture": "#main"}
			}
		},
		{
			"name": "Left Leg Layer",
			"from": [4.1, -12.25, 5.75],
			"to": [8.35, -5.75, 10.25],
			"rotation": {"angle": 0, "axis": "y", "origin": [8, 0, 8]},
			"faces": {
				"north": {"uv": [12.125, 1.8125, 12.25, 2], "texture": "#main"},
				"east": {"uv": [12, 1.8125, 12.125, 2], "texture": "#main"},
				"south": {"uv": [12.375, 1.8125, 12.5, 2], "texture": "#main"},
				"west": {"uv": [12.25, 1.8125, 12.375, 2], "texture": "#main"},
				"up": {"uv": [12.125, 0.125, 12, 0], "texture": "#main"},
				"down": {"uv": [12.375, 1.5, 12.25, 1.625], "texture": "#main"}
			}
		},
		{
			"name": "Head",
			"from": [4, 11, 0],
			"to": [12, 19, 8],
			"rotation": {"angle": 0, "axis": "x", "origin": [8, 0, 8]},
			"faces": {
				"north": {"uv": [0.25, 4.25, 0.5, 4.5], "texture": "#main"},
				"east": {"uv": [0, 4.25, 0.25, 4.5], "texture": "#main"},
				"south": {"uv": [0.75, 4.25, 1, 4.5], "texture": "#main"},
				"west": {"uv": [0.5, 4.25, 0.75, 4.5], "texture": "#main"},
				"up": {"uv": [0.5, 4.25, 0.25, 4], "texture": "#main"},
				"down": {"uv": [0.75, 4, 0.5, 4.25], "texture": "#main"}
			}
		},
		{
			"name": "Hat Layer",
			"from": [3.5, 10.5, -0.5],
			"to": [12.5, 19.5, 8.5],
			"rotation": {"angle": 0, "axis": "x", "origin": [8, 0, 8]},
			"faces": {
				"north": {"uv": [1.25, 4.25, 1.5, 4.5], "texture": "#main"},
				"east": {"uv": [1, 4.25, 1.25, 4.5], "texture": "#main"},
				"south": {"uv": [1.75, 4.25, 2, 4.5], "texture": "#main"},
				"west": {"uv": [1.5, 4.25, 1.75, 4.5], "texture": "#main"},
				"up": {"uv": [1.5, 4.25, 1.25, 4], "texture": "#main"},
				"down": {"uv": [1.75, 4, 1.5, 4.25], "texture": "#main"}
			}
		},
		{
			"name": "Body",
			"from": [4, 6, 5.75],
			"to": [12, 12, 10.25],
			"rotation": {"angle": -22.5, "axis": "x", "origin": [8, 0, 8]},
			"faces": {
				"north": {"uv": [0.625, 4.625, 0.875, 4.8125], "texture": "#main"},
				"east": {"uv": [0.5, 4.625, 0.625, 4.8125], "texture": "#main"},
				"south": {"uv": [1, 4.625, 1.25, 4.8125], "texture": "#main"},
				"west": {"uv": [0.875, 4.625, 1, 4.8125], "texture": "#main"},
				"up": {"uv": [0.875, 4.625, 0.625, 4.5], "texture": "#main"},
				"down": {"uv": [1.125, 4.5, 0.875, 4.625], "texture": "#main"}
			}
		},
		{
			"name": "Body Layer",
			"from": [3.75, 5.75, 5.5],
			"to": [12.25, 12.25, 10.5],
			"rotation": {"angle": -22.5, "axis": "x", "origin": [8, 0, 8]},
			"faces": {
				"north": {"uv": [0.625, 5.125, 0.875, 5.3125], "texture": "#main"},
				"east": {"uv": [0.5, 5.125, 0.625, 5.3125], "texture": "#main"},
				"south": {"uv": [1, 5.125, 1.25, 5.3125], "texture": "#main"},
				"west": {"uv": [0.875, 5.125, 1, 5.3125], "texture": "#main"},
				"up": {"uv": [0.875, 5.125, 0.625, 5], "texture": "#main"},
				"down": {"uv": [0.25, 4, 0, 4.125], "texture": "#main"}
			}
		},
		{
			"name": "Body",
			"from": [4.25, 0, 6],
			"to": [11.75, 6, 10],
			"rotation": {"angle": -22.5, "axis": "x", "origin": [8, 0, 8]},
			"faces": {
				"north": {"uv": [0.625, 4.8125, 0.875, 5], "texture": "#main"},
				"east": {"uv": [0.5, 4.8125, 0.625, 5], "texture": "#main"},
				"south": {"uv": [1, 4.8125, 1.25, 5], "texture": "#main"},
				"west": {"uv": [0.875, 4.8125, 1, 5], "texture": "#main"},
				"up": {"uv": [0.875, 4.8125, 0.625, 4.6875], "texture": "#main"},
				"down": {"uv": [1.125, 4.6875, 0.875, 4.8125], "texture": "#main"}
			}
		},
		{
			"name": "Body Layer",
			"from": [4, -0.25, 5.75],
			"to": [12, 6.25, 10.25],
			"rotation": {"angle": -22.5, "axis": "x", "origin": [8, 0, 8]},
			"faces": {
				"north": {"uv": [0.625, 5.3125, 0.875, 5.5], "texture": "#main"},
				"east": {"uv": [0.5, 5.3125, 0.625, 5.5], "texture": "#main"},
				"south": {"uv": [1, 5.3125, 1.25, 5.5], "texture": "#main"},
				"west": {"uv": [0.875, 5.3125, 1, 5.5], "texture": "#main"},
				"up": {"uv": [0.25, 4.125, 0, 4], "texture": "#main"},
				"down": {"uv": [1.125, 5.1875, 0.875, 5.3125], "texture": "#main"}
			}
		},
		{
			"name": "Right Arm",
			"from": [12, 7.01046, -1.99792],
			"to": [16, 11.01046, 4.00208],
			"rotation": {"angle": 0, "axis": "x", "origin": [13, 10, 3]},
			"faces": {
				"north": {"uv": [1.625, 4.5, 1.5, 4.625], "rotation": 270, "texture": "#main"},
				"east": {"uv": [1.625, 4.625, 1.75, 4.8125], "rotation": 270, "texture": "#main"},
				"south": {"uv": [1.5, 4.625, 1.375, 4.5], "rotation": 270, "texture": "#main"},
				"west": {"uv": [1.375, 4.625, 1.5, 4.8125], "rotation": 90, "texture": "#main"},
				"up": {"uv": [1.25, 4.625, 1.375, 4.8125], "rotation": 180, "texture": "#main"},
				"down": {"uv": [1.5, 4.625, 1.625, 4.8125], "texture": "#main"}
			}
		},
		{
			"name": "Right Arm Layer",
			"from": [11.75, 6.76046, -2.24792],
			"to": [16.25, 11.26046, 4.25208],
			"rotation": {"angle": 0, "axis": "x", "origin": [13, 10, 3]},
			"faces": {
				"north": {"uv": [0.125, 4, 0, 4.125], "rotation": 270, "texture": "#main"},
				"east": {"uv": [1.625, 5.125, 1.75, 5.3125], "rotation": 270, "texture": "#main"},
				"south": {"uv": [1.5, 5.125, 1.375, 5], "rotation": 270, "texture": "#main"},
				"west": {"uv": [1.375, 5.125, 1.5, 5.3125], "rotation": 90, "texture": "#main"},
				"up": {"uv": [1.25, 5.125, 1.375, 5.3125], "rotation": 180, "texture": "#main"},
				"down": {"uv": [1.5, 5.125, 1.625, 5.3125], "texture": "#main"}
			}
		},
		{
			"name": "Right Arm",
			"from": [12, 7.01046, -7.99792],
			"to": [16, 11.01046, -1.99792],
			"rotation": {"angle": 0, "axis": "x", "origin": [13, 10, 3]},
			"faces": {
				"north": {"uv": [1.625, 4.5, 1.5, 4.625], "rotation": 270, "texture": "#main"},
				"east": {"uv": [1.625, 4.8125, 1.75, 5], "rotation": 270, "texture": "#main"},
				"south": {"uv": [1.5, 4.8125, 1.375, 4.6875], "rotation": 270, "texture": "#main"},
				"west": {"uv": [1.375, 4.8125, 1.5, 5], "rotation": 90, "texture": "#main"},
				"up": {"uv": [1.25, 4.8125, 1.375, 5], "rotation": 180, "texture": "#main"},
				"down": {"uv": [1.5, 4.8125, 1.625, 5], "texture": "#main"}
			}
		},
		{
			"name": "Right Arm Layer",
			"from": [11.75, 6.76046, -8.24792],
			"to": [16.25, 11.26046, -1.74792],
			"rotation": {"angle": 0, "axis": "x", "origin": [13, 10, 3]},
			"faces": {
				"north": {"uv": [1.625, 5, 1.5, 5.125], "rotation": 270, "texture": "#main"},
				"east": {"uv": [1.625, 5.3125, 1.75, 5.5], "rotation": 270, "texture": "#main"},
				"south": {"uv": [0.125, 4.125, 0, 4], "rotation": 270, "texture": "#main"},
				"west": {"uv": [1.375, 5.3125, 1.5, 5.5], "rotation": 90, "texture": "#main"},
				"up": {"uv": [1.25, 5.3125, 1.375, 5.5], "rotation": 180, "texture": "#main"},
				"down": {"uv": [1.5, 5.3125, 1.625, 5.5], "texture": "#main"}
			}
		},
		{
			"from": [12, 14.36396, -6.19239],
			"to": [16, 16.36396, 3.80761],
			"rotation": {"angle": -22.5, "axis": "x", "origin": [13, 10, 3]},
			"faces": {
				"north": {"uv": [2, 4, 2.01563, 4.03125], "rotation": 90, "texture": "#main"},
				"east": {"uv": [2, 4, 2.07813, 4.01563], "rotation": 180, "texture": "#main"},
				"south": {"uv": [2, 4, 2.01563, 4.03125], "rotation": 270, "texture": "#main"},
				"west": {"uv": [2, 4, 2.07813, 4.01563], "texture": "#main"},
				"up": {"uv": [2, 4, 2.07813, 4.03125], "rotation": 270, "texture": "#main"},
				"down": {"uv": [2, 4, 2.07813, 4.03125], "rotation": 270, "texture": "#main"}
			}
		},
		{
			"from": [12, 3, -8],
			"to": [16, 8, -6],
			"rotation": {"angle": 22.5, "axis": "x", "origin": [13, 10, 3]},
			"faces": {
				"north": {"uv": [2, 4, 2.03906, 4.03125], "rotation": 90, "texture": "#main"},
				"east": {"uv": [2, 4, 2.03906, 4.01563], "rotation": 270, "texture": "#main"},
				"south": {"uv": [2, 4, 2.03906, 4.03125], "rotation": 270, "texture": "#main"},
				"west": {"uv": [2, 4, 2.03906, 4.01563], "rotation": 270, "texture": "#main"},
				"up": {"uv": [2, 4, 2.01563, 4.03125], "rotation": 270, "texture": "#main"},
				"down": {"uv": [2, 4, 2.01563, 4.03125], "rotation": 270, "texture": "#main"}
			}
		},
		{
			"name": "Left Arm",
			"from": [0, 7, 2],
			"to": [4, 13, 6],
			"rotation": {"angle": -22.5, "axis": "x", "origin": [2, 10, 8]},
			"faces": {
				"north": {"uv": [1.125, 5.625, 1.25, 5.8125], "texture": "#main"},
				"east": {"uv": [1, 5.625, 1.125, 5.8125], "texture": "#main"},
				"south": {"uv": [1.375, 5.625, 1.5, 5.8125], "texture": "#main"},
				"west": {"uv": [1.25, 5.625, 1.375, 5.8125], "texture": "#main"},
				"up": {"uv": [1.25, 5.625, 1.125, 5.5], "texture": "#main"},
				"down": {"uv": [1.375, 5.5, 1.25, 5.625], "texture": "#main"}
			}
		},
		{
			"name": "Left Arm Layer",
			"from": [-0.25, 6.75, 1.75],
			"to": [4.25, 13.25, 6.25],
			"rotation": {"angle": -22.5, "axis": "x", "origin": [2, 10, 8]},
			"faces": {
				"north": {"uv": [1.625, 5.625, 1.75, 5.8125], "texture": "#main"},
				"east": {"uv": [1.5, 5.625, 1.625, 5.8125], "texture": "#main"},
				"south": {"uv": [1.875, 5.625, 2, 5.8125], "texture": "#main"},
				"west": {"uv": [1.75, 5.625, 1.875, 5.8125], "texture": "#main"},
				"up": {"uv": [1.75, 5.625, 1.625, 5.5], "texture": "#main"},
				"down": {"uv": [0.125, 4, 0, 4.125], "texture": "#main"}
			}
		},
		{
			"name": "Left Arm",
			"from": [0, 1, 2],
			"to": [4, 7, 6],
			"rotation": {"angle": -22.5, "axis": "x", "origin": [2, 10, 8]},
			"faces": {
				"north": {"uv": [1.125, 5.8125, 1.25, 6], "texture": "#main"},
				"east": {"uv": [1, 5.8125, 1.125, 6], "texture": "#main"},
				"south": {"uv": [1.375, 5.8125, 1.5, 6], "texture": "#main"},
				"west": {"uv": [1.25, 5.8125, 1.375, 6], "texture": "#main"},
				"up": {"uv": [1.25, 5.8125, 1.125, 5.6875], "texture": "#main"},
				"down": {"uv": [1.375, 5.5, 1.25, 5.625], "texture": "#main"}
			}
		},
		{
			"name": "Left Arm Layer",
			"from": [-0.25, 0.75, 1.75],
			"to": [4.25, 7.25, 6.25],
			"rotation": {"angle": -22.5, "axis": "x", "origin": [2, 10, 8]},
			"faces": {
				"north": {"uv": [1.625, 5.8125, 1.75, 6], "texture": "#main"},
				"east": {"uv": [1.5, 5.8125, 1.625, 6], "texture": "#main"},
				"south": {"uv": [1.875, 5.8125, 2, 6], "texture": "#main"},
				"west": {"uv": [1.75, 5.8125, 1.875, 6], "texture": "#main"},
				"up": {"uv": [0.125, 4.125, 0, 4], "texture": "#main"},
				"down": {"uv": [1.875, 5.5, 1.75, 5.625], "texture": "#main"}
			}
		},
		{
			"name": "Right Leg",
			"from": [7.9, -6, 6],
			"to": [11.65, 0, 10],
			"rotation": {"angle": -22.5, "axis": "x", "origin": [8, 0, 8]},
			"faces": {
				"north": {"uv": [0.125, 4.625, 0.25, 4.8125], "texture": "#main"},
				"east": {"uv": [0, 4.625, 0.125, 4.8125], "texture": "#main"},
				"south": {"uv": [0.375, 4.625, 0.5, 4.8125], "texture": "#main"},
				"west": {"uv": [0.25, 4.625, 0.375, 4.8125], "texture": "#main"},
				"up": {"uv": [0.25, 4.625, 0.125, 4.5], "texture": "#main"},
				"down": {"uv": [0.375, 4.5, 0.25, 4.625], "texture": "#main"}
			}
		},
		{
			"name": "Right Leg Layer",
			"from": [7.65, -6.25, 5.75],
			"to": [11.9, 0.25, 10.25],
			"rotation": {"angle": -22.5, "axis": "x", "origin": [8, 0, 8]},
			"faces": {
				"north": {"uv": [0.125, 5.125, 0.25, 5.3125], "texture": "#main"},
				"east": {"uv": [0, 5.125, 0.125, 5.3125], "texture": "#main"},
				"south": {"uv": [0.375, 5.125, 0.5, 5.3125], "texture": "#main"},
				"west": {"uv": [0.25, 5.125, 0.375, 5.3125], "texture": "#main"},
				"up": {"uv": [0.25, 5.125, 0.125, 5], "texture": "#main"},
				"down": {"uv": [0.125, 4, 0, 4.125], "texture": "#main"}
			}
		},
		{
			"name": "Right Leg",
			"from": [7.9, -12, 6],
			"to": [11.65, -6, 10],
			"rotation": {"angle": -22.5, "axis": "x", "origin": [8, 0, 8]},
			"faces": {
				"north": {"uv": [0.125, 4.8125, 0.25, 5], "texture": "#main"},
				"east": {"uv": [0, 4.8125, 0.125, 5], "texture": "#main"},
				"south": {"uv": [0.375, 4.8125, 0.5, 5], "texture": "#main"},
				"west": {"uv": [0.25, 4.8125, 0.375, 5], "texture": "#main"},
				"up": {"uv": [0.25, 4.8125, 0.125, 4.6875], "texture": "#main"},
				"down": {"uv": [0.375, 4.5, 0.25, 4.625], "texture": "#main"}
			}
		},
		{
			"name": "Right Leg Layer",
			"from": [7.65, -12.25, 5.75],
			"to": [11.9, -5.75, 10.25],
			"rotation": {"angle": -22.5, "axis": "x", "origin": [8, 0, 8]},
			"faces": {
				"north": {"uv": [0.125, 5.3125, 0.25, 5.5], "texture": "#main"},
				"east": {"uv": [0, 5.3125, 0.125, 5.5], "texture": "#main"},
				"south": {"uv": [0.375, 5.3125, 0.5, 5.5], "texture": "#main"},
				"west": {"uv": [0.25, 5.3125, 0.375, 5.5], "texture": "#main"},
				"up": {"uv": [0.125, 4.125, 0, 4], "texture": "#main"},
				"down": {"uv": [0.375, 5, 0.25, 5.125], "texture": "#main"}
			}
		},
		{
			"name": "Left Leg",
			"from": [4.35, -6, 6],
			"to": [8.1, 0, 10],
			"rotation": {"angle": 0, "axis": "y", "origin": [8, 0, 8]},
			"faces": {
				"north": {"uv": [0.625, 5.625, 0.75, 5.8125], "texture": "#main"},
				"east": {"uv": [0.5, 5.625, 0.625, 5.8125], "texture": "#main"},
				"south": {"uv": [0.875, 5.625, 1, 5.8125], "texture": "#main"},
				"west": {"uv": [0.75, 5.625, 0.875, 5.8125], "texture": "#main"},
				"up": {"uv": [0.75, 5.625, 0.625, 5.5], "texture": "#main"},
				"down": {"uv": [0.875, 5.5, 0.75, 5.625], "texture": "#main"}
			}
		},
		{
			"name": "Left Leg Layer",
			"from": [4.1, -6.25, 5.75],
			"to": [8.35, 0.25, 10.25],
			"rotation": {"angle": 0, "axis": "y", "origin": [8, 0, 8]},
			"faces": {
				"north": {"uv": [0.125, 5.625, 0.25, 5.8125], "texture": "#main"},
				"east": {"uv": [0, 5.625, 0.125, 5.8125], "texture": "#main"},
				"south": {"uv": [0.375, 5.625, 0.5, 5.8125], "texture": "#main"},
				"west": {"uv": [0.25, 5.625, 0.375, 5.8125], "texture": "#main"},
				"up": {"uv": [0.25, 5.625, 0.125, 5.5], "texture": "#main"},
				"down": {"uv": [0.125, 4, 0, 4.125], "texture": "#main"}
			}
		},
		{
			"name": "Left Leg",
			"from": [4.35, -12, 6],
			"to": [8.1, -6, 10],
			"rotation": {"angle": 0, "axis": "y", "origin": [8, 0, 8]},
			"faces": {
				"north": {"uv": [0.625, 5.8125, 0.75, 6], "texture": "#main"},
				"east": {"uv": [0.5, 5.8125, 0.625, 6], "texture": "#main"},
				"south": {"uv": [0.875, 5.8125, 1, 6], "texture": "#main"},
				"west": {"uv": [0.75, 5.8125, 0.875, 6], "texture": "#main"},
				"up": {"uv": [0.75, 5.8125, 0.625, 5.6875], "texture": "#main"},
				"down": {"uv": [0.875, 5.5, 0.75, 5.625], "texture": "#main"}
			}
		},
		{
			"name": "Left Leg Layer",
			"from": [4.1, -12.25, 5.75],
			"to": [8.35, -5.75, 10.25],
			"rotation": {"angle": 0, "axis": "y", "origin": [8, 0, 8]},
			"faces": {
				"north": {"uv": [0.125, 5.8125, 0.25, 6], "texture": "#main"},
				"east": {"uv": [0, 5.8125, 0.125, 6], "texture": "#main"},
				"south": {"uv": [0.375, 5.8125, 0.5, 6], "texture": "#main"},
				"west": {"uv": [0.25, 5.8125, 0.375, 6], "texture": "#main"},
				"up": {"uv": [0.125, 4.125, 0, 4], "texture": "#main"},
				"down": {"uv": [0.375, 5.5, 0.25, 5.625], "texture": "#main"}
			}
		},
		{
			"name": "Head",
			"from": [4, 11, 0],
			"to": [12, 19, 8],
			"rotation": {"angle": 0, "axis": "x", "origin": [8, 0, 8]},
			"faces": {
				"north": {"uv": [4.25, 4.25, 4.5, 4.5], "texture": "#main"},
				"east": {"uv": [4, 4.25, 4.25, 4.5], "texture": "#main"},
				"south": {"uv": [4.75, 4.25, 5, 4.5], "texture": "#main"},
				"west": {"uv": [4.5, 4.25, 4.75, 4.5], "texture": "#main"},
				"up": {"uv": [4.5, 4.25, 4.25, 4], "texture": "#main"},
				"down": {"uv": [4.75, 4, 4.5, 4.25], "texture": "#main"}
			}
		},
		{
			"name": "Hat Layer",
			"from": [3.5, 10.5, -0.5],
			"to": [12.5, 19.5, 8.5],
			"rotation": {"angle": 0, "axis": "x", "origin": [8, 0, 8]},
			"faces": {
				"north": {"uv": [5.25, 4.25, 5.5, 4.5], "texture": "#main"},
				"east": {"uv": [5, 4.25, 5.25, 4.5], "texture": "#main"},
				"south": {"uv": [5.75, 4.25, 6, 4.5], "texture": "#main"},
				"west": {"uv": [5.5, 4.25, 5.75, 4.5], "texture": "#main"},
				"up": {"uv": [5.5, 4.25, 5.25, 4], "texture": "#main"},
				"down": {"uv": [5.75, 4, 5.5, 4.25], "texture": "#main"}
			}
		},
		{
			"name": "Body",
			"from": [4, 6, 5.75],
			"to": [12, 12, 10.25],
			"rotation": {"angle": -22.5, "axis": "x", "origin": [8, 0, 8]},
			"faces": {
				"north": {"uv": [4.625, 4.625, 4.875, 4.8125], "texture": "#main"},
				"east": {"uv": [4.5, 4.625, 4.625, 4.8125], "texture": "#main"},
				"south": {"uv": [5, 4.625, 5.25, 4.8125], "texture": "#main"},
				"west": {"uv": [4.875, 4.625, 5, 4.8125], "texture": "#main"},
				"up": {"uv": [4.875, 4.625, 4.625, 4.5], "texture": "#main"},
				"down": {"uv": [5.125, 4.5, 4.875, 4.625], "texture": "#main"}
			}
		},
		{
			"name": "Body Layer",
			"from": [3.75, 5.75, 5.5],
			"to": [12.25, 12.25, 10.5],
			"rotation": {"angle": -22.5, "axis": "x", "origin": [8, 0, 8]},
			"faces": {
				"north": {"uv": [4.625, 5.125, 4.875, 5.3125], "texture": "#main"},
				"east": {"uv": [4.5, 5.125, 4.625, 5.3125], "texture": "#main"},
				"south": {"uv": [5, 5.125, 5.25, 5.3125], "texture": "#main"},
				"west": {"uv": [4.875, 5.125, 5, 5.3125], "texture": "#main"},
				"up": {"uv": [4.875, 5.125, 4.625, 5], "texture": "#main"},
				"down": {"uv": [4.25, 4, 4, 4.125], "texture": "#main"}
			}
		},
		{
			"name": "Body",
			"from": [4.25, 0, 6],
			"to": [11.75, 6, 10],
			"rotation": {"angle": -22.5, "axis": "x", "origin": [8, 0, 8]},
			"faces": {
				"north": {"uv": [4.625, 4.8125, 4.875, 5], "texture": "#main"},
				"east": {"uv": [4.5, 4.8125, 4.625, 5], "texture": "#main"},
				"south": {"uv": [5, 4.8125, 5.25, 5], "texture": "#main"},
				"west": {"uv": [4.875, 4.8125, 5, 5], "texture": "#main"},
				"up": {"uv": [4.875, 4.8125, 4.625, 4.6875], "texture": "#main"},
				"down": {"uv": [5.125, 4.6875, 4.875, 4.8125], "texture": "#main"}
			}
		},
		{
			"name": "Body Layer",
			"from": [4, -0.25, 5.75],
			"to": [12, 6.25, 10.25],
			"rotation": {"angle": -22.5, "axis": "x", "origin": [8, 0, 8]},
			"faces": {
				"north": {"uv": [4.625, 5.3125, 4.875, 5.5], "texture": "#main"},
				"east": {"uv": [4.5, 5.3125, 4.625, 5.5], "texture": "#main"},
				"south": {"uv": [5, 5.3125, 5.25, 5.5], "texture": "#main"},
				"west": {"uv": [4.875, 5.3125, 5, 5.5], "texture": "#main"},
				"up": {"uv": [4.25, 4.125, 4, 4], "texture": "#main"},
				"down": {"uv": [5.125, 5.1875, 4.875, 5.3125], "texture": "#main"}
			}
		},
		{
			"name": "Right Arm",
			"from": [12, 7.01046, -1.99792],
			"to": [16, 11.01046, 4.00208],
			"rotation": {"angle": -45, "axis": "x", "origin": [13, 10, 3]},
			"faces": {
				"north": {"uv": [5.625, 4.5, 5.5, 4.625], "rotation": 270, "texture": "#main"},
				"east": {"uv": [5.625, 4.625, 5.75, 4.8125], "rotation": 270, "texture": "#main"},
				"south": {"uv": [5.5, 4.625, 5.375, 4.5], "rotation": 270, "texture": "#main"},
				"west": {"uv": [5.375, 4.625, 5.5, 4.8125], "rotation": 90, "texture": "#main"},
				"up": {"uv": [5.25, 4.625, 5.375, 4.8125], "rotation": 180, "texture": "#main"},
				"down": {"uv": [5.5, 4.625, 5.625, 4.8125], "texture": "#main"}
			}
		},
		{
			"name": "Right Arm Layer",
			"from": [11.75, 6.76046, -2.24792],
			"to": [16.25, 11.26046, 4.25208],
			"rotation": {"angle": -45, "axis": "x", "origin": [13, 10, 3]},
			"faces": {
				"north": {"uv": [4.125, 4, 4, 4.125], "rotation": 270, "texture": "#main"},
				"east": {"uv": [5.625, 5.125, 5.75, 5.3125], "rotation": 270, "texture": "#main"},
				"south": {"uv": [5.5, 5.125, 5.375, 5], "rotation": 270, "texture": "#main"},
				"west": {"uv": [5.375, 5.125, 5.5, 5.3125], "rotation": 90, "texture": "#main"},
				"up": {"uv": [5.25, 5.125, 5.375, 5.3125], "rotation": 180, "texture": "#main"},
				"down": {"uv": [5.5, 5.125, 5.625, 5.3125], "texture": "#main"}
			}
		},
		{
			"name": "Right Arm",
			"from": [12, 7.01046, -7.99792],
			"to": [16, 11.01046, -1.99792],
			"rotation": {"angle": -45, "axis": "x", "origin": [13, 10, 3]},
			"faces": {
				"north": {"uv": [5.625, 4.5, 5.5, 4.625], "rotation": 270, "texture": "#main"},
				"east": {"uv": [5.625, 4.8125, 5.75, 5], "rotation": 270, "texture": "#main"},
				"south": {"uv": [5.5, 4.8125, 5.375, 4.6875], "rotation": 270, "texture": "#main"},
				"west": {"uv": [5.375, 4.8125, 5.5, 5], "rotation": 90, "texture": "#main"},
				"up": {"uv": [5.25, 4.8125, 5.375, 5], "rotation": 180, "texture": "#main"},
				"down": {"uv": [5.5, 4.8125, 5.625, 5], "texture": "#main"}
			}
		},
		{
			"name": "Right Arm Layer",
			"from": [11.75, 6.76046, -8.24792],
			"to": [16.25, 11.26046, -1.74792],
			"rotation": {"angle": -45, "axis": "x", "origin": [13, 10, 3]},
			"faces": {
				"north": {"uv": [5.625, 5, 5.5, 5.125], "rotation": 270, "texture": "#main"},
				"east": {"uv": [5.625, 5.3125, 5.75, 5.5], "rotation": 270, "texture": "#main"},
				"south": {"uv": [4.125, 4.125, 4, 4], "rotation": 270, "texture": "#main"},
				"west": {"uv": [5.375, 5.3125, 5.5, 5.5], "rotation": 90, "texture": "#main"},
				"up": {"uv": [5.25, 5.3125, 5.375, 5.5], "rotation": 180, "texture": "#main"},
				"down": {"uv": [5.5, 5.3125, 5.625, 5.5], "texture": "#main"}
			}
		},
		{
			"from": [12, 0.80761, -3.36396],
			"to": [16, 10.80761, -1.36396],
			"rotation": {"angle": 22.5, "axis": "x", "origin": [13, 10, 3]},
			"faces": {
				"north": {"uv": [6, 4, 6.07813, 4.03125], "rotation": 90, "texture": "#main"},
				"east": {"uv": [6, 4, 6.07813, 4.01563], "rotation": 270, "texture": "#main"},
				"south": {"uv": [6, 4, 6.07813, 4.03125], "rotation": 270, "texture": "#main"},
				"west": {"uv": [6, 4, 6.07813, 4.01563], "rotation": 270, "texture": "#main"},
				"up": {"uv": [6, 4, 6.01563, 4.03125], "rotation": 270, "texture": "#main"},
				"down": {"uv": [6, 4, 6.01563, 4.03125], "rotation": 270, "texture": "#main"}
			}
		},
		{
			"from": [12, 3, -8],
			"to": [16, 8, -6],
			"rotation": {"angle": -22.5, "axis": "x", "origin": [13, 10, 3]},
			"faces": {
				"north": {"uv": [6, 4, 6.03906, 4.03125], "rotation": 90, "texture": "#main"},
				"east": {"uv": [6, 4, 6.03906, 4.01563], "rotation": 270, "texture": "#main"},
				"south": {"uv": [6, 4, 6.03906, 4.03125], "rotation": 270, "texture": "#main"},
				"west": {"uv": [6, 4, 6.03906, 4.01563], "rotation": 270, "texture": "#main"},
				"up": {"uv": [6, 4, 6.01563, 4.03125], "rotation": 270, "texture": "#main"},
				"down": {"uv": [6, 4, 6.01563, 4.03125], "rotation": 270, "texture": "#main"}
			}
		},
		{
			"name": "Left Arm",
			"from": [0, 7, 2],
			"to": [4, 13, 6],
			"rotation": {"angle": -22.5, "axis": "x", "origin": [2, 10, 8]},
			"faces": {
				"north": {"uv": [5.125, 5.625, 5.25, 5.8125], "texture": "#main"},
				"east": {"uv": [5, 5.625, 5.125, 5.8125], "texture": "#main"},
				"south": {"uv": [5.375, 5.625, 5.5, 5.8125], "texture": "#main"},
				"west": {"uv": [5.25, 5.625, 5.375, 5.8125], "texture": "#main"},
				"up": {"uv": [5.25, 5.625, 5.125, 5.5], "texture": "#main"},
				"down": {"uv": [5.375, 5.5, 5.25, 5.625], "texture": "#main"}
			}
		},
		{
			"name": "Left Arm Layer",
			"from": [-0.25, 6.75, 1.75],
			"to": [4.25, 13.25, 6.25],
			"rotation": {"angle": -22.5, "axis": "x", "origin": [2, 10, 8]},
			"faces": {
				"north": {"uv": [5.625, 5.625, 5.75, 5.8125], "texture": "#main"},
				"east": {"uv": [5.5, 5.625, 5.625, 5.8125], "texture": "#main"},
				"south": {"uv": [5.875, 5.625, 6, 5.8125], "texture": "#main"},
				"west": {"uv": [5.75, 5.625, 5.875, 5.8125], "texture": "#main"},
				"up": {"uv": [5.75, 5.625, 5.625, 5.5], "texture": "#main"},
				"down": {"uv": [4.125, 4, 4, 4.125], "texture": "#main"}
			}
		},
		{
			"name": "Left Arm",
			"from": [0, 1, 2],
			"to": [4, 7, 6],
			"rotation": {"angle": -22.5, "axis": "x", "origin": [2, 10, 8]},
			"faces": {
				"north": {"uv": [5.125, 5.8125, 5.25, 6], "texture": "#main"},
				"east": {"uv": [5, 5.8125, 5.125, 6], "texture": "#main"},
				"south": {"uv": [5.375, 5.8125, 5.5, 6], "texture": "#main"},
				"west": {"uv": [5.25, 5.8125, 5.375, 6], "texture": "#main"},
				"up": {"uv": [5.25, 5.8125, 5.125, 5.6875], "texture": "#main"},
				"down": {"uv": [5.375, 5.5, 5.25, 5.625], "texture": "#main"}
			}
		},
		{
			"name": "Left Arm Layer",
			"from": [-0.25, 0.75, 1.75],
			"to": [4.25, 7.25, 6.25],
			"rotation": {"angle": -22.5, "axis": "x", "origin": [2, 10, 8]},
			"faces": {
				"north": {"uv": [5.625, 5.8125, 5.75, 6], "texture": "#main"},
				"east": {"uv": [5.5, 5.8125, 5.625, 6], "texture": "#main"},
				"south": {"uv": [5.875, 5.8125, 6, 6], "texture": "#main"},
				"west": {"uv": [5.75, 5.8125, 5.875, 6], "texture": "#main"},
				"up": {"uv": [4.125, 4.125, 4, 4], "texture": "#main"},
				"down": {"uv": [5.875, 5.5, 5.75, 5.625], "texture": "#main"}
			}
		},
		{
			"name": "Right Leg",
			"from": [7.9, -6, 6],
			"to": [11.65, 0, 10],
			"rotation": {"angle": -22.5, "axis": "x", "origin": [8, 0, 8]},
			"faces": {
				"north": {"uv": [4.125, 4.625, 4.25, 4.8125], "texture": "#main"},
				"east": {"uv": [4, 4.625, 4.125, 4.8125], "texture": "#main"},
				"south": {"uv": [4.375, 4.625, 4.5, 4.8125], "texture": "#main"},
				"west": {"uv": [4.25, 4.625, 4.375, 4.8125], "texture": "#main"},
				"up": {"uv": [4.25, 4.625, 4.125, 4.5], "texture": "#main"},
				"down": {"uv": [4.375, 4.5, 4.25, 4.625], "texture": "#main"}
			}
		},
		{
			"name": "Right Leg Layer",
			"from": [7.65, -6.25, 5.75],
			"to": [11.9, 0.25, 10.25],
			"rotation": {"angle": -22.5, "axis": "x", "origin": [8, 0, 8]},
			"faces": {
				"north": {"uv": [4.125, 5.125, 4.25, 5.3125], "texture": "#main"},
				"east": {"uv": [4, 5.125, 4.125, 5.3125], "texture": "#main"},
				"south": {"uv": [4.375, 5.125, 4.5, 5.3125], "texture": "#main"},
				"west": {"uv": [4.25, 5.125, 4.375, 5.3125], "texture": "#main"},
				"up": {"uv": [4.25, 5.125, 4.125, 5], "texture": "#main"},
				"down": {"uv": [4.125, 4, 4, 4.125], "texture": "#main"}
			}
		},
		{
			"name": "Right Leg",
			"from": [7.9, -12, 6],
			"to": [11.65, -6, 10],
			"rotation": {"angle": -22.5, "axis": "x", "origin": [8, 0, 8]},
			"faces": {
				"north": {"uv": [4.125, 4.8125, 4.25, 5], "texture": "#main"},
				"east": {"uv": [4, 4.8125, 4.125, 5], "texture": "#main"},
				"south": {"uv": [4.375, 4.8125, 4.5, 5], "texture": "#main"},
				"west": {"uv": [4.25, 4.8125, 4.375, 5], "texture": "#main"},
				"up": {"uv": [4.25, 4.8125, 4.125, 4.6875], "texture": "#main"},
				"down": {"uv": [4.375, 4.5, 4.25, 4.625], "texture": "#main"}
			}
		},
		{
			"name": "Right Leg Layer",
			"from": [7.65, -12.25, 5.75],
			"to": [11.9, -5.75, 10.25],
			"rotation": {"angle": -22.5, "axis": "x", "origin": [8, 0, 8]},
			"faces": {
				"north": {"uv": [4.125, 5.3125, 4.25, 5.5], "texture": "#main"},
				"east": {"uv": [4, 5.3125, 4.125, 5.5], "texture": "#main"},
				"south": {"uv": [4.375, 5.3125, 4.5, 5.5], "texture": "#main"},
				"west": {"uv": [4.25, 5.3125, 4.375, 5.5], "texture": "#main"},
				"up": {"uv": [4.125, 4.125, 4, 4], "texture": "#main"},
				"down": {"uv": [4.375, 5, 4.25, 5.125], "texture": "#main"}
			}
		},
		{
			"name": "Left Leg",
			"from": [4.35, -6, 6],
			"to": [8.1, 0, 10],
			"rotation": {"angle": 0, "axis": "y", "origin": [8, 0, 8]},
			"faces": {
				"north": {"uv": [4.625, 5.625, 4.75, 5.8125], "texture": "#main"},
				"east": {"uv": [4.5, 5.625, 4.625, 5.8125], "texture": "#main"},
				"south": {"uv": [4.875, 5.625, 5, 5.8125], "texture": "#main"},
				"west": {"uv": [4.75, 5.625, 4.875, 5.8125], "texture": "#main"},
				"up": {"uv": [4.75, 5.625, 4.625, 5.5], "texture": "#main"},
				"down": {"uv": [4.875, 5.5, 4.75, 5.625], "texture": "#main"}
			}
		},
		{
			"name": "Left Leg Layer",
			"from": [4.1, -6.25, 5.75],
			"to": [8.35, 0.25, 10.25],
			"rotation": {"angle": 0, "axis": "y", "origin": [8, 0, 8]},
			"faces": {
				"north": {"uv": [4.125, 5.625, 4.25, 5.8125], "texture": "#main"},
				"east": {"uv": [4, 5.625, 4.125, 5.8125], "texture": "#main"},
				"south": {"uv": [4.375, 5.625, 4.5, 5.8125], "texture": "#main"},
				"west": {"uv": [4.25, 5.625, 4.375, 5.8125], "texture": "#main"},
				"up": {"uv": [4.25, 5.625, 4.125, 5.5], "texture": "#main"},
				"down": {"uv": [4.125, 4, 4, 4.125], "texture": "#main"}
			}
		},
		{
			"name": "Left Leg",
			"from": [4.35, -12, 6],
			"to": [8.1, -6, 10],
			"rotation": {"angle": 0, "axis": "y", "origin": [8, 0, 8]},
			"faces": {
				"north": {"uv": [4.625, 5.8125, 4.75, 6], "texture": "#main"},
				"east": {"uv": [4.5, 5.8125, 4.625, 6], "texture": "#main"},
				"south": {"uv": [4.875, 5.8125, 5, 6], "texture": "#main"},
				"west": {"uv": [4.75, 5.8125, 4.875, 6], "texture": "#main"},
				"up": {"uv": [4.75, 5.8125, 4.625, 5.6875], "texture": "#main"},
				"down": {"uv": [4.875, 5.5, 4.75, 5.625], "texture": "#main"}
			}
		},
		{
			"name": "Left Leg Layer",
			"from": [4.1, -12.25, 5.75],
			"to": [8.35, -5.75, 10.25],
			"rotation": {"angle": 0, "axis": "y", "origin": [8, 0, 8]},
			"faces": {
				"north": {"uv": [4.125, 5.8125, 4.25, 6], "texture": "#main"},
				"east": {"uv": [4, 5.8125, 4.125, 6], "texture": "#main"},
				"south": {"uv": [4.375, 5.8125, 4.5, 6], "texture": "#main"},
				"west": {"uv": [4.25, 5.8125, 4.375, 6], "texture": "#main"},
				"up": {"uv": [4.125, 4.125, 4, 4], "texture": "#main"},
				"down": {"uv": [4.375, 5.5, 4.25, 5.625], "texture": "#main"}
			}
		},
		{
			"name": "Head",
			"from": [4, 11, 0],
			"to": [12, 19, 8],
			"rotation": {"angle": 0, "axis": "x", "origin": [8, 0, 8]},
			"faces": {
				"north": {"uv": [0.25, 0.25, 0.5, 0.5], "texture": "#main"},
				"east": {"uv": [0, 0.25, 0.25, 0.5], "texture": "#main"},
				"south": {"uv": [0.75, 0.25, 1, 0.5], "texture": "#main"},
				"west": {"uv": [0.5, 0.25, 0.75, 0.5], "texture": "#main"},
				"up": {"uv": [0.5, 0.25, 0.25, 0], "texture": "#main"},
				"down": {"uv": [0.75, 0, 0.5, 0.25], "texture": "#main"}
			}
		},
		{
			"name": "Hat Layer",
			"from": [3.5, 10.5, -0.5],
			"to": [12.5, 19.5, 8.5],
			"rotation": {"angle": 0, "axis": "x", "origin": [8, 0, 8]},
			"faces": {
				"north": {"uv": [1.25, 0.25, 1.5, 0.5], "texture": "#main"},
				"east": {"uv": [1, 0.25, 1.25, 0.5], "texture": "#main"},
				"south": {"uv": [1.75, 0.25, 2, 0.5], "texture": "#main"},
				"west": {"uv": [1.5, 0.25, 1.75, 0.5], "texture": "#main"},
				"up": {"uv": [1.5, 0.25, 1.25, 0], "texture": "#main"},
				"down": {"uv": [1.75, 0, 1.5, 0.25], "texture": "#main"}
			}
		},
		{
			"name": "Body",
			"from": [4, 6, 5.75],
			"to": [12, 12, 10.25],
			"rotation": {"angle": -22.5, "axis": "x", "origin": [8, 0, 8]},
			"faces": {
				"north": {"uv": [0.625, 0.625, 0.875, 0.8125], "texture": "#main"},
				"east": {"uv": [0.5, 0.625, 0.625, 0.8125], "texture": "#main"},
				"south": {"uv": [1, 0.625, 1.25, 0.8125], "texture": "#main"},
				"west": {"uv": [0.875, 0.625, 1, 0.8125], "texture": "#main"},
				"up": {"uv": [0.875, 0.625, 0.625, 0.5], "texture": "#main"},
				"down": {"uv": [1.125, 0.5, 0.875, 0.625], "texture": "#main"}
			}
		},
		{
			"name": "Body Layer",
			"from": [3.75, 5.75, 5.5],
			"to": [12.25, 12.25, 10.5],
			"rotation": {"angle": -22.5, "axis": "x", "origin": [8, 0, 8]},
			"faces": {
				"north": {"uv": [0.625, 1.125, 0.875, 1.3125], "texture": "#main"},
				"east": {"uv": [0.5, 1.125, 0.625, 1.3125], "texture": "#main"},
				"south": {"uv": [1, 1.125, 1.25, 1.3125], "texture": "#main"},
				"west": {"uv": [0.875, 1.125, 1, 1.3125], "texture": "#main"},
				"up": {"uv": [0.875, 1.125, 0.625, 1], "texture": "#main"},
				"down": {"uv": [0.25, 0, 0, 0.125], "texture": "#main"}
			}
		},
		{
			"name": "Body",
			"from": [4.25, 0, 6],
			"to": [11.75, 6, 10],
			"rotation": {"angle": -22.5, "axis": "x", "origin": [8, 0, 8]},
			"faces": {
				"north": {"uv": [0.625, 0.8125, 0.875, 1], "texture": "#main"},
				"east": {"uv": [0.5, 0.8125, 0.625, 1], "texture": "#main"},
				"south": {"uv": [1, 0.8125, 1.25, 1], "texture": "#main"},
				"west": {"uv": [0.875, 0.8125, 1, 1], "texture": "#main"},
				"up": {"uv": [0.875, 0.8125, 0.625, 0.6875], "texture": "#main"},
				"down": {"uv": [1.125, 0.6875, 0.875, 0.8125], "texture": "#main"}
			}
		},
		{
			"name": "Body Layer",
			"from": [4, -0.25, 5.75],
			"to": [12, 6.25, 10.25],
			"rotation": {"angle": -22.5, "axis": "x", "origin": [8, 0, 8]},
			"faces": {
				"north": {"uv": [0.625, 1.3125, 0.875, 1.5], "texture": "#main"},
				"east": {"uv": [0.5, 1.3125, 0.625, 1.5], "texture": "#main"},
				"south": {"uv": [1, 1.3125, 1.25, 1.5], "texture": "#main"},
				"west": {"uv": [0.875, 1.3125, 1, 1.5], "texture": "#main"},
				"up": {"uv": [0.25, 0.125, 0, 0], "texture": "#main"},
				"down": {"uv": [1.125, 1.1875, 0.875, 1.3125], "texture": "#main"}
			}
		},
		{
			"name": "Right Arm",
			"from": [10.01046, 7, -1.99792],
			"to": [14.01046, 11, 4.00208],
			"rotation": {"angle": -22.5, "axis": "y", "origin": [13, 10, 3]},
			"faces": {
				"north": {"uv": [1.625, 0.5, 1.5, 0.625], "rotation": 180, "texture": "#main"},
				"east": {"uv": [1.25, 0.625, 1.375, 0.8125], "rotation": 270, "texture": "#main"},
				"south": {"uv": [1.5, 0.625, 1.375, 0.5], "texture": "#main"},
				"west": {"uv": [1.5, 0.625, 1.625, 0.8125], "rotation": 90, "texture": "#main"},
				"up": {"uv": [1.375, 0.625, 1.5, 0.8125], "rotation": 180, "texture": "#main"},
				"down": {"uv": [1.625, 0.625, 1.75, 0.8125], "texture": "#main"}
			}
		},
		{
			"name": "Right Arm Layer",
			"from": [9.76046, 6.75, -2.24792],
			"to": [14.26046, 11.25, 4.25208],
			"rotation": {"angle": -22.5, "axis": "y", "origin": [13, 10, 3]},
			"faces": {
				"north": {"uv": [0.125, 0, 0, 0.125], "rotation": 180, "texture": "#main"},
				"east": {"uv": [1.25, 1.125, 1.375, 1.3125], "rotation": 270, "texture": "#main"},
				"south": {"uv": [1.5, 1.125, 1.375, 1], "texture": "#main"},
				"west": {"uv": [1.5, 1.125, 1.625, 1.3125], "rotation": 90, "texture": "#main"},
				"up": {"uv": [1.375, 1.125, 1.5, 1.3125], "rotation": 180, "texture": "#main"},
				"down": {"uv": [1.625, 1.125, 1.75, 1.3125], "texture": "#main"}
			}
		},
		{
			"name": "Right Arm",
			"from": [10.01046, 7, -7.99792],
			"to": [14.01046, 11, -1.99792],
			"rotation": {"angle": -22.5, "axis": "y", "origin": [13, 10, 3]},
			"faces": {
				"north": {"uv": [1.625, 0.5, 1.5, 0.625], "rotation": 180, "texture": "#main"},
				"east": {"uv": [1.25, 0.8125, 1.375, 1], "rotation": 270, "texture": "#main"},
				"south": {"uv": [1.5, 0.8125, 1.375, 0.6875], "texture": "#main"},
				"west": {"uv": [1.5, 0.8125, 1.625, 1], "rotation": 90, "texture": "#main"},
				"up": {"uv": [1.375, 0.8125, 1.5, 1], "rotation": 180, "texture": "#main"},
				"down": {"uv": [1.625, 0.8125, 1.75, 1], "texture": "#main"}
			}
		},
		{
			"name": "Right Arm Layer",
			"from": [9.76046, 6.75, -8.24792],
			"to": [14.26046, 11.25, -1.74792],
			"rotation": {"angle": -22.5, "axis": "y", "origin": [13, 10, 3]},
			"faces": {
				"north": {"uv": [1.625, 1, 1.5, 1.125], "rotation": 180, "texture": "#main"},
				"east": {"uv": [1.25, 1.3125, 1.375, 1.5], "rotation": 270, "texture": "#main"},
				"south": {"uv": [0.125, 0.125, 0, 0], "texture": "#main"},
				"west": {"uv": [1.5, 1.3125, 1.625, 1.5], "rotation": 90, "texture": "#main"},
				"up": {"uv": [1.375, 1.3125, 1.5, 1.5], "rotation": 180, "texture": "#main"},
				"down": {"uv": [1.625, 1.3125, 1.75, 1.5], "texture": "#main"}
			}
		},
		{
			"from": [17.36396, 7, -6.19239],
			"to": [19.36396, 11, 3.80761],
			"rotation": {"angle": 0, "axis": "y", "origin": [13, 10, 3]},
			"faces": {
				"north": {"uv": [2, 0, 2.01563, 0.03125], "texture": "#main"},
				"east": {"uv": [2, 0, 2.07813, 0.03125], "texture": "#main"},
				"south": {"uv": [2, 0, 2.01563, 0.03125], "texture": "#main"},
				"west": {"uv": [2, 0, 2.07813, 0.03125], "texture": "#main"},
				"up": {"uv": [2, 0, 2.07813, 0.01563], "rotation": 90, "texture": "#main"},
				"down": {"uv": [2, 0, 2.07813, 0.01563], "rotation": 270, "texture": "#main"}
			}
		},
		{
			"from": [6, 7, -8],
			"to": [11, 11, -6],
			"rotation": {"angle": -45, "axis": "y", "origin": [13, 10, 3]},
			"faces": {
				"north": {"uv": [2, 0, 2.03906, 0.03125], "texture": "#main"},
				"east": {"uv": [2, 0, 2.01563, 0.03125], "texture": "#main"},
				"south": {"uv": [2, 0, 2.03906, 0.03125], "texture": "#main"},
				"west": {"uv": [2, 0, 2.01563, 0.03125], "texture": "#main"},
				"up": {"uv": [2, 0, 2.03906, 0.01563], "texture": "#main"},
				"down": {"uv": [2, 0, 2.03906, 0.01563], "texture": "#main"}
			}
		},
		{
			"name": "Left Arm",
			"from": [0, 7, 2],
			"to": [4, 13, 6],
			"rotation": {"angle": -22.5, "axis": "x", "origin": [2, 10, 8]},
			"faces": {
				"north": {"uv": [1.125, 1.625, 1.25, 1.8125], "texture": "#main"},
				"east": {"uv": [1, 1.625, 1.125, 1.8125], "texture": "#main"},
				"south": {"uv": [1.375, 1.625, 1.5, 1.8125], "texture": "#main"},
				"west": {"uv": [1.25, 1.625, 1.375, 1.8125], "texture": "#main"},
				"up": {"uv": [1.25, 1.625, 1.125, 1.5], "texture": "#main"},
				"down": {"uv": [1.375, 1.5, 1.25, 1.625], "texture": "#main"}
			}
		},
		{
			"name": "Left Arm Layer",
			"from": [-0.25, 6.75, 1.75],
			"to": [4.25, 13.25, 6.25],
			"rotation": {"angle": -22.5, "axis": "x", "origin": [2, 10, 8]},
			"faces": {
				"north": {"uv": [1.625, 1.625, 1.75, 1.8125], "texture": "#main"},
				"east": {"uv": [1.5, 1.625, 1.625, 1.8125], "texture": "#main"},
				"south": {"uv": [1.875, 1.625, 2, 1.8125], "texture": "#main"},
				"west": {"uv": [1.75, 1.625, 1.875, 1.8125], "texture": "#main"},
				"up": {"uv": [1.75, 1.625, 1.625, 1.5], "texture": "#main"},
				"down": {"uv": [0.125, 0, 0, 0.125], "texture": "#main"}
			}
		},
		{
			"name": "Left Arm",
			"from": [0, 1, 2],
			"to": [4, 7, 6],
			"rotation": {"angle": -22.5, "axis": "x", "origin": [2, 10, 8]},
			"faces": {
				"north": {"uv": [1.125, 1.8125, 1.25, 2], "texture": "#main"},
				"east": {"uv": [1, 1.8125, 1.125, 2], "texture": "#main"},
				"south": {"uv": [1.375, 1.8125, 1.5, 2], "texture": "#main"},
				"west": {"uv": [1.25, 1.8125, 1.375, 2], "texture": "#main"},
				"up": {"uv": [1.25, 1.8125, 1.125, 1.6875], "texture": "#main"},
				"down": {"uv": [1.375, 1.5, 1.25, 1.625], "texture": "#main"}
			}
		},
		{
			"name": "Left Arm Layer",
			"from": [-0.25, 0.75, 1.75],
			"to": [4.25, 7.25, 6.25],
			"rotation": {"angle": -22.5, "axis": "x", "origin": [2, 10, 8]},
			"faces": {
				"north": {"uv": [1.625, 1.8125, 1.75, 2], "texture": "#main"},
				"east": {"uv": [1.5, 1.8125, 1.625, 2], "texture": "#main"},
				"south": {"uv": [1.875, 1.8125, 2, 2], "texture": "#main"},
				"west": {"uv": [1.75, 1.8125, 1.875, 2], "texture": "#main"},
				"up": {"uv": [0.125, 0.125, 0, 0], "texture": "#main"},
				"down": {"uv": [1.875, 1.5, 1.75, 1.625], "texture": "#main"}
			}
		},
		{
			"name": "Right Leg",
			"from": [7.9, -6, 6],
			"to": [11.65, 0, 10],
			"rotation": {"angle": -22.5, "axis": "x", "origin": [8, 0, 8]},
			"faces": {
				"north": {"uv": [0.125, 0.625, 0.25, 0.8125], "texture": "#main"},
				"east": {"uv": [0, 0.625, 0.125, 0.8125], "texture": "#main"},
				"south": {"uv": [0.375, 0.625, 0.5, 0.8125], "texture": "#main"},
				"west": {"uv": [0.25, 0.625, 0.375, 0.8125], "texture": "#main"},
				"up": {"uv": [0.25, 0.625, 0.125, 0.5], "texture": "#main"},
				"down": {"uv": [0.375, 0.5, 0.25, 0.625], "texture": "#main"}
			}
		},
		{
			"name": "Right Leg Layer",
			"from": [7.65, -6.25, 5.75],
			"to": [11.9, 0.25, 10.25],
			"rotation": {"angle": -22.5, "axis": "x", "origin": [8, 0, 8]},
			"faces": {
				"north": {"uv": [0.125, 1.125, 0.25, 1.3125], "texture": "#main"},
				"east": {"uv": [0, 1.125, 0.125, 1.3125], "texture": "#main"},
				"south": {"uv": [0.375, 1.125, 0.5, 1.3125], "texture": "#main"},
				"west": {"uv": [0.25, 1.125, 0.375, 1.3125], "texture": "#main"},
				"up": {"uv": [0.25, 1.125, 0.125, 1], "texture": "#main"},
				"down": {"uv": [0.125, 0, 0, 0.125], "texture": "#main"}
			}
		},
		{
			"name": "Right Leg",
			"from": [7.9, -12, 6],
			"to": [11.65, -6, 10],
			"rotation": {"angle": -22.5, "axis": "x", "origin": [8, 0, 8]},
			"faces": {
				"north": {"uv": [0.125, 0.8125, 0.25, 1], "texture": "#main"},
				"east": {"uv": [0, 0.8125, 0.125, 1], "texture": "#main"},
				"south": {"uv": [0.375, 0.8125, 0.5, 1], "texture": "#main"},
				"west": {"uv": [0.25, 0.8125, 0.375, 1], "texture": "#main"},
				"up": {"uv": [0.25, 0.8125, 0.125, 0.6875], "texture": "#main"},
				"down": {"uv": [0.375, 0.5, 0.25, 0.625], "texture": "#main"}
			}
		},
		{
			"name": "Right Leg Layer",
			"from": [7.65, -12.25, 5.75],
			"to": [11.9, -5.75, 10.25],
			"rotation": {"angle": -22.5, "axis": "x", "origin": [8, 0, 8]},
			"faces": {
				"north": {"uv": [0.125, 1.3125, 0.25, 1.5], "texture": "#main"},
				"east": {"uv": [0, 1.3125, 0.125, 1.5], "texture": "#main"},
				"south": {"uv": [0.375, 1.3125, 0.5, 1.5], "texture": "#main"},
				"west": {"uv": [0.25, 1.3125, 0.375, 1.5], "texture": "#main"},
				"up": {"uv": [0.125, 0.125, 0, 0], "texture": "#main"},
				"down": {"uv": [0.375, 1, 0.25, 1.125], "texture": "#main"}
			}
		},
		{
			"name": "Left Leg",
			"from": [4.35, -6, 6],
			"to": [8.1, 0, 10],
			"rotation": {"angle": 0, "axis": "y", "origin": [8, 0, 8]},
			"faces": {
				"north": {"uv": [0.625, 1.625, 0.75, 1.8125], "texture": "#main"},
				"east": {"uv": [0.5, 1.625, 0.625, 1.8125], "texture": "#main"},
				"south": {"uv": [0.875, 1.625, 1, 1.8125], "texture": "#main"},
				"west": {"uv": [0.75, 1.625, 0.875, 1.8125], "texture": "#main"},
				"up": {"uv": [0.75, 1.625, 0.625, 1.5], "texture": "#main"},
				"down": {"uv": [0.875, 1.5, 0.75, 1.625], "texture": "#main"}
			}
		},
		{
			"name": "Left Leg Layer",
			"from": [4.1, -6.25, 5.75],
			"to": [8.35, 0.25, 10.25],
			"rotation": {"angle": 0, "axis": "y", "origin": [8, 0, 8]},
			"faces": {
				"north": {"uv": [0.125, 1.625, 0.25, 1.8125], "texture": "#main"},
				"east": {"uv": [0, 1.625, 0.125, 1.8125], "texture": "#main"},
				"south": {"uv": [0.375, 1.625, 0.5, 1.8125], "texture": "#main"},
				"west": {"uv": [0.25, 1.625, 0.375, 1.8125], "texture": "#main"},
				"up": {"uv": [0.25, 1.625, 0.125, 1.5], "texture": "#main"},
				"down": {"uv": [0.125, 0, 0, 0.125], "texture": "#main"}
			}
		},
		{
			"name": "Left Leg",
			"from": [4.35, -12, 6],
			"to": [8.1, -6, 10],
			"rotation": {"angle": 0, "axis": "y", "origin": [8, 0, 8]},
			"faces": {
				"north": {"uv": [0.625, 1.8125, 0.75, 2], "texture": "#main"},
				"east": {"uv": [0.5, 1.8125, 0.625, 2], "texture": "#main"},
				"south": {"uv": [0.875, 1.8125, 1, 2], "texture": "#main"},
				"west": {"uv": [0.75, 1.8125, 0.875, 2], "texture": "#main"},
				"up": {"uv": [0.75, 1.8125, 0.625, 1.6875], "texture": "#main"},
				"down": {"uv": [0.875, 1.5, 0.75, 1.625], "texture": "#main"}
			}
		},
		{
			"name": "Left Leg Layer",
			"from": [4.1, -12.25, 5.75],
			"to": [8.35, -5.75, 10.25],
			"rotation": {"angle": 0, "axis": "y", "origin": [8, 0, 8]},
			"faces": {
				"north": {"uv": [0.125, 1.8125, 0.25, 2], "texture": "#main"},
				"east": {"uv": [0, 1.8125, 0.125, 2], "texture": "#main"},
				"south": {"uv": [0.375, 1.8125, 0.5, 2], "texture": "#main"},
				"west": {"uv": [0.25, 1.8125, 0.375, 2], "texture": "#main"},
				"up": {"uv": [0.125, 0.125, 0, 0], "texture": "#main"},
				"down": {"uv": [0.375, 1.5, 0.25, 1.625], "texture": "#main"}
			}
		}
	],
	"display": {
		"head": {
			"translation": [-6.75, -12.75, 0],
			"scale": [1.6, 1.6, 1.6]
		}
	},
	"groups": [
		0,
		1,
		2,
		3,
		4,
		5,
		6,
		7,
		8,
		9,
		10,
		11,
		12,
		13,
		14,
		15,
		16,
		17,
		18,
		19,
		20,
		21,
		22,
		23,
		24,
		25,
		26,
		27,
		28,
		29,
		30,
		31,
		32,
		33,
		34,
		35,
		36,
		37,
		38,
		39,
		40,
		41,
		42,
		43,
		44,
		45,
		46,
		47,
		48,
		49,
		50,
		51,
		52,
		53,
		54,
		55,
		56,
		57,
		58,
		59,
		60,
		61,
		62,
		63,
		64,
		65,
		66,
		67,
		68,
		69,
		70,
		71,
		72,
		73,
		74,
		75,
		76,
		77,
		78,
		79,
		80,
		81,
		82,
		83,
		84,
		85,
		86,
		87,
		88,
		89,
		90,
		91,
		92,
		93,
		94,
		95,
		96,
		97,
		98,
		99,
		100,
		101,
		102,
		103,
		104,
		105,
		106,
		107,
		108,
		109,
		110,
		111,
		112,
		113,
		114,
		115,
		116,
		117,
		118,
		119,
		{
			"name": "Head",
			"origin": [0, 24, 0],
			"color": 0,
			"children": [120, 121]
		},
		{
			"name": "Body",
			"origin": [0, 24, 0],
			"color": 0,
			"children": [
				122,
				123,
				{
					"name": "Body",
					"origin": [0, 24, 0],
					"color": 0,
					"children": [124, 125]
				}
			]
		},
		{
			"name": "RightArm",
			"origin": [5, 22, 0],
			"color": 0,
			"children": [
				126,
				127,
				{
					"name": "RightArm",
					"origin": [5, 22, 0],
					"color": 0,
					"children": [128, 129, 130, 131]
				}
			]
		},
		{
			"name": "LeftArm",
			"origin": [-5, 22, 0],
			"color": 0,
			"children": [
				132,
				133,
				{
					"name": "LeftArm",
					"origin": [-5, 22, 0],
					"color": 0,
					"children": [134, 135]
				}
			]
		},
		{
			"name": "RightLeg",
			"origin": [1.9, 12, 0],
			"color": 0,
			"children": [
				136,
				137,
				{
					"name": "RightLeg",
					"origin": [1.9, 12, 0],
					"color": 0,
					"children": [138, 139]
				}
			]
		},
		{
			"name": "LeftLeg",
			"origin": [-1.9, 12, 0],
			"color": 0,
			"children": [
				140,
				141,
				{
					"name": "LeftLeg",
					"origin": [-1.9, 12, 0],
					"color": 0,
					"children": [142, 143]
				}
			]
		}
	]
}