{
	"credit": "Made with Blockbench",
	"texture_size": [64, 64],
	"textures": {
		"0": "nw:stand/base/silver_chariot",
		"2": "nw:stand/evo/anubis",
		"particle": "nw:item/broken_anubis"
	},
	"elements": [
		{
			"name": "Head",
			"from": [4, 12.5, 8.75],
			"to": [12, 20.5, 16.75],
			"rotation": {"angle": 0, "axis": "y", "origin": [8, 11, 12]},
			"faces": {
				"north": {"uv": [2, 2, 4, 4], "texture": "#2"},
				"east": {"uv": [0, 2, 2, 4], "texture": "#2"},
				"south": {"uv": [6, 2, 8, 4], "texture": "#2"},
				"west": {"uv": [4, 2, 6, 4], "texture": "#2"},
				"up": {"uv": [4, 2, 2, 0], "texture": "#2"},
				"down": {"uv": [6, 0, 4, 2], "texture": "#2"}
			}
		},
		{
			"name": "Hat Layer",
			"from": [3.5, 12, 8.25],
			"to": [12.5, 21, 17.25],
			"rotation": {"angle": 0, "axis": "y", "origin": [8, 11, 12]},
			"faces": {
				"north": {"uv": [10, 2, 12, 4], "texture": "#2"},
				"east": {"uv": [8, 2, 10, 4], "texture": "#2"},
				"south": {"uv": [14, 2, 16, 4], "texture": "#2"},
				"west": {"uv": [12, 2, 14, 4], "texture": "#2"},
				"up": {"uv": [12, 2, 10, 0], "texture": "#2"},
				"down": {"uv": [14, 0, 12, 2], "texture": "#2"}
			}
		},
		{
			"name": "Body",
			"from": [4, 1, 6],
			"to": [12, 13, 10],
			"rotation": {"angle": 22.5, "axis": "x", "origin": [8, 0, 8]},
			"faces": {
				"north": {"uv": [5, 5, 7, 8], "texture": "#2"},
				"east": {"uv": [4, 5, 5, 8], "texture": "#2"},
				"south": {"uv": [8, 5, 10, 8], "texture": "#2"},
				"west": {"uv": [7, 5, 8, 8], "texture": "#2"},
				"up": {"uv": [7, 5, 5, 4], "texture": "#2"},
				"down": {"uv": [9, 4, 7, 5], "texture": "#2"}
			}
		},
		{
			"name": "Body Layer",
			"from": [3.75, 0.75, 5.75],
			"to": [12.25, 13.25, 10.25],
			"rotation": {"angle": 22.5, "axis": "x", "origin": [8, 0, 8]},
			"faces": {
				"north": {"uv": [5, 9, 7, 12], "texture": "#2"},
				"east": {"uv": [4, 9, 5, 12], "texture": "#2"},
				"south": {"uv": [8, 9, 10, 12], "texture": "#2"},
				"west": {"uv": [7, 9, 8, 12], "texture": "#2"},
				"up": {"uv": [7, 9, 5, 8], "texture": "#2"},
				"down": {"uv": [9, 8, 7, 9], "texture": "#2"}
			}
		},
		{
			"name": "Right Arm",
			"from": [12, 15, 9],
			"to": [15, 21, 13],
			"rotation": {"angle": -22.5, "axis": "x", "origin": [13, 11, 8]},
			"faces": {
				"north": {"uv": [12.75, 6.75, 13.5, 8], "rotation": 180, "texture": "#2"},
				"east": {"uv": [10, 6.5, 11, 8], "rotation": 180, "texture": "#2"},
				"south": {"uv": [11, 6.75, 11.75, 8], "rotation": 180, "texture": "#2"},
				"west": {"uv": [11.75, 6.75, 12.75, 8], "rotation": 180, "texture": "#2"},
				"up": {"uv": [12.5, 4, 11.75, 5], "texture": "#2"},
				"down": {"uv": [11.75, 5, 11, 4], "texture": "#2"}
			}
		},
		{
			"name": "Right Arm Layer",
			"from": [11.75, 14.75, 8.75],
			"to": [15.25, 21.25, 13.25],
			"rotation": {"angle": -22.5, "axis": "x", "origin": [13, 11, 8]},
			"faces": {
				"north": {"uv": [12.75, 10.5, 13.5, 12], "rotation": 180, "texture": "#2"},
				"east": {"uv": [10, 10.5, 11, 12], "rotation": 180, "texture": "#2"},
				"south": {"uv": [11, 10.5, 11.75, 12], "rotation": 180, "texture": "#2"},
				"west": {"uv": [11.75, 10.5, 12.75, 12], "rotation": 180, "texture": "#2"},
				"up": {"uv": [12.5, 8, 11.75, 9], "texture": "#2"},
				"down": {"uv": [11.75, 9, 11, 8], "texture": "#2"}
			}
		},
		{
			"name": "Right Arm",
			"from": [12, 9, 9],
			"to": [15, 15, 13],
			"rotation": {"angle": -22.5, "axis": "x", "origin": [13, 11, 8]},
			"faces": {
				"north": {"uv": [12.75, 5, 13.5, 6.5], "rotation": 180, "texture": "#2"},
				"east": {"uv": [10, 5, 11, 6.5], "rotation": 180, "texture": "#2"},
				"south": {"uv": [11, 5, 11.75, 6.5], "rotation": 180, "texture": "#2"},
				"west": {"uv": [11.75, 5, 12.75, 6.5], "rotation": 180, "texture": "#2"},
				"up": {"uv": [12.5, 4, 11.75, 5], "texture": "#2"},
				"down": {"uv": [11.75, 5, 11, 4], "texture": "#2"}
			}
		},
		{
			"name": "Right Arm Layer",
			"from": [11.75, 8.75, 8.75],
			"to": [15.25, 15.25, 13.25],
			"rotation": {"angle": -22.5, "axis": "x", "origin": [13, 11, 8]},
			"faces": {
				"north": {"uv": [12.75, 9, 13.5, 10.5], "rotation": 180, "texture": "#2"},
				"east": {"uv": [10, 9, 11, 10.5], "rotation": 180, "texture": "#2"},
				"south": {"uv": [11, 9, 11.75, 10.5], "rotation": 180, "texture": "#2"},
				"west": {"uv": [11.75, 9, 12.75, 10.5], "rotation": 180, "texture": "#2"},
				"up": {"uv": [12.5, 8, 11.75, 9], "texture": "#2"},
				"down": {"uv": [11.75, 9, 11, 8], "texture": "#2"}
			}
		},
		{
			"name": "Right Leg",
			"from": [7.9, -11, 6],
			"to": [11.9, 1, 10],
			"rotation": {"angle": -22.5, "axis": "x", "origin": [8, 1, 8]},
			"faces": {
				"north": {"uv": [1, 5, 2, 8], "texture": "#2"},
				"east": {"uv": [0, 5, 1, 8], "texture": "#2"},
				"south": {"uv": [3, 5, 4, 8], "texture": "#2"},
				"west": {"uv": [2, 5, 3, 8], "texture": "#2"},
				"up": {"uv": [2, 5, 1, 4], "texture": "#2"},
				"down": {"uv": [3, 4, 2, 5], "texture": "#2"}
			}
		},
		{
			"name": "Right Leg Layer",
			"from": [7.65, -11.25, 5.75],
			"to": [12.15, 1.25, 10.25],
			"rotation": {"angle": -22.5, "axis": "x", "origin": [8, 1, 8]},
			"faces": {
				"north": {"uv": [1, 9, 2, 12], "texture": "#2"},
				"east": {"uv": [0, 9, 1, 12], "texture": "#2"},
				"south": {"uv": [3, 9, 4, 12], "texture": "#2"},
				"west": {"uv": [2, 9, 3, 12], "texture": "#2"},
				"up": {"uv": [2, 9, 1, 8], "texture": "#2"},
				"down": {"uv": [3, 8, 2, 9], "texture": "#2"}
			}
		},
		{
			"name": "Left Leg",
			"from": [4.1, -11, 6],
			"to": [8.1, 1, 10],
			"rotation": {"angle": 0, "axis": "z", "origin": [8, 1, 8]},
			"faces": {
				"north": {"uv": [5, 13, 6, 16], "texture": "#2"},
				"east": {"uv": [4, 13, 5, 16], "texture": "#2"},
				"south": {"uv": [7, 13, 8, 16], "texture": "#2"},
				"west": {"uv": [6, 13, 7, 16], "texture": "#2"},
				"up": {"uv": [6, 13, 5, 12], "texture": "#2"},
				"down": {"uv": [7, 12, 6, 13], "texture": "#2"}
			}
		},
		{
			"name": "Left Leg Layer",
			"from": [3.85, -11.25, 5.75],
			"to": [8.35, 1.25, 10.25],
			"rotation": {"angle": 0, "axis": "z", "origin": [8, 1, 8]},
			"faces": {
				"north": {"uv": [1, 13, 2, 16], "texture": "#2"},
				"east": {"uv": [0, 13, 1, 16], "texture": "#2"},
				"south": {"uv": [3, 13, 4, 16], "texture": "#2"},
				"west": {"uv": [2, 13, 3, 16], "texture": "#2"},
				"up": {"uv": [2, 13, 1, 12], "texture": "#2"},
				"down": {"uv": [3, 12, 2, 13], "texture": "#2"}
			}
		},
		{
			"from": [4, 17.25, 4],
			"to": [5, 22.25, 9],
			"rotation": {"angle": -22.5, "axis": "z", "origin": [3, 20.25, 6.5]},
			"faces": {
				"north": {"uv": [0, 0, 0.25, 1.25], "texture": "#0"},
				"east": {"uv": [0, 0, 1.25, 1.25], "texture": "#0"},
				"south": {"uv": [0, 0, 0.25, 1.25], "texture": "#0"},
				"west": {"uv": [0, 0, 1.25, 1.25], "texture": "#0"},
				"up": {"uv": [0, 0, 1.25, 0.25], "rotation": 90, "texture": "#0"},
				"down": {"uv": [0, 0, 1.25, 0.25], "rotation": 270, "texture": "#0"}
			}
		},
		{
			"from": [3, 20, 6],
			"to": [20, 21, 7],
			"rotation": {"angle": -45, "axis": "z", "origin": [3, 20.25, 6.5]},
			"faces": {
				"north": {"uv": [9.5, 13, 9.75, 16], "rotation": 90, "texture": "#0"},
				"east": {"uv": [6, 2.75, 6.25, 3], "texture": "#0"},
				"south": {"uv": [9.5, 13, 9.75, 16], "rotation": 270, "texture": "#0"},
				"west": {"uv": [0, 0, 0.25, 0.25], "texture": "#0"},
				"up": {"uv": [9.5, 11.75, 9.75, 16], "rotation": 90, "texture": "#0"},
				"down": {"uv": [9.25, 11.75, 9.5, 16], "rotation": 270, "texture": "#0"}
			}
		},
		{
			"name": "Right Arm",
			"from": [1, 15, 9],
			"to": [4, 21, 13],
			"rotation": {"angle": -22.5, "axis": "x", "origin": [3, 11, 8]},
			"faces": {
				"north": {"uv": [13.5, 6.75, 12.75, 8], "rotation": 180, "texture": "#2"},
				"east": {"uv": [11.75, 8, 12.75, 6.75], "texture": "#2"},
				"south": {"uv": [11.75, 6.75, 11, 8], "rotation": 180, "texture": "#2"},
				"west": {"uv": [10, 8, 11, 6.5], "texture": "#2"},
				"up": {"uv": [11.75, 4, 12.5, 5], "texture": "#2"},
				"down": {"uv": [11, 5, 11.75, 4], "texture": "#2"}
			}
		},
		{
			"name": "Right Arm Layer",
			"from": [0.75, 14.75, 8.75],
			"to": [4.25, 21.25, 13.25],
			"rotation": {"angle": -22.5, "axis": "x", "origin": [3, 11, 8]},
			"faces": {
				"north": {"uv": [13.5, 10.5, 12.75, 12], "rotation": 180, "texture": "#2"},
				"east": {"uv": [11.75, 12, 12.75, 10.5], "texture": "#2"},
				"south": {"uv": [11.75, 10.5, 11, 12], "rotation": 180, "texture": "#2"},
				"west": {"uv": [10, 12, 11, 10.5], "texture": "#2"},
				"up": {"uv": [11.75, 8, 12.5, 9], "texture": "#2"},
				"down": {"uv": [11, 9, 11.75, 8], "texture": "#2"}
			}
		},
		{
			"name": "Right Arm",
			"from": [1, 9, 9],
			"to": [4, 15, 13],
			"rotation": {"angle": -22.5, "axis": "x", "origin": [3, 11, 8]},
			"faces": {
				"north": {"uv": [13.5, 5, 12.75, 6.5], "rotation": 180, "texture": "#2"},
				"east": {"uv": [11.75, 6.5, 12.75, 5], "texture": "#2"},
				"south": {"uv": [11.75, 5, 11, 6.5], "rotation": 180, "texture": "#2"},
				"west": {"uv": [10, 6.5, 11, 5], "texture": "#2"},
				"up": {"uv": [11.75, 4, 12.5, 5], "texture": "#2"},
				"down": {"uv": [11, 5, 11.75, 4], "texture": "#2"}
			}
		},
		{
			"name": "Right Arm Layer",
			"from": [0.75, 8.75, 8.75],
			"to": [4.25, 15.25, 13.25],
			"rotation": {"angle": -22.5, "axis": "x", "origin": [3, 11, 8]},
			"faces": {
				"north": {"uv": [13.5, 9, 12.75, 10.5], "rotation": 180, "texture": "#2"},
				"east": {"uv": [11.75, 10.5, 12.75, 9], "texture": "#2"},
				"south": {"uv": [11.75, 9, 11, 10.5], "rotation": 180, "texture": "#2"},
				"west": {"uv": [10, 10.5, 11, 9], "texture": "#2"},
				"up": {"uv": [11.75, 8, 12.5, 9], "texture": "#2"},
				"down": {"uv": [11, 9, 11.75, 8], "texture": "#2"}
			}
		},
		{
			"name": "anubis_0",
			"from": [4.3111, 8.91111, 6.88889],
			"to": [5.9111, 12.11111, 7.68889],
			"rotation": {"angle": 0, "axis": "z", "origin": [7.95555, 2, 8.88889]},
			"faces": {
				"north": {"uv": [14, 4, 16, 0], "texture": "#particle"},
				"east": {"uv": [14, 0, 15, 4], "rotation": 180, "texture": "#particle"},
				"south": {"uv": [14, 0, 16, 4], "rotation": 180, "texture": "#particle"},
				"west": {"uv": [15, 0, 16, 4], "rotation": 180, "texture": "#particle"},
				"up": {"uv": [14, 3, 16, 4], "rotation": 180, "texture": "#particle"},
				"down": {"uv": [16, 0, 14, 1], "texture": "#particle"}
			}
		},
		{
			"name": "anubis_1",
			"from": [5.9111, 10.51111, 6.88889],
			"to": [6.7111, 13.71111, 7.68889],
			"rotation": {"angle": 0, "axis": "z", "origin": [7.95555, 2, 8.88889]},
			"faces": {
				"north": {"uv": [13, 6, 14, 2], "texture": "#particle"},
				"east": {"uv": [13, 2, 14, 6], "rotation": 180, "texture": "#particle"},
				"south": {"uv": [13, 2, 14, 6], "rotation": 180, "texture": "#particle"},
				"west": {"uv": [13, 2, 14, 6], "rotation": 180, "texture": "#particle"},
				"up": {"uv": [13, 5, 14, 6], "rotation": 180, "texture": "#particle"},
				"down": {"uv": [14, 2, 13, 3], "texture": "#particle"}
			}
		},
		{
			"name": "anubis_2",
			"from": [6.7111, 11.31111, 6.88889],
			"to": [7.5111, 14.51111, 7.68889],
			"rotation": {"angle": 0, "axis": "z", "origin": [7.95555, 2, 8.88889]},
			"faces": {
				"north": {"uv": [12, 7, 13, 3], "texture": "#particle"},
				"east": {"uv": [12, 3, 13, 7], "rotation": 180, "texture": "#particle"},
				"south": {"uv": [12, 3, 13, 7], "rotation": 180, "texture": "#particle"},
				"west": {"uv": [12, 3, 13, 7], "rotation": 180, "texture": "#particle"},
				"up": {"uv": [12, 6, 13, 7], "rotation": 180, "texture": "#particle"},
				"down": {"uv": [13, 3, 12, 4], "texture": "#particle"}
			}
		},
		{
			"name": "anubis_3",
			"from": [7.5111, 12.11111, 6.88889],
			"to": [8.3111, 15.31111, 7.68889],
			"rotation": {"angle": 0, "axis": "z", "origin": [7.95555, 2, 8.88889]},
			"faces": {
				"north": {"uv": [11, 8, 12, 4], "texture": "#particle"},
				"east": {"uv": [11, 4, 12, 8], "rotation": 180, "texture": "#particle"},
				"south": {"uv": [11, 4, 12, 8], "rotation": 180, "texture": "#particle"},
				"west": {"uv": [11, 4, 12, 8], "rotation": 180, "texture": "#particle"},
				"up": {"uv": [11, 7, 12, 8], "rotation": 180, "texture": "#particle"},
				"down": {"uv": [12, 4, 11, 5], "texture": "#particle"}
			}
		},
		{
			"name": "anubis_4",
			"from": [5.1111, 12.11111, 6.88889],
			"to": [5.9111, 12.91111, 7.68889],
			"rotation": {"angle": 0, "axis": "z", "origin": [7.95555, 2, 8.88889]},
			"faces": {
				"north": {"uv": [14, 5, 15, 4], "texture": "#particle"},
				"east": {"uv": [14, 4, 15, 5], "rotation": 180, "texture": "#particle"},
				"south": {"uv": [14, 4, 15, 5], "rotation": 180, "texture": "#particle"},
				"west": {"uv": [14, 4, 15, 5], "rotation": 180, "texture": "#particle"},
				"up": {"uv": [14, 4, 15, 5], "rotation": 180, "texture": "#particle"},
				"down": {"uv": [15, 4, 14, 5], "texture": "#particle"}
			}
		},
		{
			"name": "anubis_5",
			"from": [8.3111, 12.91111, 6.88889],
			"to": [9.1111, 16.11111, 7.68889],
			"rotation": {"angle": 0, "axis": "z", "origin": [7.95555, 2, 8.88889]},
			"faces": {
				"north": {"uv": [10, 9, 11, 5], "texture": "#particle"},
				"east": {"uv": [10, 5, 11, 9], "rotation": 180, "texture": "#particle"},
				"south": {"uv": [10, 5, 11, 9], "rotation": 180, "texture": "#particle"},
				"west": {"uv": [10, 5, 11, 9], "rotation": 180, "texture": "#particle"},
				"up": {"uv": [10, 8, 11, 9], "rotation": 180, "texture": "#particle"},
				"down": {"uv": [11, 5, 10, 6], "texture": "#particle"}
			}
		},
		{
			"name": "anubis_6",
			"from": [9.1111, 13.71111, 6.88889],
			"to": [9.9111, 16.91111, 7.68889],
			"rotation": {"angle": 0, "axis": "z", "origin": [7.95555, 2, 8.88889]},
			"faces": {
				"north": {"uv": [9, 10, 10, 6], "texture": "#particle"},
				"east": {"uv": [9, 6, 10, 10], "rotation": 180, "texture": "#particle"},
				"south": {"uv": [9, 6, 10, 10], "rotation": 180, "texture": "#particle"},
				"west": {"uv": [9, 6, 10, 10], "rotation": 180, "texture": "#particle"},
				"up": {"uv": [9, 9, 10, 10], "rotation": 180, "texture": "#particle"},
				"down": {"uv": [10, 6, 9, 7], "texture": "#particle"}
			}
		},
		{
			"name": "anubis_7",
			"from": [13.1111, 14.51111, 6.88889],
			"to": [13.9111, 20.11111, 7.68889],
			"rotation": {"angle": 0, "axis": "z", "origin": [7.95555, 2, 8.88889]},
			"faces": {
				"north": {"uv": [4, 14, 5, 7], "texture": "#particle"},
				"east": {"uv": [4, 7, 5, 14], "rotation": 180, "texture": "#particle"},
				"south": {"uv": [4, 7, 5, 14], "rotation": 180, "texture": "#particle"},
				"west": {"uv": [4, 7, 5, 14], "rotation": 180, "texture": "#particle"},
				"up": {"uv": [4, 13, 5, 14], "rotation": 180, "texture": "#particle"},
				"down": {"uv": [5, 7, 4, 8], "texture": "#particle"}
			}
		},
		{
			"name": "anubis_8",
			"from": [9.9111, 14.51111, 6.88889],
			"to": [10.7111, 20.91111, 7.68889],
			"rotation": {"angle": 0, "axis": "z", "origin": [7.95555, 2, 8.88889]},
			"faces": {
				"north": {"uv": [8, 15, 9, 7], "texture": "#particle"},
				"east": {"uv": [8, 7, 9, 15], "rotation": 180, "texture": "#particle"},
				"south": {"uv": [8, 7, 9, 15], "rotation": 180, "texture": "#particle"},
				"west": {"uv": [8, 7, 9, 15], "rotation": 180, "texture": "#particle"},
				"up": {"uv": [8, 14, 9, 15], "rotation": 180, "texture": "#particle"},
				"down": {"uv": [9, 7, 8, 8], "texture": "#particle"}
			}
		},
		{
			"name": "anubis_9",
			"from": [13.9111, 15.31111, 6.88889],
			"to": [15.5111, 16.11111, 7.68889],
			"rotation": {"angle": 0, "axis": "z", "origin": [7.95555, 2, 8.88889]},
			"faces": {
				"north": {"uv": [2, 9, 4, 8], "texture": "#particle"},
				"east": {"uv": [2, 8, 3, 9], "rotation": 180, "texture": "#particle"},
				"south": {"uv": [2, 8, 4, 9], "rotation": 180, "texture": "#particle"},
				"west": {"uv": [3, 8, 4, 9], "rotation": 180, "texture": "#particle"},
				"up": {"uv": [2, 8, 4, 9], "rotation": 180, "texture": "#particle"},
				"down": {"uv": [4, 8, 2, 9], "texture": "#particle"}
			}
		},
		{
			"name": "anubis_10",
			"from": [12.3111, 15.31111, 6.88889],
			"to": [13.1111, 19.31111, 7.68889],
			"rotation": {"angle": 0, "axis": "z", "origin": [7.95555, 2, 8.88889]},
			"faces": {
				"north": {"uv": [5, 13, 6, 8], "texture": "#particle"},
				"east": {"uv": [5, 8, 6, 13], "rotation": 180, "texture": "#particle"},
				"south": {"uv": [5, 8, 6, 13], "rotation": 180, "texture": "#particle"},
				"west": {"uv": [5, 8, 6, 13], "rotation": 180, "texture": "#particle"},
				"up": {"uv": [5, 12, 6, 13], "rotation": 180, "texture": "#particle"},
				"down": {"uv": [6, 8, 5, 9], "texture": "#particle"}
			}
		},
		{
			"name": "anubis_11",
			"from": [10.7111, 15.31111, 6.88889],
			"to": [11.5111, 20.11111, 7.68889],
			"rotation": {"angle": 0, "axis": "z", "origin": [7.95555, 2, 8.88889]},
			"faces": {
				"north": {"uv": [7, 14, 8, 8], "texture": "#particle"},
				"east": {"uv": [7, 8, 8, 14], "rotation": 180, "texture": "#particle"},
				"south": {"uv": [7, 8, 8, 14], "rotation": 180, "texture": "#particle"},
				"west": {"uv": [7, 8, 8, 14], "rotation": 180, "texture": "#particle"},
				"up": {"uv": [7, 13, 8, 14], "rotation": 180, "texture": "#particle"},
				"down": {"uv": [8, 8, 7, 9], "texture": "#particle"}
			}
		},
		{
			"name": "anubis_12",
			"from": [13.9111, 16.11111, 6.88889],
			"to": [14.7111, 16.91111, 7.68889],
			"rotation": {"angle": 0, "axis": "z", "origin": [7.95555, 2, 8.88889]},
			"faces": {
				"north": {"uv": [3, 10, 4, 9], "texture": "#particle"},
				"east": {"uv": [3, 9, 4, 10], "rotation": 180, "texture": "#particle"},
				"south": {"uv": [3, 9, 4, 10], "rotation": 180, "texture": "#particle"},
				"west": {"uv": [3, 9, 4, 10], "rotation": 180, "texture": "#particle"},
				"up": {"uv": [3, 9, 4, 10], "rotation": 180, "texture": "#particle"},
				"down": {"uv": [4, 9, 3, 10], "texture": "#particle"}
			}
		},
		{
			"name": "anubis_13",
			"from": [11.5111, 16.11111, 6.88889],
			"to": [12.3111, 19.31111, 7.68889],
			"rotation": {"angle": 0, "axis": "z", "origin": [7.95555, 2, 8.88889]},
			"faces": {
				"north": {"uv": [6, 13, 7, 9], "texture": "#particle"},
				"east": {"uv": [6, 9, 7, 13], "rotation": 180, "texture": "#particle"},
				"south": {"uv": [6, 9, 7, 13], "rotation": 180, "texture": "#particle"},
				"west": {"uv": [6, 9, 7, 13], "rotation": 180, "texture": "#particle"},
				"up": {"uv": [6, 12, 7, 13], "rotation": 180, "texture": "#particle"},
				"down": {"uv": [7, 9, 6, 10], "texture": "#particle"}
			}
		},
		{
			"name": "anubis_14",
			"from": [13.9111, 18.51111, 6.88889],
			"to": [14.7111, 20.91111, 7.68889],
			"rotation": {"angle": 0, "axis": "z", "origin": [7.95555, 2, 8.88889]},
			"faces": {
				"north": {"uv": [3, 15, 4, 12], "texture": "#particle"},
				"east": {"uv": [3, 12, 4, 15], "rotation": 180, "texture": "#particle"},
				"south": {"uv": [3, 12, 4, 15], "rotation": 180, "texture": "#particle"},
				"west": {"uv": [3, 12, 4, 15], "rotation": 180, "texture": "#particle"},
				"up": {"uv": [3, 14, 4, 15], "rotation": 180, "texture": "#particle"},
				"down": {"uv": [4, 12, 3, 13], "texture": "#particle"}
			}
		},
		{
			"name": "anubis_15",
			"from": [9.1111, 18.51111, 6.88889],
			"to": [9.9111, 19.31111, 7.68889],
			"rotation": {"angle": 0, "axis": "z", "origin": [7.95555, 2, 8.88889]},
			"faces": {
				"north": {"uv": [9, 13, 10, 12], "texture": "#particle"},
				"east": {"uv": [9, 12, 10, 13], "rotation": 180, "texture": "#particle"},
				"south": {"uv": [9, 12, 10, 13], "rotation": 180, "texture": "#particle"},
				"west": {"uv": [9, 12, 10, 13], "rotation": 180, "texture": "#particle"},
				"up": {"uv": [9, 12, 10, 13], "rotation": 180, "texture": "#particle"},
				"down": {"uv": [10, 12, 9, 13], "texture": "#particle"}
			}
		},
		{
			"name": "anubis_16",
			"from": [14.7111, 19.31111, 6.88889],
			"to": [15.5111, 21.71111, 7.68889],
			"rotation": {"angle": 0, "axis": "z", "origin": [7.95555, 2, 8.88889]},
			"faces": {
				"north": {"uv": [2, 16, 3, 13], "texture": "#particle"},
				"east": {"uv": [2, 13, 3, 16], "rotation": 180, "texture": "#particle"},
				"south": {"uv": [2, 13, 3, 16], "rotation": 180, "texture": "#particle"},
				"west": {"uv": [2, 13, 3, 16], "rotation": 180, "texture": "#particle"},
				"up": {"uv": [2, 15, 3, 16], "rotation": 180, "texture": "#particle"},
				"down": {"uv": [3, 13, 2, 14], "texture": "#particle"}
			}
		},
		{
			"name": "anubis_17",
			"from": [15.5111, 20.11111, 6.88889],
			"to": [16.3111, 21.71111, 7.68889],
			"rotation": {"angle": 0, "axis": "z", "origin": [7.95555, 2, 8.88889]},
			"faces": {
				"north": {"uv": [1, 16, 2, 14], "texture": "#particle"},
				"east": {"uv": [1, 14, 2, 16], "rotation": 180, "texture": "#particle"},
				"south": {"uv": [1, 14, 2, 16], "rotation": 180, "texture": "#particle"},
				"west": {"uv": [1, 14, 2, 16], "rotation": 180, "texture": "#particle"},
				"up": {"uv": [1, 15, 2, 16], "rotation": 180, "texture": "#particle"},
				"down": {"uv": [2, 14, 1, 15], "texture": "#particle"}
			}
		}
	],
	"display": {
		"thirdperson_righthand": {
			"rotation": [138, 0, -90.79],
			"translation": [3.5, 3.25, 1.5],
			"scale": [0.6, 0.6, 0.6]
		},
		"thirdperson_lefthand": {
			"rotation": [50, 0, -90.79],
			"translation": [3.5, 3.25, 1.5],
			"scale": [0.6, 0.6, 0.6]
		},
		"firstperson_righthand": {
			"rotation": [139.4, -2.87, -108.59],
			"translation": [4.75, 6.5, 0]
		},
		"firstperson_lefthand": {
			"rotation": [140.57, 4.99, 83.4],
			"translation": [-8.75, 5.25, 3]
		},
		"ground": {
			"translation": [0, 5.75, 0]
		},
		"gui": {
			"rotation": [0, -86.25, 90],
			"translation": [-0.25, -0.25, 0],
			"scale": [0.95508, 0.95508, 0.95508]
		},
		"head": {
			"translation": [-0.5, -14.5, -6.5],
			"scale": [1.6, 1.6, 1.6]
		},
		"fixed": {
			"rotation": [90, 0, 0],
			"translation": [0, 0, 7.75],
			"scale": [1.08008, 1.08008, 1.08008]
		}
	},
	"groups": [
		{
			"name": "Head",
			"origin": [0, 24, 0],
			"color": 0,
			"children": [0, 1]
		},
		{
			"name": "Body",
			"origin": [0, 24, 0],
			"color": 0,
			"children": [2, 3]
		},
		{
			"name": "RightArm",
			"origin": [5, 22, 0],
			"color": 0,
			"children": [
				4,
				5,
				{
					"name": "RightArm",
					"origin": [5, 22, 0],
					"color": 0,
					"children": [6, 7]
				}
			]
		},
		{
			"name": "RightLeg",
			"origin": [1.9, 12, 0],
			"color": 0,
			"children": [8, 9]
		},
		{
			"name": "LeftLeg",
			"origin": [-1.9, 12, 0],
			"color": 0,
			"children": [10, 11]
		},
		12,
		13,
		{
			"name": "RightArm",
			"origin": [5, 22, 0],
			"color": 0,
			"children": [
				14,
				15,
				{
					"name": "RightArm",
					"origin": [5, 22, 0],
					"color": 0,
					"children": [16, 17]
				}
			]
		},
		{
			"name": "broken_anubis",
			"origin": [8, 8, 8],
			"color": 0,
			"children": [
				{
					"name": "anubis",
					"origin": [8, 8, 8],
					"color": 0,
					"children": [18, 19, 20, 21, 22, 23, 24, 25, 26, 27, 28, 29, 30, 31, 32, 33, 34, 35]
				}
			]
		}
	]
}