{
	"credit": "Made with Blockbench",
	"textures": {
		"0": "nw:item/requiem",
		"1": "nw:stand/evo/chariot_requiem",
		"particle": "nw:item/requiem"
	},
	"elements": [
		{
			"name": "body",
			"from": [4, 5, 6],
			"to": [12, 11, 10],
			"rotation": {"angle": 0, "axis": "x", "origin": [8, 6.0125, 8]},
			"faces": {
				"north": {"uv": [5, 6.5, 7, 8], "texture": "#1"},
				"east": {"uv": [4, 6.5, 5, 8], "texture": "#1"},
				"south": {"uv": [8, 6.5, 10, 8], "texture": "#1"},
				"west": {"uv": [7, 6.5, 8, 8], "texture": "#1"},
				"up": {"uv": [7, 5, 5, 4], "texture": "#1"},
				"down": {"uv": [9, 4, 7, 5], "texture": "#1"}
			}
		},
		{
			"name": "body",
			"from": [4, 10.61428, 8.06087],
			"to": [12, 16.61428, 12.06087],
			"rotation": {"angle": -22.5, "axis": "x", "origin": [8, 5.62678, 10.06087]},
			"faces": {
				"north": {"uv": [5, 5, 7, 6.5], "texture": "#1"},
				"east": {"uv": [4, 5, 5, 6.5], "texture": "#1"},
				"south": {"uv": [8, 5, 10, 6.5], "texture": "#1"},
				"west": {"uv": [7, 5, 8, 6.5], "texture": "#1"},
				"up": {"uv": [7, 5, 5, 4], "texture": "#1"},
				"down": {"uv": [9, 4, 7, 5], "texture": "#1"}
			}
		},
		{
			"name": "body_2nd_layer",
			"from": [4, 4.52, 5.5],
			"to": [12, 11.03, 10.5],
			"rotation": {"angle": 0, "axis": "x", "origin": [8, 6.0125, 8]},
			"faces": {
				"north": {"uv": [5, 10.5, 7, 12], "texture": "#1"},
				"east": {"uv": [4, 10.5, 5, 12], "texture": "#1"},
				"south": {"uv": [8, 10.5, 10, 12], "texture": "#1"},
				"west": {"uv": [7, 10.5, 8, 12], "texture": "#1"},
				"up": {"uv": [7, 9, 5, 8], "texture": "#1"},
				"down": {"uv": [9, 8, 7, 9], "texture": "#1"}
			}
		},
		{
			"name": "body_2nd_layer",
			"from": [4, 10.45446, 7.60659],
			"to": [12, 16.96446, 12.60659],
			"rotation": {"angle": -22.5, "axis": "x", "origin": [8, 5.44696, 10.10659]},
			"faces": {
				"north": {"uv": [5, 9, 7, 10.5], "texture": "#1"},
				"east": {"uv": [4, 9, 5, 10.5], "texture": "#1"},
				"south": {"uv": [8, 9, 10, 10.5], "texture": "#1"},
				"west": {"uv": [7, 9, 8, 10.5], "texture": "#1"},
				"up": {"uv": [7, 9, 5, 8], "texture": "#1"},
				"down": {"uv": [9, 8, 7, 9], "texture": "#1"}
			}
		},
		{
			"name": "head",
			"from": [4, 10.59599, 0.34599],
			"to": [12, 18.59599, 8.34599],
			"rotation": {"angle": 22.5, "axis": "x", "origin": [7.9512, 21.34599, 8]},
			"faces": {
				"north": {"uv": [4, 2, 2, 0], "rotation": 180, "texture": "#1"},
				"east": {"uv": [0, 2, 2, 4], "rotation": 90, "texture": "#1"},
				"south": {"uv": [6, 0, 4, 2], "texture": "#1"},
				"west": {"uv": [4, 2, 6, 4], "rotation": 270, "texture": "#1"},
				"up": {"uv": [6, 2, 8, 4], "texture": "#1"},
				"down": {"uv": [2, 2, 4, 4], "rotation": 180, "texture": "#1"}
			}
		},
		{
			"name": "head_2nd_layer",
			"from": [3.5, 10.09599, -0.15401],
			"to": [12.5, 19.09599, 8.84599],
			"rotation": {"angle": 22.5, "axis": "x", "origin": [7.9512, 21.34599, 8]},
			"faces": {
				"north": {"uv": [12, 2, 10, 0], "rotation": 180, "texture": "#1"},
				"east": {"uv": [8, 2, 10, 4], "rotation": 90, "texture": "#1"},
				"south": {"uv": [14, 0, 12, 2], "texture": "#1"},
				"west": {"uv": [12, 2, 14, 4], "rotation": 270, "texture": "#1"},
				"up": {"uv": [14, 2, 16, 4], "texture": "#1"},
				"down": {"uv": [10, 2, 12, 4], "rotation": 180, "texture": "#1"}
			}
		},
		{
			"from": [3.22123, 9.59599, 2.02305],
			"to": [12.47123, 19.59599, 3.77305],
			"rotation": {"angle": 22.5, "axis": "x", "origin": [7.9512, 21.34599, 8]},
			"faces": {
				"north": {"uv": [2, 0, 4, 1.75], "rotation": 180, "texture": "#1"},
				"east": {"uv": [2.25, 1.25, 4, 1.75], "rotation": 90, "texture": "#1"},
				"south": {"uv": [2.25, 1.25, 4, 1.75], "texture": "#1"},
				"west": {"uv": [2.25, 1.25, 4, 1.75], "rotation": 270, "texture": "#1"},
				"up": {"uv": [2.25, 1.25, 4, 1.75], "texture": "#1"},
				"down": {"uv": [2.25, 1.25, 4, 1.75], "rotation": 180, "texture": "#1"}
			}
		},
		{
			"from": [3.72123, 19.57294, -1.75],
			"to": [4.97123, 26.32294, 1.25],
			"rotation": {"angle": -22.5, "axis": "x", "origin": [7.9512, 21.34599, 8]},
			"faces": {
				"north": {"uv": [2.25, 1.25, 4, 1.75], "texture": "#1"},
				"east": {"uv": [2.25, 1.25, 4, 1.75], "texture": "#1"},
				"south": {"uv": [2.25, 1.25, 4, 1.75], "texture": "#1"},
				"west": {"uv": [2.25, 1.25, 4, 1.75], "texture": "#1"},
				"up": {"uv": [2, 0, 4, 1.75], "texture": "#1"},
				"down": {"uv": [2.25, 1.25, 4, 1.75], "texture": "#1"}
			}
		},
		{
			"name": "requiem_0",
			"from": [13.64706, 6.43905, 0.63939],
			"to": [14.14706, 8.93905, 3.13939],
			"rotation": {"angle": -45, "axis": "x", "origin": [13.91619, 7.69891, 4.0313]},
			"faces": {
				"north": {"uv": [15, 1, 10, 2], "rotation": 90, "texture": "#0"},
				"east": {"uv": [10, 6, 15, 1], "rotation": 270, "texture": "#0"},
				"south": {"uv": [10, 5, 15, 6], "rotation": 270, "texture": "#0"},
				"west": {"uv": [10, 1, 15, 6], "rotation": 270, "texture": "#0"},
				"up": {"uv": [14, 1, 15, 6], "texture": "#0"},
				"down": {"uv": [10, 1, 11, 6], "rotation": 180, "texture": "#0"}
			}
		},
		{
			"name": "requiem_1",
			"from": [13.64706, 5.43905, 1.13939],
			"to": [14.14706, 6.43905, 2.63939],
			"rotation": {"angle": -45, "axis": "x", "origin": [13.91619, 7.69891, 4.0313]},
			"faces": {
				"north": {"uv": [10, 2, 8, 3], "rotation": 90, "texture": "#0"},
				"east": {"uv": [8, 5, 10, 2], "rotation": 270, "texture": "#0"},
				"south": {"uv": [8, 4, 10, 5], "rotation": 270, "texture": "#0"},
				"west": {"uv": [8, 2, 10, 5], "rotation": 270, "texture": "#0"},
				"up": {"uv": [9, 2, 10, 5], "texture": "#0"},
				"down": {"uv": [8, 2, 9, 5], "rotation": 180, "texture": "#0"}
			}
		},
		{
			"name": "requiem_2",
			"from": [13.64706, 4.43905, 1.63939],
			"to": [14.14706, 5.43905, 2.63939],
			"rotation": {"angle": -45, "axis": "x", "origin": [13.91619, 7.69891, 4.0313]},
			"faces": {
				"north": {"uv": [8, 3, 7, 4], "rotation": 90, "texture": "#0"},
				"east": {"uv": [7, 5, 8, 3], "rotation": 270, "texture": "#0"},
				"south": {"uv": [7, 4, 8, 5], "rotation": 270, "texture": "#0"},
				"west": {"uv": [7, 3, 8, 5], "rotation": 270, "texture": "#0"},
				"up": {"uv": [7, 3, 8, 5], "texture": "#0"},
				"down": {"uv": [7, 3, 8, 5], "rotation": 180, "texture": "#0"}
			}
		},
		{
			"name": "requiem_3",
			"from": [13.64706, 3.93905, 2.13939],
			"to": [14.14706, 4.43905, 2.63939],
			"rotation": {"angle": -45, "axis": "x", "origin": [13.91619, 7.69891, 4.0313]},
			"faces": {
				"north": {"uv": [7, 4, 6, 5], "rotation": 90, "texture": "#0"},
				"east": {"uv": [6, 5, 7, 4], "rotation": 270, "texture": "#0"},
				"south": {"uv": [6, 4, 7, 5], "rotation": 270, "texture": "#0"},
				"west": {"uv": [6, 4, 7, 5], "rotation": 270, "texture": "#0"},
				"up": {"uv": [6, 4, 7, 5], "texture": "#0"},
				"down": {"uv": [6, 4, 7, 5], "rotation": 180, "texture": "#0"}
			}
		},
		{
			"name": "requiem_4",
			"from": [13.64706, 5.93905, 2.63939],
			"to": [14.14706, 6.43905, 4.13939],
			"rotation": {"angle": -45, "axis": "x", "origin": [13.91619, 7.69891, 4.0313]},
			"faces": {
				"north": {"uv": [10, 5, 9, 6], "rotation": 90, "texture": "#0"},
				"east": {"uv": [9, 8, 10, 5], "rotation": 270, "texture": "#0"},
				"south": {"uv": [9, 7, 10, 8], "rotation": 270, "texture": "#0"},
				"west": {"uv": [9, 5, 10, 8], "rotation": 270, "texture": "#0"},
				"up": {"uv": [9, 5, 10, 8], "texture": "#0"},
				"down": {"uv": [9, 5, 10, 8], "rotation": 180, "texture": "#0"}
			}
		},
		{
			"name": "requiem_5",
			"from": [13.64706, 5.43905, 3.13939],
			"to": [14.14706, 5.93905, 4.63939],
			"rotation": {"angle": -45, "axis": "x", "origin": [13.91619, 7.69891, 4.0313]},
			"faces": {
				"north": {"uv": [9, 6, 8, 7], "rotation": 90, "texture": "#0"},
				"east": {"uv": [8, 9, 9, 6], "rotation": 270, "texture": "#0"},
				"south": {"uv": [8, 8, 9, 9], "rotation": 270, "texture": "#0"},
				"west": {"uv": [8, 6, 9, 9], "rotation": 270, "texture": "#0"},
				"up": {"uv": [8, 6, 9, 9], "texture": "#0"},
				"down": {"uv": [8, 6, 9, 9], "rotation": 180, "texture": "#0"}
			}
		},
		{
			"name": "requiem_6",
			"from": [13.64706, 4.93905, 3.63939],
			"to": [14.14706, 5.43905, 5.13939],
			"rotation": {"angle": -45, "axis": "x", "origin": [13.91619, 7.69891, 4.0313]},
			"faces": {
				"north": {"uv": [9, 6, 8, 7], "rotation": 90, "texture": "#0"},
				"east": {"uv": [8, 9, 9, 6], "rotation": 270, "texture": "#0"},
				"south": {"uv": [8, 8, 9, 9], "rotation": 270, "texture": "#0"},
				"west": {"uv": [8, 6, 9, 9], "rotation": 270, "texture": "#0"},
				"up": {"uv": [8, 6, 9, 9], "texture": "#0"},
				"down": {"uv": [8, 6, 9, 9], "rotation": 180, "texture": "#0"}
			}
		},
		{
			"name": "requiem_7",
			"from": [13.64706, 3.43905, 5.13939],
			"to": [14.14706, 3.93905, 6.63939],
			"rotation": {"angle": -45, "axis": "x", "origin": [13.91619, 7.69891, 4.0313]},
			"faces": {
				"north": {"uv": [9, 6, 8, 7], "rotation": 90, "texture": "#0"},
				"east": {"uv": [8, 9, 9, 6], "rotation": 270, "texture": "#0"},
				"south": {"uv": [8, 8, 9, 9], "rotation": 270, "texture": "#0"},
				"west": {"uv": [8, 6, 9, 9], "rotation": 270, "texture": "#0"},
				"up": {"uv": [8, 6, 9, 9], "texture": "#0"},
				"down": {"uv": [8, 6, 9, 9], "rotation": 180, "texture": "#0"}
			}
		},
		{
			"name": "requiem_6",
			"from": [13.64706, 3.93905, 4.63939],
			"to": [14.14706, 4.43905, 6.13939],
			"rotation": {"angle": -45, "axis": "x", "origin": [13.91619, 7.69891, 4.0313]},
			"faces": {
				"north": {"uv": [9, 6, 8, 7], "rotation": 90, "texture": "#0"},
				"east": {"uv": [8, 9, 9, 6], "rotation": 270, "texture": "#0"},
				"south": {"uv": [8, 8, 9, 9], "rotation": 270, "texture": "#0"},
				"west": {"uv": [8, 6, 9, 9], "rotation": 270, "texture": "#0"},
				"up": {"uv": [8, 6, 9, 9], "texture": "#0"},
				"down": {"uv": [8, 6, 9, 9], "rotation": 180, "texture": "#0"}
			}
		},
		{
			"name": "requiem_7",
			"from": [13.64706, 2.93905, 5.63939],
			"to": [14.14706, 3.43905, 7.13939],
			"rotation": {"angle": -45, "axis": "x", "origin": [13.91619, 7.69891, 4.0313]},
			"faces": {
				"north": {"uv": [9, 6, 8, 7], "rotation": 90, "texture": "#0"},
				"east": {"uv": [8, 9, 9, 6], "rotation": 270, "texture": "#0"},
				"south": {"uv": [8, 8, 9, 9], "rotation": 270, "texture": "#0"},
				"west": {"uv": [8, 6, 9, 9], "rotation": 270, "texture": "#0"},
				"up": {"uv": [8, 6, 9, 9], "texture": "#0"},
				"down": {"uv": [8, 6, 9, 9], "rotation": 180, "texture": "#0"}
			}
		},
		{
			"name": "requiem_8",
			"from": [13.64706, 2.43905, 6.13939],
			"to": [14.14706, 2.93905, 7.63939],
			"rotation": {"angle": -45, "axis": "x", "origin": [13.91619, 7.69891, 4.0313]},
			"faces": {
				"north": {"uv": [9, 6, 8, 7], "rotation": 90, "texture": "#0"},
				"east": {"uv": [8, 9, 9, 6], "rotation": 270, "texture": "#0"},
				"south": {"uv": [8, 8, 9, 9], "rotation": 270, "texture": "#0"},
				"west": {"uv": [8, 6, 9, 9], "rotation": 270, "texture": "#0"},
				"up": {"uv": [8, 6, 9, 9], "texture": "#0"},
				"down": {"uv": [8, 6, 9, 9], "rotation": 180, "texture": "#0"}
			}
		},
		{
			"name": "requiem_5",
			"from": [13.64706, 4.43905, 4.13939],
			"to": [14.14706, 4.93905, 5.63939],
			"rotation": {"angle": -45, "axis": "x", "origin": [13.91619, 7.69891, 4.0313]},
			"faces": {
				"north": {"uv": [10, 5, 9, 6], "rotation": 90, "texture": "#0"},
				"east": {"uv": [9, 8, 10, 5], "rotation": 270, "texture": "#0"},
				"south": {"uv": [9, 7, 10, 8], "rotation": 270, "texture": "#0"},
				"west": {"uv": [9, 5, 10, 8], "rotation": 270, "texture": "#0"},
				"up": {"uv": [9, 5, 10, 8], "texture": "#0"},
				"down": {"uv": [9, 5, 10, 8], "rotation": 180, "texture": "#0"}
			}
		},
		{
			"name": "requiem_6",
			"from": [13.64706, 6.43905, 3.13939],
			"to": [14.14706, 8.43905, 3.63939],
			"rotation": {"angle": -45, "axis": "x", "origin": [13.91619, 7.69891, 4.0313]},
			"faces": {
				"north": {"uv": [14, 6, 10, 7], "rotation": 90, "texture": "#0"},
				"east": {"uv": [10, 7, 14, 6], "rotation": 270, "texture": "#0"},
				"south": {"uv": [10, 6, 14, 7], "rotation": 270, "texture": "#0"},
				"west": {"uv": [10, 6, 14, 7], "rotation": 270, "texture": "#0"},
				"up": {"uv": [13, 6, 14, 7], "texture": "#0"},
				"down": {"uv": [10, 6, 11, 7], "rotation": 180, "texture": "#0"}
			}
		},
		{
			"name": "requiem_8",
			"from": [13.64706, 6.93905, 3.63939],
			"to": [14.14706, 7.93905, 4.63939],
			"rotation": {"angle": -45, "axis": "x", "origin": [13.91619, 7.69891, 4.0313]},
			"faces": {
				"north": {"uv": [13, 7, 11, 8], "rotation": 90, "texture": "#0"},
				"east": {"uv": [11, 9, 13, 7], "rotation": 270, "texture": "#0"},
				"south": {"uv": [11, 8, 13, 9], "rotation": 270, "texture": "#0"},
				"west": {"uv": [11, 7, 13, 9], "rotation": 270, "texture": "#0"},
				"up": {"uv": [12, 7, 13, 9], "texture": "#0"},
				"down": {"uv": [11, 7, 12, 9], "rotation": 180, "texture": "#0"}
			}
		},
		{
			"name": "requiem_9",
			"from": [13.64706, 7.93905, 3.63939],
			"to": [14.14706, 8.43905, 4.13939],
			"rotation": {"angle": -45, "axis": "x", "origin": [13.91619, 7.69891, 4.0313]},
			"faces": {
				"north": {"uv": [14, 7, 13, 8], "rotation": 90, "texture": "#0"},
				"east": {"uv": [13, 8, 14, 7], "rotation": 270, "texture": "#0"},
				"south": {"uv": [13, 7, 14, 8], "rotation": 270, "texture": "#0"},
				"west": {"uv": [13, 7, 14, 8], "rotation": 270, "texture": "#0"},
				"up": {"uv": [13, 7, 14, 8], "texture": "#0"},
				"down": {"uv": [13, 7, 14, 8], "rotation": 180, "texture": "#0"}
			}
		},
		{
			"name": "requiem_12",
			"from": [13.64706, 6.93905, 4.63939],
			"to": [14.14706, 7.43905, 5.13939],
			"rotation": {"angle": -45, "axis": "x", "origin": [13.91619, 7.69891, 4.0313]},
			"faces": {
				"north": {"uv": [12, 9, 11, 10], "rotation": 90, "texture": "#0"},
				"east": {"uv": [11, 10, 12, 9], "rotation": 270, "texture": "#0"},
				"south": {"uv": [11, 9, 12, 10], "rotation": 270, "texture": "#0"},
				"west": {"uv": [11, 9, 12, 10], "rotation": 270, "texture": "#0"},
				"up": {"uv": [11, 9, 12, 10], "texture": "#0"},
				"down": {"uv": [11, 9, 12, 10], "rotation": 180, "texture": "#0"}
			}
		},
		{
			"name": "requiem_16",
			"from": [13.64706, 1.93905, 6.63939],
			"to": [14.14706, 2.43905, 7.63939],
			"rotation": {"angle": -45, "axis": "x", "origin": [13.91619, 7.69891, 4.0313]},
			"faces": {
				"north": {"uv": [2, 13, 1, 14], "rotation": 90, "texture": "#0"},
				"east": {"uv": [1, 15, 2, 13], "rotation": 270, "texture": "#0"},
				"south": {"uv": [1, 14, 2, 15], "rotation": 270, "texture": "#0"},
				"west": {"uv": [1, 13, 2, 15], "rotation": 270, "texture": "#0"},
				"up": {"uv": [1, 13, 2, 15], "texture": "#0"},
				"down": {"uv": [1, 13, 2, 15], "rotation": 180, "texture": "#0"}
			}
		},
		{
			"name": "right_arm",
			"from": [12, 4, 5],
			"to": [16, 16, 9],
			"faces": {
				"north": {"uv": [11, 5, 12, 8], "texture": "#1"},
				"east": {"uv": [10, 5, 11, 8], "texture": "#1"},
				"south": {"uv": [13, 5, 14, 8], "texture": "#1"},
				"west": {"uv": [12, 5, 13, 8], "texture": "#1"},
				"up": {"uv": [12, 5, 11, 4], "texture": "#1"},
				"down": {"uv": [13, 4, 12, 5], "texture": "#1"}
			}
		},
		{
			"name": "left_arm",
			"from": [0, 4, 5],
			"to": [4, 16, 9],
			"faces": {
				"north": {"uv": [9, 13, 10, 16], "texture": "#1"},
				"east": {"uv": [8, 13, 9, 16], "texture": "#1"},
				"south": {"uv": [11, 13, 12, 16], "texture": "#1"},
				"west": {"uv": [10, 13, 11, 16], "texture": "#1"},
				"up": {"uv": [10, 13, 9, 12], "texture": "#1"},
				"down": {"uv": [11, 12, 10, 13], "texture": "#1"}
			}
		},
		{
			"name": "right_leg",
			"from": [8, -7, 6],
			"to": [12, 5, 10],
			"faces": {
				"north": {"uv": [1, 5, 2, 8], "texture": "#1"},
				"east": {"uv": [0, 5, 1, 8], "texture": "#1"},
				"south": {"uv": [3, 5, 4, 8], "texture": "#1"},
				"west": {"uv": [2, 5, 3, 8], "texture": "#1"},
				"up": {"uv": [2, 5, 1, 4], "texture": "#1"},
				"down": {"uv": [3, 4, 2, 5], "texture": "#1"}
			}
		},
		{
			"name": "left_leg",
			"from": [4, -7, 6],
			"to": [8, 5, 10],
			"faces": {
				"north": {"uv": [5, 13, 6, 16], "texture": "#1"},
				"east": {"uv": [4, 13, 5, 16], "texture": "#1"},
				"south": {"uv": [7, 13, 8, 16], "texture": "#1"},
				"west": {"uv": [6, 13, 7, 16], "texture": "#1"},
				"up": {"uv": [6, 13, 5, 12], "texture": "#1"},
				"down": {"uv": [7, 12, 6, 13], "texture": "#1"}
			}
		},
		{
			"name": "right_arm_2nd_layer",
			"from": [11.5, 3.5, 4.5],
			"to": [16.49, 16.5, 9.5],
			"faces": {
				"north": {"uv": [11, 9, 12, 12], "texture": "#1"},
				"east": {"uv": [10, 9, 11, 12], "texture": "#1"},
				"south": {"uv": [13, 9, 14, 12], "texture": "#1"},
				"west": {"uv": [12, 9, 13, 12], "texture": "#1"},
				"up": {"uv": [12, 9, 11, 8], "texture": "#1"},
				"down": {"uv": [13, 8, 12, 9], "texture": "#1"}
			}
		},
		{
			"name": "left_arm_2nd_layer",
			"from": [-0.5, 3.5, 4.5],
			"to": [4.5, 16.5, 9.5],
			"faces": {
				"north": {"uv": [13, 13, 14, 16], "texture": "#1"},
				"east": {"uv": [12, 13, 13, 16], "texture": "#1"},
				"south": {"uv": [15, 13, 16, 16], "texture": "#1"},
				"west": {"uv": [14, 13, 15, 16], "texture": "#1"},
				"up": {"uv": [14, 13, 13, 12], "texture": "#1"},
				"down": {"uv": [15, 12, 14, 13], "texture": "#1"}
			}
		},
		{
			"name": "right_leg_2nd_layer",
			"from": [7.5, -7.5, 5.5],
			"to": [12.5, 5.5, 10.5],
			"faces": {
				"north": {"uv": [1, 9, 2, 12], "texture": "#1"},
				"east": {"uv": [0, 9, 1, 12], "texture": "#1"},
				"south": {"uv": [3, 9, 4, 12], "texture": "#1"},
				"west": {"uv": [2, 9, 3, 12], "texture": "#1"},
				"up": {"uv": [2, 9, 1, 8], "texture": "#1"},
				"down": {"uv": [3, 8, 2, 9], "texture": "#1"}
			}
		},
		{
			"name": "left_leg_2nd_layer",
			"from": [3.5, -7.5, 5.5],
			"to": [8.5, 5.5, 10.5],
			"faces": {
				"north": {"uv": [1, 13, 2, 16], "texture": "#1"},
				"east": {"uv": [0, 13, 1, 16], "texture": "#1"},
				"south": {"uv": [3, 13, 4, 16], "texture": "#1"},
				"west": {"uv": [2, 13, 3, 16], "texture": "#1"},
				"up": {"uv": [2, 12, 1, 11], "texture": "#1"},
				"down": {"uv": [3, 12, 2, 13], "texture": "#1"}
			}
		}
	],
	"display": {
		"head": {
			"translation": [0, -20.5, 0],
			"scale": [1.6, 1.6, 1.6]
		}
	},
	"groups": [
		{
			"name": "steve",
			"origin": [8, 8, 8],
			"color": 0,
			"children": [
				0,
				1,
				2,
				3,
				{
					"name": "head",
					"origin": [3.5, 27.5, 0.5],
					"color": 0,
					"children": [4, 5, 6, 7]
				}
			]
		},
		{
			"name": "requiem",
			"origin": [8, 8, 8],
			"color": 0,
			"children": [8, 9, 10, 11, 12, 13, 14, 15, 16, 17, 18, 19, 20, 21, 22, 23, 24]
		},
		{
			"name": "steve",
			"origin": [8, 8, 8],
			"color": 0,
			"children": [25, 26, 27, 28, 29, 30, 31, 32]
		}
	]
}