{
	"credit": "Made with Blockbench",
	"texture_size": [64, 64],
	"textures": {
		"0": "nw:stand/base/tusk4",
		"particle": "nw:stand/base/tusk4"
	},
	"elements": [
		{
			"from": [8.99785, 8.6954, 4.7241],
			"to": [15.64785, 20.0954, 12.3241],
			"rotation": {"angle": 0, "axis": "y", "origin": [-7.15215, -6.5046, -6.6759]},
			"faces": {
				"north": {"uv": [3.25, 0, 4.125, 1.5], "texture": "#0"},
				"east": {"uv": [0, 0, 1, 1.5], "texture": "#0"},
				"south": {"uv": [3.25, 1.5, 4.125, 3], "texture": "#0"},
				"west": {"uv": [1, 0, 2, 1.5], "texture": "#0"},
				"up": {"uv": [5.125, 5, 4.25, 4], "texture": "#0"},
				"down": {"uv": [4.125, 4.5, 3.25, 5.5], "texture": "#0"}
			}
		},
		{
			"from": [7.09785, 8.6954, 4.7241],
			"to": [8.99785, 19.1454, 11.3741],
			"rotation": {"angle": 0, "axis": "y", "origin": [-7.15215, -6.5046, -6.6759]},
			"faces": {
				"north": {"uv": [5, 7, 5.25, 8.375], "texture": "#0"},
				"east": {"uv": [2.25, 3.75, 3.125, 5.125], "texture": "#0"},
				"south": {"uv": [2, 7.25, 2.25, 8.625], "texture": "#0"},
				"west": {"uv": [0, 4.25, 0.875, 5.625], "texture": "#0"},
				"up": {"uv": [1.25, 5.125, 1, 4.25], "texture": "#0"},
				"down": {"uv": [4.5, 7.75, 4.25, 8.625], "texture": "#0"}
			}
		},
		{
			"from": [7.09785, 8.6954, 5.6741],
			"to": [8.99785, 14.3954, 12.3241],
			"rotation": {"angle": 0, "axis": "y", "origin": [-7.15215, -6.5046, -6.6759]},
			"faces": {
				"north": {"uv": [5, 7, 5.25, 8.375], "texture": "#0"},
				"east": {"uv": [2.25, 3.75, 3.125, 5.125], "texture": "#0"},
				"south": {"uv": [0.125, 0, 0.375, 1.375], "texture": "#0"},
				"west": {"uv": [0, 4.25, 0.875, 5.625], "texture": "#0"},
				"up": {"uv": [0.25, 0.875, 0, 0], "texture": "#0"},
				"down": {"uv": [4.5, 7.75, 4.25, 8.625], "texture": "#0"}
			}
		},
		{
			"from": [0.44785, 8.6954, 4.7241],
			"to": [7.09785, 20.0954, 12.3241],
			"rotation": {"angle": 0, "axis": "y", "origin": [-7.15215, -6.5046, -6.6759]},
			"faces": {
				"north": {"uv": [3.25, 3, 4.125, 4.5], "texture": "#0"},
				"east": {"uv": [0, 1.5, 1, 3], "texture": "#0"},
				"south": {"uv": [1.25, 3.75, 2.125, 5.25], "texture": "#0"},
				"west": {"uv": [1, 1.5, 2, 3], "texture": "#0"},
				"up": {"uv": [5.125, 6, 4.25, 5], "texture": "#0"},
				"down": {"uv": [1.875, 5.25, 1, 6.25], "texture": "#0"}
			}
		},
		{
			"from": [0.73285, 13.1604, 3.7741],
			"to": [3.58285, 17.9104, 4.7241],
			"rotation": {"angle": 22.5, "axis": "z", "origin": [2.34785, 16.2954, 6.6241]},
			"faces": {
				"north": {"uv": [7, 1.5, 7.5, 2.25], "texture": "#0"},
				"east": {"uv": [7, 8.75, 7.125, 9.5], "texture": "#0"},
				"south": {"uv": [7, 2.25, 7.5, 3], "texture": "#0"},
				"west": {"uv": [3, 9, 3.125, 9.75], "texture": "#0"},
				"up": {"uv": [10, 6.125, 9.5, 6], "texture": "#0"},
				"down": {"uv": [6.75, 9.5, 6.25, 9.625], "texture": "#0"}
			}
		},
		{
			"from": [12.41715, 13.1604, 3.7741],
			"to": [15.26715, 17.9104, 4.7241],
			"rotation": {"angle": -22.5, "axis": "z", "origin": [13.65215, 16.2954, 6.6241]},
			"faces": {
				"north": {"uv": [7.5, 1.5, 7, 2.25], "texture": "#0"},
				"east": {"uv": [3.125, 9, 3, 9.75], "texture": "#0"},
				"south": {"uv": [7.5, 2.25, 7, 3], "texture": "#0"},
				"west": {"uv": [7.125, 8.75, 7, 9.5], "texture": "#0"},
				"up": {"uv": [9.5, 6.125, 10, 6], "texture": "#0"},
				"down": {"uv": [6.25, 9.5, 6.75, 9.625], "texture": "#0"}
			}
		},
		{
			"from": [1.96785, 4.1354, 6.2441],
			"to": [14.12785, 8.6954, 10.8041],
			"rotation": {"angle": 0, "axis": "y", "origin": [-7.15215, -6.5046, -6.6759]},
			"faces": {
				"north": {"uv": [5.25, 4, 6.75, 4.5], "texture": "#0"},
				"east": {"uv": [2.25, 7.25, 2.75, 7.75], "texture": "#0"},
				"south": {"uv": [5.25, 4.5, 6.75, 5], "texture": "#0"},
				"west": {"uv": [7.25, 5.5, 7.75, 6], "texture": "#0"},
				"up": {"uv": [6.75, 5.5, 5.25, 5], "texture": "#0"},
				"down": {"uv": [7, 0, 5.5, 0.5], "texture": "#0"}
			}
		},
		{
			"from": [5.32785, 11.5554, 1.4341],
			"to": [10.76785, 12.6704, 4.7241],
			"rotation": {"angle": 0, "axis": "y", "origin": [-7.15215, -7.5046, -6.6759]},
			"faces": {
				"north": {"uv": [2, 6, 2.75, 6.125], "texture": "#0"},
				"east": {"uv": [0, 7.4375, 0.5, 7.625], "texture": "#0"},
				"south": {"uv": [5.5, 0.5, 6.25, 1.375], "texture": "#0"},
				"west": {"uv": [0.5, 7.4375, 1, 7.625], "texture": "#0"},
				"up": {"uv": [0.75, 7.625, 0, 7.4375], "texture": "#0"},
				"down": {"uv": [7.75, 3, 7, 3.5], "texture": "#0"}
			}
		},
		{
			"from": [5.57785, 12.4804, 1.6841],
			"to": [10.51785, 17.4454, 4.7241],
			"rotation": {"angle": 0, "axis": "y", "origin": [-7.15215, -7.5046, -6.6759]},
			"faces": {
				"north": {"uv": [13.53, 0, 14.79625, 1.17875], "texture": "#0"},
				"east": {"uv": [0, 6.75, 0.5, 7.25], "texture": "#0"},
				"south": {"uv": [5.5, 0.5, 6.25, 1.375], "texture": "#0"},
				"west": {"uv": [0.5, 6.75, 1, 7.375], "texture": "#0"},
				"up": {"uv": [0.75, 0.5, 0, 0], "texture": "#0"},
				"down": {"uv": [7.75, 3, 7, 3.5], "texture": "#0"}
			}
		},
		{
			"from": [9.07785, 12.4804, 1.4341],
			"to": [10.01785, 13.4454, 1.7241],
			"rotation": {"angle": 0, "axis": "y", "origin": [-7.15215, -7.5046, -6.6759]},
			"faces": {
				"north": {"uv": [2.0625, 6.09375, 2.1875, 6.125], "texture": "#0"},
				"east": {"uv": [0, 7.4375, 0.5, 7.625], "texture": "#0"},
				"south": {"uv": [5.5, 0.5, 6.25, 1.375], "texture": "#0"},
				"west": {"uv": [0.5, 7.4375, 1, 7.625], "texture": "#0"},
				"up": {"uv": [0.75, 7.625, 0, 7.4375], "texture": "#0"},
				"down": {"uv": [7.75, 3, 7, 3.5], "texture": "#0"}
			}
		},
		{
			"from": [6.07785, 12.4804, 1.4341],
			"to": [7.01785, 13.4454, 1.7241],
			"rotation": {"angle": 0, "axis": "y", "origin": [-7.15215, -7.5046, -6.6759]},
			"faces": {
				"north": {"uv": [2.0625, 6.09375, 2.1875, 6.125], "texture": "#0"},
				"east": {"uv": [0, 7.4375, 0.5, 7.625], "texture": "#0"},
				"south": {"uv": [5.5, 0.5, 6.25, 1.375], "texture": "#0"},
				"west": {"uv": [0.5, 7.4375, 1, 7.625], "texture": "#0"},
				"up": {"uv": [0.75, 7.625, 0, 7.4375], "texture": "#0"},
				"down": {"uv": [7.75, 3, 7, 3.5], "texture": "#0"}
			}
		},
		{
			"from": [7.57785, 12.4804, 1.4341],
			"to": [8.51785, 13.4454, 1.7241],
			"rotation": {"angle": 0, "axis": "y", "origin": [-7.15215, -7.5046, -6.6759]},
			"faces": {
				"north": {"uv": [2.0625, 6.09375, 2.1875, 6.125], "texture": "#0"},
				"east": {"uv": [0, 7.4375, 0.5, 7.625], "texture": "#0"},
				"south": {"uv": [5.5, 0.5, 6.25, 1.375], "texture": "#0"},
				"west": {"uv": [0.5, 7.4375, 1, 7.625], "texture": "#0"},
				"up": {"uv": [0.75, 7.625, 0, 7.4375], "texture": "#0"},
				"down": {"uv": [7.75, 3, 7, 3.5], "texture": "#0"}
			}
		},
		{
			"from": [6.69134, 15.64161, 1.5],
			"to": [7.19134, 16.14161, 1.75],
			"rotation": {"angle": 45, "axis": "z", "origin": [6.94134, 16.39161, 1.625]},
			"faces": {
				"north": {"uv": [14.875, 15.5, 15.3125, 15.875], "texture": "#0"},
				"east": {"uv": [0, 0, 0.0625, 0.125], "texture": "#0"},
				"south": {"uv": [0, 0, 0.125, 0.125], "texture": "#0"},
				"west": {"uv": [0, 0, 0.0625, 0.125], "texture": "#0"},
				"up": {"uv": [0, 0, 0.125, 0.0625], "texture": "#0"},
				"down": {"uv": [0, 0, 0.125, 0.0625], "texture": "#0"}
			}
		},
		{
			"from": [6.94134, 16.03806, 1.5],
			"to": [7.44134, 17.28806, 1.75],
			"rotation": {"angle": 0, "axis": "y", "origin": [7.19134, 16.03806, 1.625]},
			"faces": {
				"north": {"uv": [15.5, 15.4375, 15.9375, 16], "texture": "#0"},
				"east": {"uv": [0, 0, 0.0625, 0.3125], "texture": "#0"},
				"south": {"uv": [0, 0, 0.125, 0.3125], "texture": "#0"},
				"west": {"uv": [0, 0, 0.0625, 0.3125], "texture": "#0"},
				"up": {"uv": [0, 0, 0.125, 0.0625], "texture": "#0"},
				"down": {"uv": [0, 0, 0.125, 0.0625], "texture": "#0"}
			}
		},
		{
			"from": [7.9551, 15.68451, 1.5],
			"to": [8.7051, 16.18451, 1.75],
			"rotation": {"angle": 0, "axis": "y", "origin": [8.9551, 15.93451, 1.625]},
			"faces": {
				"north": {"uv": [15.5, 15.5625, 15.9375, 16], "rotation": 90, "texture": "#0"},
				"east": {"uv": [0, 0.0625, 0.125, 0.125], "rotation": 270, "texture": "#0"},
				"south": {"uv": [0, 0.125, 0.125, 0.3125], "rotation": 270, "texture": "#0"},
				"west": {"uv": [0, 0.0625, 0.125, 0.125], "rotation": 270, "texture": "#0"},
				"up": {"uv": [0, 0.125, 0.0625, 0.3125], "rotation": 270, "texture": "#0"},
				"down": {"uv": [0, 0.125, 0.0625, 0.3125], "rotation": 270, "texture": "#0"}
			}
		},
		{
			"from": [7.2949, 15.68451, 1.5],
			"to": [8.0449, 16.18451, 1.75],
			"rotation": {"angle": 0, "axis": "y", "origin": [7.0449, 15.93451, 1.625]},
			"faces": {
				"north": {"uv": [15.5, 15.4375, 15.9375, 15.875], "rotation": 90, "texture": "#0"},
				"east": {"uv": [0, 0, 0.125, 0.0625], "rotation": 270, "texture": "#0"},
				"south": {"uv": [0, 0, 0.125, 0.1875], "rotation": 270, "texture": "#0"},
				"west": {"uv": [0, 0, 0.125, 0.0625], "rotation": 270, "texture": "#0"},
				"up": {"uv": [0, 0, 0.0625, 0.1875], "rotation": 270, "texture": "#0"},
				"down": {"uv": [0, 0, 0.0625, 0.1875], "rotation": 270, "texture": "#0"}
			}
		},
		{
			"from": [8.80866, 15.64161, 1.5],
			"to": [9.30866, 16.14161, 1.75],
			"rotation": {"angle": -45, "axis": "z", "origin": [9.05866, 16.39161, 1.625]},
			"faces": {
				"north": {"uv": [14.875, 15.5, 15.3125, 15.875], "texture": "#0"},
				"east": {"uv": [0.0625, 0, 0.125, 0.125], "texture": "#0"},
				"south": {"uv": [0.125, 0, 0.25, 0.125], "texture": "#0"},
				"west": {"uv": [0.0625, 0, 0.125, 0.125], "texture": "#0"},
				"up": {"uv": [0.125, 0, 0.25, 0.0625], "texture": "#0"},
				"down": {"uv": [0.125, 0, 0.25, 0.0625], "texture": "#0"}
			}
		},
		{
			"from": [8.55866, 16.03806, 1.5],
			"to": [9.05866, 17.28806, 1.75],
			"rotation": {"angle": 0, "axis": "y", "origin": [8.80866, 16.03806, 1.625]},
			"faces": {
				"north": {"uv": [15.5625, 15.4375, 16, 16], "texture": "#0"},
				"east": {"uv": [0.0625, 0, 0.125, 0.3125], "texture": "#0"},
				"south": {"uv": [0.125, 0, 0.25, 0.3125], "texture": "#0"},
				"west": {"uv": [0.0625, 0, 0.125, 0.3125], "texture": "#0"},
				"up": {"uv": [0.125, 0, 0.25, 0.0625], "texture": "#0"},
				"down": {"uv": [0.125, 0, 0.25, 0.0625], "texture": "#0"}
			}
		},
		{
			"from": [15.55215, 10.2154, 6.2441],
			"to": [20.11215, 19.5754, 10.8041],
			"rotation": {"angle": 22.5, "axis": "z", "origin": [18.28045, 14.90176, 8.5241]},
			"faces": {
				"north": {"uv": [6.25, 5.5, 5.75, 6.5], "texture": "#0"},
				"east": {"uv": [4.75, 6, 4.25, 7], "texture": "#0"},
				"south": {"uv": [6.5, 2.5, 6, 3.5], "texture": "#0"},
				"west": {"uv": [6.5, 1.5, 6, 2.5], "texture": "#0"},
				"up": {"uv": [2.75, 8, 3.25, 7.5], "texture": "#0"},
				"down": {"uv": [3.25, 7.5, 3.75, 8], "texture": "#0"}
			}
		},
		{
			"from": [17.55322, 11.11377, 3.0433],
			"to": [22.11322, 15.67377, 9.4033],
			"rotation": {"angle": -22.5, "axis": "x", "origin": [19.83322, 13.84207, 14.08966]},
			"faces": {
				"north": {"uv": [1.1875, 1.5625, 0.6875, 1.0625], "rotation": 90, "texture": "#0"},
				"east": {"uv": [1, 6.96875, 1.5, 6.25], "rotation": 90, "texture": "#0"},
				"south": {"uv": [5.75, 7.5, 5.25, 8], "rotation": 90, "texture": "#0"},
				"west": {"uv": [4.75, 6.75, 5.25, 6], "rotation": 270, "texture": "#0"},
				"up": {"uv": [2, 6.25, 1.5, 7], "rotation": 180, "texture": "#0"},
				"down": {"uv": [6.75, 0.5, 6.25, 1.25], "texture": "#0"}
			}
		},
		{
			"from": [17.80322, 11.36377, 0.0433],
			"to": [21.86322, 15.42377, 3.4033],
			"rotation": {"angle": -22.5, "axis": "x", "origin": [19.83322, 13.84207, 14.08966]},
			"faces": {
				"north": {"uv": [12.375, 1.28125, 11.875, 0.78125], "rotation": 90, "texture": "#0"},
				"east": {"uv": [11.28125, 0.71875, 11.78125, 0], "rotation": 90, "texture": "#0"},
				"south": {"uv": [11.8125, 0.8125, 11.3125, 1.3125], "rotation": 90, "texture": "#0"},
				"west": {"uv": [12.3125, 0.75, 12.8125, 0], "rotation": 270, "texture": "#0"},
				"up": {"uv": [12.28125, 0, 11.78125, 0.75], "rotation": 180, "texture": "#0"},
				"down": {"uv": [13.34375, 0, 12.84375, 0.71875], "texture": "#0"}
			}
		},
		{
			"from": [18.05322, 9.28438, -2.36231],
			"to": [18.86322, 10.09438, 0.99769],
			"rotation": {"angle": -22.5, "axis": "x", "origin": [19.83322, 9.68326, 0.99053]},
			"faces": {
				"north": {"uv": [12.375, 1.28125, 11.875, 0.78125], "rotation": 90, "texture": "#0"},
				"east": {"uv": [11.28125, 0.71875, 11.78125, 0], "rotation": 90, "texture": "#0"},
				"south": {"uv": [11.8125, 0.8125, 11.3125, 1.3125], "rotation": 90, "texture": "#0"},
				"west": {"uv": [12.3125, 0.75, 12.8125, 0], "rotation": 270, "texture": "#0"},
				"up": {"uv": [12.375, 0.78125, 11.9375, 1.28125], "rotation": 180, "texture": "#0"},
				"down": {"uv": [13.34375, 0, 12.84375, 0.71875], "texture": "#0"}
			}
		},
		{
			"from": [17.80322, 6.26431, 0.0347],
			"to": [18.86322, 7.32431, 2.3947],
			"rotation": {"angle": 0, "axis": "y", "origin": [18.33322, 6.16162, 1.63858]},
			"faces": {
				"north": {"uv": [12.375, 1.28125, 11.875, 0.78125], "rotation": 90, "texture": "#0"},
				"east": {"uv": [11.28125, 0.71875, 11.78125, 0], "rotation": 90, "texture": "#0"},
				"south": {"uv": [11.8125, 0.8125, 11.3125, 1.3125], "rotation": 90, "texture": "#0"},
				"west": {"uv": [12.3125, 0.75, 12.8125, 0], "rotation": 270, "texture": "#0"},
				"up": {"uv": [12.375, 0.78125, 11.9375, 1.28125], "rotation": 180, "texture": "#0"},
				"down": {"uv": [13.34375, 0, 12.84375, 0.71875], "texture": "#0"}
			}
		},
		{
			"from": [19.05322, 9.28438, -2.61231],
			"to": [19.86322, 10.09438, 0.99769],
			"rotation": {"angle": -45, "axis": "x", "origin": [19.83322, 9.68326, 0.99053]},
			"faces": {
				"north": {"uv": [12.375, 1.28125, 11.875, 0.78125], "rotation": 90, "texture": "#0"},
				"east": {"uv": [11.28125, 0.71875, 11.78125, 0], "rotation": 90, "texture": "#0"},
				"south": {"uv": [11.8125, 0.8125, 11.3125, 1.3125], "rotation": 90, "texture": "#0"},
				"west": {"uv": [12.3125, 0.75, 12.8125, 0], "rotation": 270, "texture": "#0"},
				"up": {"uv": [12.375, 0.78125, 11.9375, 1.28125], "rotation": 180, "texture": "#0"},
				"down": {"uv": [13.34375, 0, 12.84375, 0.71875], "texture": "#0"}
			}
		},
		{
			"from": [20.05322, 6.83043, 0.57941],
			"to": [20.86322, 9.69043, 1.38941],
			"rotation": {"angle": 22.5, "axis": "x", "origin": [19.83322, 9.68326, 0.99053]},
			"faces": {
				"north": {"uv": [12.375, 0.78125, 11.9375, 1.28125], "texture": "#0"},
				"east": {"uv": [11.28125, 0.71875, 11.78125, 0], "rotation": 180, "texture": "#0"},
				"south": {"uv": [13.34375, 0, 12.84375, 0.71875], "texture": "#0"},
				"west": {"uv": [12.3125, 0.75, 12.8125, 0], "rotation": 180, "texture": "#0"},
				"up": {"uv": [11.8125, 0.8125, 11.3125, 1.3125], "rotation": 90, "texture": "#0"},
				"down": {"uv": [12.375, 1.28125, 11.875, 0.78125], "rotation": 270, "texture": "#0"}
			}
		},
		{
			"from": [21.05322, 7.08043, 0.57941],
			"to": [21.86322, 9.69043, 1.38941],
			"rotation": {"angle": 0, "axis": "x", "origin": [19.83322, 9.68326, 0.99053]},
			"faces": {
				"north": {"uv": [12.375, 0.78125, 11.9375, 1.28125], "texture": "#0"},
				"east": {"uv": [11.28125, 0.71875, 11.78125, 0], "rotation": 180, "texture": "#0"},
				"south": {"uv": [13.34375, 0, 12.84375, 0.71875], "texture": "#0"},
				"west": {"uv": [12.3125, 0.75, 12.8125, 0], "rotation": 180, "texture": "#0"},
				"up": {"uv": [11.8125, 0.8125, 11.3125, 1.3125], "rotation": 90, "texture": "#0"},
				"down": {"uv": [12.375, 1.28125, 11.875, 0.78125], "rotation": 270, "texture": "#0"}
			}
		},
		{
			"from": [13.60215, 24.2754, 4.4741],
			"to": [22.15215, 25.2254, 12.5741],
			"rotation": {"angle": -22.5, "axis": "z", "origin": [7.95215, 21.9954, 6.6241]},
			"faces": {
				"north": {"uv": [10.125, 3.5, 9, 3.625], "texture": "#0"},
				"east": {"uv": [10, 4.75, 9, 4.875], "texture": "#0"},
				"south": {"uv": [10.125, 3.75, 9, 3.875], "texture": "#0"},
				"west": {"uv": [10, 4.5, 9, 4.625], "texture": "#0"},
				"up": {"uv": [4.25, 3, 5.375, 1.875], "texture": "#0"},
				"down": {"uv": [4.25, 3, 5.375, 4], "texture": "#0"}
			}
		},
		{
			"from": [13.03215, 21.6154, 3.9991],
			"to": [22.53215, 24.4654, 13.0491],
			"rotation": {"angle": -22.5, "axis": "z", "origin": [7.95215, 21.9954, 6.6241]},
			"faces": {
				"north": {"uv": [8, 0.5, 6.75, 0.875], "texture": "#0"},
				"east": {"uv": [7.875, 5, 6.75, 5.375], "texture": "#0"},
				"south": {"uv": [8, 1, 6.75, 1.375], "texture": "#0"},
				"west": {"uv": [7.875, 4.5, 6.75, 4.875], "texture": "#0"},
				"up": {"uv": [2, 3.625, 3.25, 2.5], "texture": "#0"},
				"down": {"uv": [0, 3, 1.25, 4.125], "texture": "#0"}
			}
		},
		{
			"from": [-5.86322, 7.08043, 0.57941],
			"to": [-5.05322, 9.69043, 1.38941],
			"rotation": {"angle": 0, "axis": "x", "origin": [-3.83322, 9.68326, 0.99053]},
			"faces": {
				"north": {"uv": [11.9375, 0.78125, 12.375, 1.28125], "texture": "#0"},
				"east": {"uv": [12.8125, 0.75, 12.3125, 0], "rotation": 180, "texture": "#0"},
				"south": {"uv": [12.84375, 0, 13.34375, 0.71875], "texture": "#0"},
				"west": {"uv": [11.78125, 0.71875, 11.28125, 0], "rotation": 180, "texture": "#0"},
				"up": {"uv": [11.8125, 1.3125, 11.3125, 0.8125], "rotation": 90, "texture": "#0"},
				"down": {"uv": [12.375, 0.78125, 11.875, 1.28125], "rotation": 270, "texture": "#0"}
			}
		},
		{
			"from": [-4.86322, 6.83043, 0.57941],
			"to": [-4.05322, 9.69043, 1.38941],
			"rotation": {"angle": 22.5, "axis": "x", "origin": [-3.83322, 9.68326, 0.99053]},
			"faces": {
				"north": {"uv": [11.9375, 0.78125, 12.375, 1.28125], "texture": "#0"},
				"east": {"uv": [12.8125, 0.75, 12.3125, 0], "rotation": 180, "texture": "#0"},
				"south": {"uv": [12.84375, 0, 13.34375, 0.71875], "texture": "#0"},
				"west": {"uv": [11.78125, 0.71875, 11.28125, 0], "rotation": 180, "texture": "#0"},
				"up": {"uv": [11.8125, 1.3125, 11.3125, 0.8125], "rotation": 90, "texture": "#0"},
				"down": {"uv": [12.375, 0.78125, 11.875, 1.28125], "rotation": 270, "texture": "#0"}
			}
		},
		{
			"from": [-3.86322, 9.28438, -2.61231],
			"to": [-3.05322, 10.09438, 0.99769],
			"rotation": {"angle": -45, "axis": "x", "origin": [-3.83322, 9.68326, 0.99053]},
			"faces": {
				"north": {"uv": [12.375, 0.78125, 11.875, 1.28125], "rotation": 90, "texture": "#0"},
				"east": {"uv": [12.3125, 0, 12.8125, 0.75], "rotation": 270, "texture": "#0"},
				"south": {"uv": [11.8125, 1.3125, 11.3125, 0.8125], "rotation": 90, "texture": "#0"},
				"west": {"uv": [11.28125, 0, 11.78125, 0.71875], "rotation": 90, "texture": "#0"},
				"up": {"uv": [11.9375, 0.78125, 12.375, 1.28125], "rotation": 180, "texture": "#0"},
				"down": {"uv": [12.84375, 0, 13.34375, 0.71875], "texture": "#0"}
			}
		},
		{
			"from": [-2.86322, 9.28438, -2.36231],
			"to": [-2.05322, 10.09438, 0.99769],
			"rotation": {"angle": -22.5, "axis": "x", "origin": [-3.83322, 9.68326, 0.99053]},
			"faces": {
				"north": {"uv": [12.375, 0.78125, 11.875, 1.28125], "rotation": 90, "texture": "#0"},
				"east": {"uv": [12.3125, 0, 12.8125, 0.75], "rotation": 270, "texture": "#0"},
				"south": {"uv": [11.8125, 1.3125, 11.3125, 0.8125], "rotation": 90, "texture": "#0"},
				"west": {"uv": [11.28125, 0, 11.78125, 0.71875], "rotation": 90, "texture": "#0"},
				"up": {"uv": [11.9375, 0.78125, 12.375, 1.28125], "rotation": 180, "texture": "#0"},
				"down": {"uv": [12.84375, 0, 13.34375, 0.71875], "texture": "#0"}
			}
		},
		{
			"from": [-4.11215, 10.2154, 6.2441],
			"to": [0.44785, 19.5754, 10.8041],
			"rotation": {"angle": -22.5, "axis": "z", "origin": [-2.28045, 14.90176, 8.5241]},
			"faces": {
				"north": {"uv": [5.75, 5.5, 6.25, 6.5], "texture": "#0"},
				"east": {"uv": [6, 1.5, 6.5, 2.5], "texture": "#0"},
				"south": {"uv": [6, 2.5, 6.5, 3.5], "texture": "#0"},
				"west": {"uv": [4.25, 6, 4.75, 7], "texture": "#0"},
				"up": {"uv": [3.25, 8, 2.75, 7.5], "texture": "#0"},
				"down": {"uv": [3.75, 7.5, 3.25, 8], "texture": "#0"}
			}
		},
		{
			"from": [-4.60373, 17.12296, 3.9991],
			"to": [4.89627, 19.97296, 13.0491],
			"rotation": {"angle": 22.5, "axis": "z", "origin": [-2.28045, 14.90176, 8.5241]},
			"faces": {
				"north": {"uv": [6.75, 0.5, 8, 0.875], "texture": "#0"},
				"east": {"uv": [6.75, 4.5, 7.875, 4.875], "texture": "#0"},
				"south": {"uv": [6.75, 1, 8, 1.375], "texture": "#0"},
				"west": {"uv": [6.75, 5, 7.875, 5.375], "texture": "#0"},
				"up": {"uv": [3.25, 3.625, 2, 2.5], "texture": "#0"},
				"down": {"uv": [1.25, 3, 0, 4.125], "texture": "#0"}
			}
		},
		{
			"from": [-4.22373, 19.78296, 4.4741],
			"to": [4.32627, 20.73296, 12.5741],
			"rotation": {"angle": 22.5, "axis": "z", "origin": [-2.28045, 14.90176, 8.5241]},
			"faces": {
				"north": {"uv": [9, 3.5, 10.125, 3.625], "texture": "#0"},
				"east": {"uv": [9, 4.5, 10, 4.625], "texture": "#0"},
				"south": {"uv": [9, 3.75, 10.125, 3.875], "texture": "#0"},
				"west": {"uv": [9, 4.75, 10, 4.875], "texture": "#0"},
				"up": {"uv": [5.375, 3, 4.25, 1.84375], "texture": "#0"},
				"down": {"uv": [5.375, 3, 4.25, 4], "texture": "#0"}
			}
		},
		{
			"from": [-6.11322, 11.11377, 3.0433],
			"to": [-1.55322, 15.67377, 9.4033],
			"rotation": {"angle": -22.5, "axis": "x", "origin": [-3.83322, 13.84207, 14.08966]},
			"faces": {
				"north": {"uv": [1.1875, 1.0625, 0.6875, 1.5625], "rotation": 90, "texture": "#0"},
				"east": {"uv": [4.75, 6, 5.25, 6.75], "rotation": 270, "texture": "#0"},
				"south": {"uv": [5.75, 8, 5.25, 7.5], "rotation": 90, "texture": "#0"},
				"west": {"uv": [1, 6.25, 1.5, 6.96875], "rotation": 90, "texture": "#0"},
				"up": {"uv": [1.5, 6.25, 2, 7], "rotation": 180, "texture": "#0"},
				"down": {"uv": [6.25, 0.5, 6.75, 1.5], "texture": "#0"}
			}
		},
		{
			"from": [-2.86322, 6.26431, 0.0347],
			"to": [-1.80322, 7.32431, 2.3947],
			"rotation": {"angle": 0, "axis": "y", "origin": [-2.33322, 6.16162, 1.63858]},
			"faces": {
				"north": {"uv": [12.375, 0.78125, 11.875, 1.28125], "rotation": 90, "texture": "#0"},
				"east": {"uv": [12.3125, 0, 12.8125, 0.75], "rotation": 270, "texture": "#0"},
				"south": {"uv": [11.8125, 1.3125, 11.3125, 0.8125], "rotation": 90, "texture": "#0"},
				"west": {"uv": [11.28125, 0, 11.78125, 0.71875], "rotation": 90, "texture": "#0"},
				"up": {"uv": [11.9375, 0.78125, 12.375, 1.28125], "rotation": 180, "texture": "#0"},
				"down": {"uv": [12.84375, 0, 13.34375, 0.71875], "texture": "#0"}
			}
		},
		{
			"from": [-5.86322, 11.36377, 0.0433],
			"to": [-1.80322, 15.42377, 3.4033],
			"rotation": {"angle": -22.5, "axis": "x", "origin": [-3.83322, 13.84207, 14.08966]},
			"faces": {
				"north": {"uv": [12.375, 0.78125, 11.875, 1.28125], "rotation": 90, "texture": "#0"},
				"east": {"uv": [12.3125, 0, 12.8125, 0.75], "rotation": 270, "texture": "#0"},
				"south": {"uv": [11.8125, 1.3125, 11.3125, 0.8125], "rotation": 90, "texture": "#0"},
				"west": {"uv": [11.28125, 0, 11.78125, 0.71875], "rotation": 90, "texture": "#0"},
				"up": {"uv": [11.78125, 0, 12.28125, 0.75], "rotation": 180, "texture": "#0"},
				"down": {"uv": [12.84375, 0, 13.34375, 0.71875], "texture": "#0"}
			}
		},
		{
			"from": [9.56785, -1.5746, 5.7441],
			"to": [14.12785, 4.8854, 10.3041],
			"rotation": {"angle": 22.5, "axis": "x", "origin": [8.04785, 3.2004, 8.5241]},
			"faces": {
				"north": {"uv": [4, 7, 4.5, 7.75], "texture": "#0"},
				"east": {"uv": [4.5, 7, 5, 7.75], "texture": "#0"},
				"south": {"uv": [5.75, 7, 6.25, 7.75], "texture": "#0"},
				"west": {"uv": [6.25, 7, 6.75, 7.75], "texture": "#0"},
				"up": {"uv": [8, 7, 7.5, 6.5], "texture": "#0"},
				"down": {"uv": [7.75, 7.5, 7.25, 8], "texture": "#0"}
			}
		},
		{
			"from": [9.56785, -9.50727, 4.1284],
			"to": [14.12785, -0.14727, 8.6884],
			"rotation": {"angle": 0, "axis": "y", "origin": [8.04785, 4.62773, 6.9084]},
			"faces": {
				"north": {"uv": [2, 6.25, 2.5, 7.25], "texture": "#0"},
				"east": {"uv": [2.5, 6.25, 3, 7.25], "texture": "#0"},
				"south": {"uv": [6.25, 5.5, 6.75, 6.5], "texture": "#0"},
				"west": {"uv": [6.5, 1.5, 7, 2.5], "texture": "#0"},
				"up": {"uv": [0.5, 8.25, 0, 7.75], "texture": "#0"},
				"down": {"uv": [8.25, 0, 7.75, 0.5], "texture": "#0"}
			}
		},
		{
			"from": [1.96785, -1.5746, 5.7441],
			"to": [6.52785, 4.8854, 10.3041],
			"rotation": {"angle": 22.5, "axis": "x", "origin": [8.04785, 3.2004, 8.5241]},
			"faces": {
				"north": {"uv": [7, 6.25, 7.5, 7], "texture": "#0"},
				"east": {"uv": [6.75, 7, 7.25, 7.75], "texture": "#0"},
				"south": {"uv": [1, 7.25, 1.5, 8], "texture": "#0"},
				"west": {"uv": [1.5, 7.25, 2, 8], "texture": "#0"},
				"up": {"uv": [1, 8.25, 0.5, 7.75], "texture": "#0"},
				"down": {"uv": [2.75, 7.75, 2.25, 8.25], "texture": "#0"}
			}
		},
		{
			"from": [1.96785, -9.50727, 4.1284],
			"to": [6.52785, -0.14727, 8.6884],
			"rotation": {"angle": 0, "axis": "y", "origin": [8.04785, 4.62773, 6.9084]},
			"faces": {
				"north": {"uv": [6.5, 2.5, 7, 3.5], "texture": "#0"},
				"east": {"uv": [3, 6.5, 3.5, 7.5], "texture": "#0"},
				"south": {"uv": [3.5, 6.5, 4, 7.5], "texture": "#0"},
				"west": {"uv": [5.25, 6.5, 5.75, 7.5], "texture": "#0"},
				"up": {"uv": [8.25, 3.5, 7.75, 3], "texture": "#0"},
				"down": {"uv": [4.25, 7.75, 3.75, 8.25], "texture": "#0"}
			}
		},
		{
			"from": [12.22785, 4.8954, 4.7241],
			"to": [15.07785, 8.6954, 5.6741],
			"rotation": {"angle": 0, "axis": "y", "origin": [-7.15215, -6.5046, -6.6759]},
			"faces": {
				"north": {"uv": [4.5, 7.75, 4.875, 8.25], "texture": "#0"},
				"east": {"uv": [4, 6.5, 4.125, 7], "texture": "#0"},
				"south": {"uv": [7.75, 5.5, 8.125, 6], "texture": "#0"},
				"west": {"uv": [9.5, 6.25, 9.625, 6.75], "texture": "#0"},
				"up": {"uv": [10.375, 9.625, 10, 9.5], "texture": "#0"},
				"down": {"uv": [10.375, 9.75, 10, 9.875], "texture": "#0"}
			}
		},
		{
			"from": [12.22785, 0.3354, 4.7241],
			"to": [15.07785, 4.1354, 5.6741],
			"rotation": {"angle": 22.5, "axis": "x", "origin": [8.22428, 3.9673, 5.1991]},
			"faces": {
				"north": {"uv": [5.75, 7.75, 6.125, 8.25], "texture": "#0"},
				"east": {"uv": [6.75, 9.5, 6.875, 10], "texture": "#0"},
				"south": {"uv": [6.25, 7.75, 6.625, 8.25], "texture": "#0"},
				"west": {"uv": [7, 9.5, 7.125, 10], "texture": "#0"},
				"up": {"uv": [10.375, 10.125, 10, 10], "texture": "#0"},
				"down": {"uv": [0.375, 10.25, 0, 10.375], "texture": "#0"}
			}
		},
		{
			"from": [12.22785, -3.92508, 3.0462],
			"to": [15.07785, -0.12508, 3.9962],
			"rotation": {"angle": 0, "axis": "y", "origin": [8.39131, -0.10064, 3.60725]},
			"faces": {
				"north": {"uv": [6.75, 7.75, 7.125, 8.25], "texture": "#0"},
				"east": {"uv": [7.25, 9.5, 7.375, 10], "texture": "#0"},
				"south": {"uv": [7.75, 7, 8.125, 7.5], "texture": "#0"},
				"west": {"uv": [7.5, 9.5, 7.625, 10], "texture": "#0"},
				"up": {"uv": [10.625, 0.125, 10.25, 0], "texture": "#0"},
				"down": {"uv": [10.625, 0.25, 10.25, 0.375], "texture": "#0"}
			}
		},
		{
			"from": [12.22785, -8.48508, 3.0462],
			"to": [15.07785, -4.68508, 3.9962],
			"rotation": {"angle": 0, "axis": "y", "origin": [8.39131, -0.10064, 3.60725]},
			"faces": {
				"north": {"uv": [7.75, 7.5, 8.125, 8], "texture": "#0"},
				"east": {"uv": [7.75, 9.5, 7.875, 10], "texture": "#0"},
				"south": {"uv": [8, 0.5, 8.375, 1], "texture": "#0"},
				"west": {"uv": [8, 9.5, 8.125, 10], "texture": "#0"},
				"up": {"uv": [0.875, 10.375, 0.5, 10.25], "texture": "#0"},
				"down": {"uv": [10.625, 0.5, 10.25, 0.625], "texture": "#0"}
			}
		},
		{
			"from": [12.60785, 4.1354, 5.1041],
			"to": [14.69785, 4.8954, 5.2941],
			"rotation": {"angle": 0, "axis": "y", "origin": [-7.15215, -6.5046, -6.6759]},
			"faces": {
				"north": {"uv": [3.25, 9, 3.625, 9.1875], "texture": "#0"},
				"east": {"uv": [3, 6.25, 3.125, 6.4375], "texture": "#0"},
				"south": {"uv": [5, 9, 5.375, 9.1875], "texture": "#0"},
				"west": {"uv": [6.75, 6.25, 6.875, 6.4375], "texture": "#0"},
				"up": {"uv": [10.625, 0.875, 10.25, 0.75], "texture": "#0"},
				"down": {"uv": [1.375, 10.25, 1, 10.375], "texture": "#0"}
			}
		},
		{
			"from": [12.60785, -0.4246, 5.1041],
			"to": [14.69785, 0.3354, 5.2941],
			"rotation": {"angle": 22.5, "axis": "x", "origin": [8.22428, 3.9673, 5.1991]},
			"faces": {
				"north": {"uv": [9, 5, 9.375, 5.1875], "texture": "#0"},
				"east": {"uv": [2.75, 7.25, 2.875, 7.4375], "texture": "#0"},
				"south": {"uv": [9, 5.25, 9.375, 5.4375], "texture": "#0"},
				"west": {"uv": [7.25, 6, 7.375, 6.1875], "texture": "#0"},
				"up": {"uv": [10.625, 1.125, 10.25, 1], "texture": "#0"},
				"down": {"uv": [10.625, 1.25, 10.25, 1.375], "texture": "#0"}
			}
		},
		{
			"from": [12.60785, -4.68508, 3.4262],
			"to": [14.69785, -3.92508, 3.6162],
			"rotation": {"angle": 0, "axis": "y", "origin": [8.39131, -0.10064, 3.60725]},
			"faces": {
				"north": {"uv": [9, 6, 9.375, 6.1875], "texture": "#0"},
				"east": {"uv": [3.75, 7.5, 3.875, 7.6875], "texture": "#0"},
				"south": {"uv": [9, 6.25, 9.375, 6.4375], "texture": "#0"},
				"west": {"uv": [5.5, 8.5, 5.625, 8.6875], "texture": "#0"},
				"up": {"uv": [1.875, 10.375, 1.5, 10.25], "texture": "#0"},
				"down": {"uv": [10.625, 1.5, 10.25, 1.625], "texture": "#0"}
			}
		},
		{
			"from": [12.60785, -6.77508, 3.4262],
			"to": [14.69785, -6.01508, 3.6162],
			"rotation": {"angle": 0, "axis": "y", "origin": [8.39131, -0.10064, 3.60725]},
			"faces": {
				"north": {"uv": [9, 6.5, 9.375, 6.6875], "texture": "#0"},
				"east": {"uv": [2.5, 8.75, 2.625, 8.9375], "texture": "#0"},
				"south": {"uv": [9, 6.75, 9.375, 6.9375], "texture": "#0"},
				"west": {"uv": [9.5, 6.75, 9.625, 6.9375], "texture": "#0"},
				"up": {"uv": [10.625, 1.875, 10.25, 1.75], "texture": "#0"},
				"down": {"uv": [2.375, 10.25, 2, 10.375], "texture": "#0"}
			}
		},
		{
			"from": [8.42785, 0.3354, 4.7241],
			"to": [11.27785, 4.1354, 5.6741],
			"rotation": {"angle": 22.5, "axis": "x", "origin": [8.22428, 3.9673, 5.1991]},
			"faces": {
				"north": {"uv": [1.5, 8, 1.875, 8.5], "texture": "#0"},
				"east": {"uv": [8.75, 9.5, 8.875, 10], "texture": "#0"},
				"south": {"uv": [8, 1.5, 8.375, 2], "texture": "#0"},
				"west": {"uv": [9, 9.5, 9.125, 10], "texture": "#0"},
				"up": {"uv": [2.875, 10.375, 2.5, 10.25], "texture": "#0"},
				"down": {"uv": [10.625, 2.5, 10.25, 2.625], "texture": "#0"}
			}
		},
		{
			"from": [8.42785, -3.92508, 3.0462],
			"to": [11.27785, -0.12508, 3.9962],
			"rotation": {"angle": 0, "axis": "y", "origin": [8.39131, -0.10064, 3.60725]},
			"faces": {
				"north": {"uv": [8, 2, 8.375, 2.5], "texture": "#0"},
				"east": {"uv": [9.25, 9.5, 9.375, 10], "texture": "#0"},
				"south": {"uv": [8, 2.5, 8.375, 3], "texture": "#0"},
				"west": {"uv": [9.5, 9.5, 9.625, 10], "texture": "#0"},
				"up": {"uv": [10.625, 2.875, 10.25, 2.75], "texture": "#0"},
				"down": {"uv": [3.375, 10.25, 3, 10.375], "texture": "#0"}
			}
		},
		{
			"from": [8.42785, -8.48508, 3.0462],
			"to": [11.27785, -4.68508, 3.9962],
			"rotation": {"angle": 0, "axis": "y", "origin": [8.39131, -0.10064, 3.60725]},
			"faces": {
				"north": {"uv": [2.75, 8, 3.125, 8.5], "texture": "#0"},
				"east": {"uv": [0, 9.75, 0.125, 10.25], "texture": "#0"},
				"south": {"uv": [3.25, 8, 3.625, 8.5], "texture": "#0"},
				"west": {"uv": [9.75, 0, 9.875, 0.5], "texture": "#0"},
				"up": {"uv": [10.625, 3.125, 10.25, 3], "texture": "#0"},
				"down": {"uv": [10.625, 3.25, 10.25, 3.375], "texture": "#0"}
			}
		},
		{
			"from": [8.80785, 4.1354, 5.1041],
			"to": [10.89785, 4.8954, 5.2941],
			"rotation": {"angle": 0, "axis": "y", "origin": [-7.15215, -6.5046, -6.6759]},
			"faces": {
				"north": {"uv": [7.25, 9, 7.625, 9.1875], "texture": "#0"},
				"east": {"uv": [9.5, 10, 9.625, 10.1875], "texture": "#0"},
				"south": {"uv": [7.75, 9, 8.125, 9.1875], "texture": "#0"},
				"west": {"uv": [6.5, 10.25, 6.625, 10.4375], "texture": "#0"},
				"up": {"uv": [3.875, 10.375, 3.5, 10.25], "texture": "#0"},
				"down": {"uv": [10.625, 3.5, 10.25, 3.625], "texture": "#0"}
			}
		},
		{
			"from": [8.80785, -0.4246, 5.1041],
			"to": [10.89785, 0.3354, 5.2941],
			"rotation": {"angle": 22.5, "axis": "x", "origin": [8.22428, 3.9673, 5.1991]},
			"faces": {
				"north": {"uv": [8.25, 9, 8.625, 9.1875], "texture": "#0"},
				"east": {"uv": [10.75, 9.25, 10.875, 9.4375], "texture": "#0"},
				"south": {"uv": [8.75, 9, 9.125, 9.1875], "texture": "#0"},
				"west": {"uv": [10.5, 10.75, 10.625, 10.9375], "texture": "#0"},
				"up": {"uv": [10.625, 3.875, 10.25, 3.75], "texture": "#0"},
				"down": {"uv": [4.375, 10.25, 4, 10.375], "texture": "#0"}
			}
		},
		{
			"from": [8.80785, -4.68508, 3.4262],
			"to": [10.89785, -3.92508, 3.6162],
			"rotation": {"angle": 0, "axis": "y", "origin": [8.39131, -0.10064, 3.60725]},
			"faces": {
				"north": {"uv": [0, 9.25, 0.375, 9.4375], "texture": "#0"},
				"east": {"uv": [10.75, 10.75, 10.875, 10.9375], "texture": "#0"},
				"south": {"uv": [9.25, 0, 9.625, 0.1875], "texture": "#0"},
				"west": {"uv": [0, 11, 0.125, 11.1875], "texture": "#0"},
				"up": {"uv": [10.625, 4.125, 10.25, 4], "texture": "#0"},
				"down": {"uv": [10.625, 4.25, 10.25, 4.375], "texture": "#0"}
			}
		},
		{
			"from": [8.42785, 4.8954, 4.7241],
			"to": [11.27785, 8.6954, 5.6741],
			"rotation": {"angle": 0, "axis": "y", "origin": [-7.15215, -6.5046, -6.6759]},
			"faces": {
				"north": {"uv": [1, 8, 1.375, 8.5], "texture": "#0"},
				"east": {"uv": [8.25, 9.5, 8.375, 10], "texture": "#0"},
				"south": {"uv": [8, 1, 8.375, 1.5], "texture": "#0"},
				"west": {"uv": [8.5, 9.5, 8.625, 10], "texture": "#0"},
				"up": {"uv": [10.625, 2.125, 10.25, 2], "texture": "#0"},
				"down": {"uv": [10.625, 2.25, 10.25, 2.375], "texture": "#0"}
			}
		},
		{
			"from": [4.62785, 4.8954, 4.7241],
			"to": [7.47785, 8.6954, 5.6741],
			"rotation": {"angle": 0, "axis": "y", "origin": [-7.15215, -6.5046, -6.6759]},
			"faces": {
				"north": {"uv": [8, 3.5, 8.375, 4], "texture": "#0"},
				"east": {"uv": [0.25, 9.75, 0.375, 10.25], "texture": "#0"},
				"south": {"uv": [8, 4, 8.375, 4.5], "texture": "#0"},
				"west": {"uv": [0.5, 9.75, 0.625, 10.25], "texture": "#0"},
				"up": {"uv": [4.875, 10.375, 4.5, 10.25], "texture": "#0"},
				"down": {"uv": [10.625, 4.5, 10.25, 4.625], "texture": "#0"}
			}
		},
		{
			"from": [4.62785, 0.3354, 4.7241],
			"to": [7.47785, 4.1354, 5.6741],
			"rotation": {"angle": 22.5, "axis": "x", "origin": [8.22428, 3.9673, 5.1991]},
			"faces": {
				"north": {"uv": [8, 4.5, 8.375, 5], "texture": "#0"},
				"east": {"uv": [0.75, 9.75, 0.875, 10.25], "texture": "#0"},
				"south": {"uv": [8, 5, 8.375, 5.5], "texture": "#0"},
				"west": {"uv": [1, 9.75, 1.125, 10.25], "texture": "#0"},
				"up": {"uv": [10.625, 4.875, 10.25, 4.75], "texture": "#0"},
				"down": {"uv": [5.375, 10.25, 5, 10.375], "texture": "#0"}
			}
		},
		{
			"from": [4.62785, -3.92508, 3.0462],
			"to": [7.47785, -0.12508, 3.9962],
			"rotation": {"angle": 0, "axis": "y", "origin": [8.39131, -0.10064, 3.60725]},
			"faces": {
				"north": {"uv": [5.25, 8, 5.625, 8.5], "texture": "#0"},
				"east": {"uv": [1.25, 9.75, 1.375, 10.25], "texture": "#0"},
				"south": {"uv": [8, 6, 8.375, 6.5], "texture": "#0"},
				"west": {"uv": [1.5, 9.75, 1.625, 10.25], "texture": "#0"},
				"up": {"uv": [10.625, 5.125, 10.25, 5], "texture": "#0"},
				"down": {"uv": [10.625, 5.25, 10.25, 5.375], "texture": "#0"}
			}
		},
		{
			"from": [4.62785, -8.48508, 3.0462],
			"to": [7.47785, -4.68508, 3.9962],
			"rotation": {"angle": 0, "axis": "y", "origin": [8.39131, -0.10064, 3.60725]},
			"faces": {
				"north": {"uv": [8, 6.5, 8.375, 7], "texture": "#0"},
				"east": {"uv": [1.75, 9.75, 1.875, 10.25], "texture": "#0"},
				"south": {"uv": [7.25, 8, 7.625, 8.5], "texture": "#0"},
				"west": {"uv": [2, 9.75, 2.125, 10.25], "texture": "#0"},
				"up": {"uv": [5.875, 10.375, 5.5, 10.25], "texture": "#0"},
				"down": {"uv": [10.625, 5.5, 10.25, 5.625], "texture": "#0"}
			}
		},
		{
			"from": [5.00785, 4.1354, 5.1041],
			"to": [7.09785, 4.8954, 5.2941],
			"rotation": {"angle": 0, "axis": "y", "origin": [-7.15215, -6.5046, -6.6759]},
			"faces": {
				"north": {"uv": [9.25, 0.25, 9.625, 0.4375], "texture": "#0"},
				"east": {"uv": [0.25, 11, 0.375, 11.1875], "texture": "#0"},
				"south": {"uv": [0.5, 9.25, 0.875, 9.4375], "texture": "#0"},
				"west": {"uv": [0.5, 11, 0.625, 11.1875], "texture": "#0"},
				"up": {"uv": [10.625, 5.875, 10.25, 5.75], "texture": "#0"},
				"down": {"uv": [6.375, 10.25, 6, 10.375], "texture": "#0"}
			}
		},
		{
			"from": [5.00785, -0.4246, 5.1041],
			"to": [7.09785, 0.3354, 5.2941],
			"rotation": {"angle": 22.5, "axis": "x", "origin": [8.22428, 3.9673, 5.1991]},
			"faces": {
				"north": {"uv": [2, 9.25, 2.375, 9.4375], "texture": "#0"},
				"east": {"uv": [0.75, 11, 0.875, 11.1875], "texture": "#0"},
				"south": {"uv": [9.25, 3, 9.625, 3.1875], "texture": "#0"},
				"west": {"uv": [1, 11, 1.125, 11.1875], "texture": "#0"},
				"up": {"uv": [10.625, 6.125, 10.25, 6], "texture": "#0"},
				"down": {"uv": [10.625, 6.25, 10.25, 6.375], "texture": "#0"}
			}
		},
		{
			"from": [5.00785, -4.68508, 3.4262],
			"to": [7.09785, -3.92508, 3.6162],
			"rotation": {"angle": 0, "axis": "y", "origin": [8.39131, -0.10064, 3.60725]},
			"faces": {
				"north": {"uv": [3.25, 9.25, 3.625, 9.4375], "texture": "#0"},
				"east": {"uv": [1.25, 11, 1.375, 11.1875], "texture": "#0"},
				"south": {"uv": [9.25, 3.25, 9.625, 3.4375], "texture": "#0"},
				"west": {"uv": [1.5, 11, 1.625, 11.1875], "texture": "#0"},
				"up": {"uv": [10.625, 6.625, 10.25, 6.5], "texture": "#0"},
				"down": {"uv": [10.625, 6.75, 10.25, 6.875], "texture": "#0"}
			}
		},
		{
			"from": [0.82785, 4.8954, 4.7241],
			"to": [3.67785, 8.6954, 5.6741],
			"rotation": {"angle": 0, "axis": "y", "origin": [-7.15215, -6.5046, -6.6759]},
			"faces": {
				"north": {"uv": [7.75, 8, 8.125, 8.5], "texture": "#0"},
				"east": {"uv": [2.25, 9.75, 2.375, 10.25], "texture": "#0"},
				"south": {"uv": [0, 8.25, 0.375, 8.75], "texture": "#0"},
				"west": {"uv": [2.5, 9.75, 2.625, 10.25], "texture": "#0"},
				"up": {"uv": [10.625, 7.125, 10.25, 7], "texture": "#0"},
				"down": {"uv": [10.625, 7.25, 10.25, 7.375], "texture": "#0"}
			}
		},
		{
			"from": [0.82785, 0.3354, 4.7241],
			"to": [3.67785, 4.1354, 5.6741],
			"rotation": {"angle": 22.5, "axis": "x", "origin": [8.22428, 3.9673, 5.1991]},
			"faces": {
				"north": {"uv": [8.25, 0, 8.625, 0.5], "texture": "#0"},
				"east": {"uv": [2.75, 9.75, 2.875, 10.25], "texture": "#0"},
				"south": {"uv": [0.5, 8.25, 0.875, 8.75], "texture": "#0"},
				"west": {"uv": [3, 9.75, 3.125, 10.25], "texture": "#0"},
				"up": {"uv": [10.625, 7.625, 10.25, 7.5], "texture": "#0"},
				"down": {"uv": [10.625, 7.75, 10.25, 7.875], "texture": "#0"}
			}
		},
		{
			"from": [0.82785, -3.92508, 3.0462],
			"to": [3.67785, -0.12508, 3.9962],
			"rotation": {"angle": 0, "axis": "y", "origin": [8.39131, -0.10064, 3.60725]},
			"faces": {
				"north": {"uv": [2.25, 8.25, 2.625, 8.75], "texture": "#0"},
				"east": {"uv": [9.75, 3, 9.875, 3.5], "texture": "#0"},
				"south": {"uv": [8.25, 3, 8.625, 3.5], "texture": "#0"},
				"west": {"uv": [3.25, 9.75, 3.375, 10.25], "texture": "#0"},
				"up": {"uv": [10.625, 8.125, 10.25, 8], "texture": "#0"},
				"down": {"uv": [10.625, 8.25, 10.25, 8.375], "texture": "#0"}
			}
		},
		{
			"from": [0.82785, -8.48508, 3.0462],
			"to": [3.67785, -4.68508, 3.9962],
			"rotation": {"angle": 0, "axis": "y", "origin": [8.39131, -0.10064, 3.60725]},
			"faces": {
				"north": {"uv": [3.75, 8.25, 4.125, 8.75], "texture": "#0"},
				"east": {"uv": [3.5, 9.75, 3.625, 10.25], "texture": "#0"},
				"south": {"uv": [4.5, 8.25, 4.875, 8.75], "texture": "#0"},
				"west": {"uv": [3.75, 9.75, 3.875, 10.25], "texture": "#0"},
				"up": {"uv": [10.625, 8.625, 10.25, 8.5], "texture": "#0"},
				"down": {"uv": [10.625, 8.75, 10.25, 8.875], "texture": "#0"}
			}
		},
		{
			"from": [1.20785, 4.1354, 5.1041],
			"to": [3.29785, 4.8954, 5.2941],
			"rotation": {"angle": 0, "axis": "y", "origin": [-7.15215, -6.5046, -6.6759]},
			"faces": {
				"north": {"uv": [3.75, 9.25, 4.125, 9.4375], "texture": "#0"},
				"east": {"uv": [1.75, 11, 1.875, 11.1875], "texture": "#0"},
				"south": {"uv": [4.25, 9.25, 4.625, 9.4375], "texture": "#0"},
				"west": {"uv": [2, 11, 2.125, 11.1875], "texture": "#0"},
				"up": {"uv": [10.625, 9.125, 10.25, 9], "texture": "#0"},
				"down": {"uv": [10.625, 9.25, 10.25, 9.375], "texture": "#0"}
			}
		},
		{
			"from": [1.20785, -0.4246, 5.1041],
			"to": [3.29785, 0.3354, 5.2941],
			"rotation": {"angle": 22.5, "axis": "x", "origin": [8.22428, 3.9673, 5.1991]},
			"faces": {
				"north": {"uv": [5, 9.25, 5.375, 9.4375], "texture": "#0"},
				"east": {"uv": [2.25, 11, 2.375, 11.1875], "texture": "#0"},
				"south": {"uv": [5.5, 9.25, 5.875, 9.4375], "texture": "#0"},
				"west": {"uv": [2.5, 11, 2.625, 11.1875], "texture": "#0"},
				"up": {"uv": [9.875, 10.375, 9.5, 10.25], "texture": "#0"},
				"down": {"uv": [10.375, 10.25, 10, 10.375], "texture": "#0"}
			}
		},
		{
			"from": [1.20785, -4.68508, 3.4262],
			"to": [3.29785, -3.92508, 3.6162],
			"rotation": {"angle": 0, "axis": "y", "origin": [8.39131, -0.10064, 3.60725]},
			"faces": {
				"north": {"uv": [9.25, 5.5, 9.625, 5.6875], "texture": "#0"},
				"east": {"uv": [2.75, 11, 2.875, 11.1875], "texture": "#0"},
				"south": {"uv": [9.25, 5.75, 9.625, 5.9375], "texture": "#0"},
				"west": {"uv": [3, 11, 3.125, 11.1875], "texture": "#0"},
				"up": {"uv": [0.375, 10.625, 0, 10.5], "texture": "#0"},
				"down": {"uv": [0.875, 10.5, 0.5, 10.625], "texture": "#0"}
			}
		},
		{
			"from": [12.22785, 4.8954, 11.3741],
			"to": [15.07785, 8.6954, 12.3241],
			"rotation": {"angle": 0, "axis": "y", "origin": [7.95285, 7.9554, 11.8491]},
			"faces": {
				"north": {"uv": [8.25, 5.5, 8.625, 6], "texture": "#0"},
				"east": {"uv": [4, 9.75, 4.125, 10.25], "texture": "#0"},
				"south": {"uv": [5.75, 8.25, 6.125, 8.75], "texture": "#0"},
				"west": {"uv": [4.25, 9.75, 4.375, 10.25], "texture": "#0"},
				"up": {"uv": [1.375, 10.625, 1, 10.5], "texture": "#0"},
				"down": {"uv": [1.875, 10.5, 1.5, 10.625], "texture": "#0"}
			}
		},
		{
			"from": [12.22785, 0.3354, 11.3741],
			"to": [15.07785, 4.1354, 12.3241],
			"rotation": {"angle": 22.5, "axis": "x", "origin": [7.95285, 4.1754, 11.8491]},
			"faces": {
				"north": {"uv": [6.25, 8.25, 6.625, 8.75], "texture": "#0"},
				"east": {"uv": [4.5, 9.75, 4.625, 10.25], "texture": "#0"},
				"south": {"uv": [6.75, 8.25, 7.125, 8.75], "texture": "#0"},
				"west": {"uv": [4.75, 9.75, 4.875, 10.25], "texture": "#0"},
				"up": {"uv": [2.375, 10.625, 2, 10.5], "texture": "#0"},
				"down": {"uv": [2.875, 10.5, 2.5, 10.625], "texture": "#0"}
			}
		},
		{
			"from": [12.22785, -3.82581, 9.65906],
			"to": [15.07785, -0.02581, 10.60906],
			"rotation": {"angle": 0, "axis": "y", "origin": [7.95285, 0.06374, 9.98914]},
			"faces": {
				"north": {"uv": [8.25, 7, 8.625, 7.5], "texture": "#0"},
				"east": {"uv": [5, 9.75, 5.125, 10.25], "texture": "#0"},
				"south": {"uv": [8.25, 7.5, 8.625, 8], "texture": "#0"},
				"west": {"uv": [5.25, 9.75, 5.375, 10.25], "texture": "#0"},
				"up": {"uv": [3.375, 10.625, 3, 10.5], "texture": "#0"},
				"down": {"uv": [3.875, 10.5, 3.5, 10.625], "texture": "#0"}
			}
		},
		{
			"from": [12.22785, -8.38581, 9.65906],
			"to": [15.07785, -4.58581, 10.60906],
			"rotation": {"angle": -22.5, "axis": "x", "origin": [7.95285, -4.34581, 10.13406]},
			"faces": {
				"north": {"uv": [8.25, 8, 8.625, 8.5], "texture": "#0"},
				"east": {"uv": [5.5, 9.75, 5.625, 10.25], "texture": "#0"},
				"south": {"uv": [8.5, 0.5, 8.875, 1], "texture": "#0"},
				"west": {"uv": [9.75, 5.5, 9.875, 6], "texture": "#0"},
				"up": {"uv": [4.375, 10.625, 4, 10.5], "texture": "#0"},
				"down": {"uv": [4.875, 10.5, 4.5, 10.625], "texture": "#0"}
			}
		},
		{
			"from": [12.60785, 4.1354, 11.7541],
			"to": [14.69785, 4.8954, 11.9441],
			"rotation": {"angle": 0, "axis": "y", "origin": [7.95285, 7.9554, 11.8491]},
			"faces": {
				"north": {"uv": [6, 9.25, 6.375, 9.4375], "texture": "#0"},
				"east": {"uv": [3.25, 11, 3.375, 11.1875], "texture": "#0"},
				"south": {"uv": [6.5, 9.25, 6.875, 9.4375], "texture": "#0"},
				"west": {"uv": [3.5, 11, 3.625, 11.1875], "texture": "#0"},
				"up": {"uv": [5.375, 10.625, 5, 10.5], "texture": "#0"},
				"down": {"uv": [5.875, 10.5, 5.5, 10.625], "texture": "#0"}
			}
		},
		{
			"from": [12.60785, -0.4246, 11.7541],
			"to": [14.69785, 0.3354, 11.9441],
			"rotation": {"angle": 22.5, "axis": "x", "origin": [7.95285, 4.1754, 11.8491]},
			"faces": {
				"north": {"uv": [9.25, 7, 9.625, 7.1875], "texture": "#0"},
				"east": {"uv": [3.75, 11, 3.875, 11.1875], "texture": "#0"},
				"south": {"uv": [7.25, 9.25, 7.625, 9.4375], "texture": "#0"},
				"west": {"uv": [4, 11, 4.125, 11.1875], "texture": "#0"},
				"up": {"uv": [6.375, 10.625, 6, 10.5], "texture": "#0"},
				"down": {"uv": [6.875, 10.5, 6.5, 10.625], "texture": "#0"}
			}
		},
		{
			"from": [12.60785, -4.58581, 10.03906],
			"to": [14.69785, -3.82581, 10.22906],
			"rotation": {"angle": -22.5, "axis": "x", "origin": [7.95285, -4.34581, 10.13406]},
			"faces": {
				"north": {"uv": [9.25, 7.25, 9.625, 7.4375], "texture": "#0"},
				"east": {"uv": [4.25, 11, 4.375, 11.1875], "texture": "#0"},
				"south": {"uv": [9.25, 7.5, 9.625, 7.6875], "texture": "#0"},
				"west": {"uv": [4.5, 11, 4.625, 11.1875], "texture": "#0"},
				"up": {"uv": [7.375, 10.625, 7, 10.5], "texture": "#0"},
				"down": {"uv": [7.875, 10.5, 7.5, 10.625], "texture": "#0"}
			}
		},
		{
			"from": [8.42785, 4.8954, 11.3741],
			"to": [11.27785, 8.6954, 12.3241],
			"rotation": {"angle": 0, "axis": "y", "origin": [7.95285, 7.9554, 11.8491]},
			"faces": {
				"north": {"uv": [1, 8.5, 1.375, 9], "texture": "#0"},
				"east": {"uv": [5.75, 9.75, 5.875, 10.25], "texture": "#0"},
				"south": {"uv": [8.5, 1, 8.875, 1.5], "texture": "#0"},
				"west": {"uv": [6, 9.75, 6.125, 10.25], "texture": "#0"},
				"up": {"uv": [8.375, 10.625, 8, 10.5], "texture": "#0"},
				"down": {"uv": [8.875, 10.5, 8.5, 10.625], "texture": "#0"}
			}
		},
		{
			"from": [8.42785, 0.3354, 11.3741],
			"to": [11.27785, 4.1354, 12.3241],
			"rotation": {"angle": 22.5, "axis": "x", "origin": [7.95285, 4.1754, 11.8491]},
			"faces": {
				"north": {"uv": [1.5, 8.5, 1.875, 9], "texture": "#0"},
				"east": {"uv": [6.25, 9.75, 6.375, 10.25], "texture": "#0"},
				"south": {"uv": [8.5, 1.5, 8.875, 2], "texture": "#0"},
				"west": {"uv": [9.75, 6.25, 9.875, 6.75], "texture": "#0"},
				"up": {"uv": [9.375, 10.625, 9, 10.5], "texture": "#0"},
				"down": {"uv": [9.875, 10.5, 9.5, 10.625], "texture": "#0"}
			}
		},
		{
			"from": [8.42785, -3.82581, 9.65906],
			"to": [11.27785, -0.02581, 10.60906],
			"rotation": {"angle": 0, "axis": "y", "origin": [7.95285, 0.06374, 9.98914]},
			"faces": {
				"north": {"uv": [8.5, 2, 8.875, 2.5], "texture": "#0"},
				"east": {"uv": [6.5, 9.75, 6.625, 10.25], "texture": "#0"},
				"south": {"uv": [8.5, 2.5, 8.875, 3], "texture": "#0"},
				"west": {"uv": [9.75, 6.75, 9.875, 7.25], "texture": "#0"},
				"up": {"uv": [10.875, 9.625, 10.5, 9.5], "texture": "#0"},
				"down": {"uv": [10.875, 9.75, 10.5, 9.875], "texture": "#0"}
			}
		},
		{
			"from": [8.42785, -8.38581, 9.65906],
			"to": [11.27785, -4.58581, 10.60906],
			"rotation": {"angle": -22.5, "axis": "x", "origin": [7.95285, -4.34581, 10.13406]},
			"faces": {
				"north": {"uv": [2.75, 8.5, 3.125, 9], "texture": "#0"},
				"east": {"uv": [9.75, 7.25, 9.875, 7.75], "texture": "#0"},
				"south": {"uv": [3.25, 8.5, 3.625, 9], "texture": "#0"},
				"west": {"uv": [9.75, 7.75, 9.875, 8.25], "texture": "#0"},
				"up": {"uv": [10.375, 10.625, 10, 10.5], "texture": "#0"},
				"down": {"uv": [10.875, 10, 10.5, 10.125], "texture": "#0"}
			}
		},
		{
			"from": [8.80785, 4.1354, 11.7541],
			"to": [10.89785, 4.8954, 11.9441],
			"rotation": {"angle": 0, "axis": "y", "origin": [7.95285, 7.9554, 11.8491]},
			"faces": {
				"north": {"uv": [7.75, 9.25, 8.125, 9.4375], "texture": "#0"},
				"east": {"uv": [4.75, 11, 4.875, 11.1875], "texture": "#0"},
				"south": {"uv": [9.25, 7.75, 9.625, 7.9375], "texture": "#0"},
				"west": {"uv": [5, 11, 5.125, 11.1875], "texture": "#0"},
				"up": {"uv": [10.875, 10.375, 10.5, 10.25], "texture": "#0"},
				"down": {"uv": [10.875, 10.5, 10.5, 10.625], "texture": "#0"}
			}
		},
		{
			"from": [8.80785, -0.4246, 11.7541],
			"to": [10.89785, 0.3354, 11.9441],
			"rotation": {"angle": 22.5, "axis": "x", "origin": [7.95285, 4.1754, 11.8491]},
			"faces": {
				"north": {"uv": [9.25, 8, 9.625, 8.1875], "texture": "#0"},
				"east": {"uv": [5.25, 11, 5.375, 11.1875], "texture": "#0"},
				"south": {"uv": [8.25, 9.25, 8.625, 9.4375], "texture": "#0"},
				"west": {"uv": [11, 5.25, 11.125, 5.4375], "texture": "#0"},
				"up": {"uv": [0.375, 10.875, 0, 10.75], "texture": "#0"},
				"down": {"uv": [11.125, 0, 10.75, 0.125], "texture": "#0"}
			}
		},
		{
			"from": [8.80785, -4.58581, 10.03906],
			"to": [10.89785, -3.82581, 10.22906],
			"rotation": {"angle": -22.5, "axis": "x", "origin": [7.95285, -4.34581, 10.13406]},
			"faces": {
				"north": {"uv": [9.25, 8.25, 9.625, 8.4375], "texture": "#0"},
				"east": {"uv": [11, 5.5, 11.125, 5.6875], "texture": "#0"},
				"south": {"uv": [9.25, 8.5, 9.625, 8.6875], "texture": "#0"},
				"west": {"uv": [11, 5.75, 11.125, 5.9375], "texture": "#0"},
				"up": {"uv": [11.125, 0.375, 10.75, 0.25], "texture": "#0"},
				"down": {"uv": [0.875, 10.75, 0.5, 10.875], "texture": "#0"}
			}
		},
		{
			"from": [4.62785, 4.8954, 11.3741],
			"to": [7.47785, 8.6954, 12.3241],
			"rotation": {"angle": 0, "axis": "y", "origin": [7.95285, 7.9554, 11.8491]},
			"faces": {
				"north": {"uv": [8.5, 3.5, 8.875, 4], "texture": "#0"},
				"east": {"uv": [9.75, 8.25, 9.875, 8.75], "texture": "#0"},
				"south": {"uv": [8.5, 4, 8.875, 4.5], "texture": "#0"},
				"west": {"uv": [9.75, 8.75, 9.875, 9.25], "texture": "#0"},
				"up": {"uv": [11.125, 0.625, 10.75, 0.5], "texture": "#0"},
				"down": {"uv": [11.125, 0.75, 10.75, 0.875], "texture": "#0"}
			}
		},
		{
			"from": [4.62785, 0.3354, 11.3741],
			"to": [7.47785, 4.1354, 12.3241],
			"rotation": {"angle": 22.5, "axis": "x", "origin": [7.95285, 4.1754, 11.8491]},
			"faces": {
				"north": {"uv": [8.5, 4.5, 8.875, 5], "texture": "#0"},
				"east": {"uv": [9.75, 9.25, 9.875, 9.75], "texture": "#0"},
				"south": {"uv": [5, 8.5, 5.375, 9], "texture": "#0"},
				"west": {"uv": [9.75, 9.75, 9.875, 10.25], "texture": "#0"},
				"up": {"uv": [1.375, 10.875, 1, 10.75], "texture": "#0"},
				"down": {"uv": [11.125, 1, 10.75, 1.125], "texture": "#0"}
			}
		},
		{
			"from": [4.62785, -3.82581, 9.65906],
			"to": [7.47785, -0.02581, 10.60906],
			"rotation": {"angle": 0, "axis": "y", "origin": [7.95285, 0.06374, 9.98914]},
			"faces": {
				"north": {"uv": [8.5, 5, 8.875, 5.5], "texture": "#0"},
				"east": {"uv": [10, 0, 10.125, 0.5], "texture": "#0"},
				"south": {"uv": [8.5, 6, 8.875, 6.5], "texture": "#0"},
				"west": {"uv": [10, 0.5, 10.125, 1], "texture": "#0"},
				"up": {"uv": [11.125, 1.375, 10.75, 1.25], "texture": "#0"},
				"down": {"uv": [1.875, 10.75, 1.5, 10.875], "texture": "#0"}
			}
		},
		{
			"from": [4.62785, -8.38581, 9.65906],
			"to": [7.47785, -4.58581, 10.60906],
			"rotation": {"angle": -22.5, "axis": "x", "origin": [7.95285, -4.34581, 10.13406]},
			"faces": {
				"north": {"uv": [8.5, 6.5, 8.875, 7], "texture": "#0"},
				"east": {"uv": [10, 1, 10.125, 1.5], "texture": "#0"},
				"south": {"uv": [7.25, 8.5, 7.625, 9], "texture": "#0"},
				"west": {"uv": [10, 1.5, 10.125, 2], "texture": "#0"},
				"up": {"uv": [11.125, 1.625, 10.75, 1.5], "texture": "#0"},
				"down": {"uv": [11.125, 1.75, 10.75, 1.875], "texture": "#0"}
			}
		},
		{
			"from": [5.00785, 4.1354, 11.7541],
			"to": [7.09785, 4.8954, 11.9441],
			"rotation": {"angle": 0, "axis": "y", "origin": [7.95285, 7.9554, 11.8491]},
			"faces": {
				"north": {"uv": [8.75, 9.25, 9.125, 9.4375], "texture": "#0"},
				"east": {"uv": [11, 6, 11.125, 6.1875], "texture": "#0"},
				"south": {"uv": [9.25, 8.75, 9.625, 8.9375], "texture": "#0"},
				"west": {"uv": [11, 6.25, 11.125, 6.4375], "texture": "#0"},
				"up": {"uv": [2.375, 10.875, 2, 10.75], "texture": "#0"},
				"down": {"uv": [11.125, 2, 10.75, 2.125], "texture": "#0"}
			}
		},
		{
			"from": [5.00785, -0.4246, 11.7541],
			"to": [7.09785, 0.3354, 11.9441],
			"rotation": {"angle": 22.5, "axis": "x", "origin": [7.95285, 4.1754, 11.8491]},
			"faces": {
				"north": {"uv": [9.25, 9, 9.625, 9.1875], "texture": "#0"},
				"east": {"uv": [11, 6.5, 11.125, 6.6875], "texture": "#0"},
				"south": {"uv": [9.25, 9.25, 9.625, 9.4375], "texture": "#0"},
				"west": {"uv": [11, 6.75, 11.125, 6.9375], "texture": "#0"},
				"up": {"uv": [11.125, 2.375, 10.75, 2.25], "texture": "#0"},
				"down": {"uv": [2.875, 10.75, 2.5, 10.875], "texture": "#0"}
			}
		},
		{
			"from": [5.00785, -4.58581, 10.03906],
			"to": [7.09785, -3.82581, 10.22906],
			"rotation": {"angle": -22.5, "axis": "x", "origin": [7.95285, -4.34581, 10.13406]},
			"faces": {
				"north": {"uv": [0, 9.5, 0.375, 9.6875], "texture": "#0"},
				"east": {"uv": [11, 7, 11.125, 7.1875], "texture": "#0"},
				"south": {"uv": [0.5, 9.5, 0.875, 9.6875], "texture": "#0"},
				"west": {"uv": [11, 7.25, 11.125, 7.4375], "texture": "#0"},
				"up": {"uv": [11.125, 2.625, 10.75, 2.5], "texture": "#0"},
				"down": {"uv": [11.125, 2.75, 10.75, 2.875], "texture": "#0"}
			}
		},
		{
			"from": [0.82785, 4.8954, 11.3741],
			"to": [3.67785, 8.6954, 12.3241],
			"rotation": {"angle": 0, "axis": "y", "origin": [7.95285, 7.9554, 11.8491]},
			"faces": {
				"north": {"uv": [7.75, 8.5, 8.125, 9], "texture": "#0"},
				"east": {"uv": [10, 2, 10.125, 2.5], "texture": "#0"},
				"south": {"uv": [8.25, 8.5, 8.625, 9], "texture": "#0"},
				"west": {"uv": [10, 3, 10.125, 3.5], "texture": "#0"},
				"up": {"uv": [3.375, 10.875, 3, 10.75], "texture": "#0"},
				"down": {"uv": [11.125, 3, 10.75, 3.125], "texture": "#0"}
			}
		},
		{
			"from": [0.82785, 0.3354, 11.3741],
			"to": [3.67785, 4.1354, 12.3241],
			"rotation": {"angle": 22.5, "axis": "x", "origin": [7.95285, 4.1754, 11.8491]},
			"faces": {
				"north": {"uv": [0, 8.75, 0.375, 9.25], "texture": "#0"},
				"east": {"uv": [10, 4, 10.125, 4.5], "texture": "#0"},
				"south": {"uv": [8.75, 0, 9.125, 0.5], "texture": "#0"},
				"west": {"uv": [10, 4.5, 10.125, 5], "texture": "#0"},
				"up": {"uv": [11.125, 3.375, 10.75, 3.25], "texture": "#0"},
				"down": {"uv": [3.875, 10.75, 3.5, 10.875], "texture": "#0"}
			}
		},
		{
			"from": [0.82785, -3.82581, 9.65906],
			"to": [3.67785, -0.02581, 10.60906],
			"rotation": {"angle": 0, "axis": "y", "origin": [7.95285, 0.06374, 9.98914]},
			"faces": {
				"north": {"uv": [0.5, 8.75, 0.875, 9.25], "texture": "#0"},
				"east": {"uv": [10, 5, 10.125, 5.5], "texture": "#0"},
				"south": {"uv": [2, 8.75, 2.375, 9.25], "texture": "#0"},
				"west": {"uv": [10, 5.5, 10.125, 6], "texture": "#0"},
				"up": {"uv": [11.125, 3.625, 10.75, 3.5], "texture": "#0"},
				"down": {"uv": [11.125, 3.75, 10.75, 3.875], "texture": "#0"}
			}
		},
		{
			"from": [0.82785, -8.38581, 9.65906],
			"to": [3.67785, -4.58581, 10.60906],
			"rotation": {"angle": -22.5, "axis": "x", "origin": [7.95285, -4.34581, 10.13406]},
			"faces": {
				"north": {"uv": [8.75, 3, 9.125, 3.5], "texture": "#0"},
				"east": {"uv": [10, 6, 10.125, 6.5], "texture": "#0"},
				"south": {"uv": [3.75, 8.75, 4.125, 9.25], "texture": "#0"},
				"west": {"uv": [10, 6.5, 10.125, 7], "texture": "#0"},
				"up": {"uv": [4.375, 10.875, 4, 10.75], "texture": "#0"},
				"down": {"uv": [11.125, 4, 10.75, 4.125], "texture": "#0"}
			}
		},
		{
			"from": [1.20785, 4.1354, 11.7541],
			"to": [3.29785, 4.8954, 11.9441],
			"rotation": {"angle": 0, "axis": "y", "origin": [7.95285, 7.9554, 11.8491]},
			"faces": {
				"north": {"uv": [9.5, 0.5, 9.875, 0.6875], "texture": "#0"},
				"east": {"uv": [11, 7.5, 11.125, 7.6875], "texture": "#0"},
				"south": {"uv": [9.5, 0.75, 9.875, 0.9375], "texture": "#0"},
				"west": {"uv": [11, 7.75, 11.125, 7.9375], "texture": "#0"},
				"up": {"uv": [11.125, 4.375, 10.75, 4.25], "texture": "#0"},
				"down": {"uv": [4.875, 10.75, 4.5, 10.875], "texture": "#0"}
			}
		},
		{
			"from": [1.20785, -0.4246, 11.7541],
			"to": [3.29785, 0.3354, 11.9441],
			"rotation": {"angle": 22.5, "axis": "x", "origin": [7.95285, 4.1754, 11.8491]},
			"faces": {
				"north": {"uv": [1, 9.5, 1.375, 9.6875], "texture": "#0"},
				"east": {"uv": [11, 8, 11.125, 8.1875], "texture": "#0"},
				"south": {"uv": [9.5, 1, 9.875, 1.1875], "texture": "#0"},
				"west": {"uv": [11, 8.25, 11.125, 8.4375], "texture": "#0"},
				"up": {"uv": [11.125, 4.625, 10.75, 4.5], "texture": "#0"},
				"down": {"uv": [11.125, 4.75, 10.75, 4.875], "texture": "#0"}
			}
		},
		{
			"from": [1.20785, -4.58581, 10.03906],
			"to": [3.29785, -3.82581, 10.22906],
			"rotation": {"angle": -22.5, "axis": "x", "origin": [7.95285, -4.34581, 10.13406]},
			"faces": {
				"north": {"uv": [9.5, 1.25, 9.875, 1.4375], "texture": "#0"},
				"east": {"uv": [11, 8.5, 11.125, 8.6875], "texture": "#0"},
				"south": {"uv": [1.5, 9.5, 1.875, 9.6875], "texture": "#0"},
				"west": {"uv": [11, 8.75, 11.125, 8.9375], "texture": "#0"},
				"up": {"uv": [5.375, 10.875, 5, 10.75], "texture": "#0"},
				"down": {"uv": [11.125, 5, 10.75, 5.125], "texture": "#0"}
			}
		},
		{
			"from": [0.44785, 4.8954, 6.6241],
			"to": [1.39785, 8.6954, 9.4741],
			"rotation": {"angle": 0, "axis": "y", "origin": [4.24785, -6.5046, 10.4241]},
			"faces": {
				"north": {"uv": [6.75, 10, 6.875, 10.5], "texture": "#0"},
				"east": {"uv": [4.25, 8.75, 4.625, 9.25], "texture": "#0"},
				"south": {"uv": [7, 10, 7.125, 10.5], "texture": "#0"},
				"west": {"uv": [5.5, 8.75, 5.875, 9.25], "texture": "#0"},
				"up": {"uv": [10.875, 5.625, 10.75, 5.25], "texture": "#0"},
				"down": {"uv": [5.625, 10.75, 5.5, 11.125], "texture": "#0"}
			}
		},
		{
			"from": [0.44785, 0.3354, 6.6241],
			"to": [1.39785, 4.1354, 9.4741],
			"rotation": {"angle": 0, "axis": "y", "origin": [4.24785, -6.5046, 10.4241]},
			"faces": {
				"north": {"uv": [10, 7, 10.125, 7.5], "texture": "#0"},
				"east": {"uv": [8.75, 5.5, 9.125, 6], "texture": "#0"},
				"south": {"uv": [7.25, 10, 7.375, 10.5], "texture": "#0"},
				"west": {"uv": [6, 8.75, 6.375, 9.25], "texture": "#0"},
				"up": {"uv": [5.875, 11.125, 5.75, 10.75], "texture": "#0"},
				"down": {"uv": [10.875, 5.75, 10.75, 6.125], "texture": "#0"}
			}
		},
		{
			"from": [0.44785, -4.2246, 6.6241],
			"to": [1.39785, -0.4246, 9.4741],
			"rotation": {"angle": 0, "axis": "y", "origin": [4.24785, -6.5046, 10.4241]},
			"faces": {
				"north": {"uv": [7.5, 10, 7.625, 10.5], "texture": "#0"},
				"east": {"uv": [6.5, 8.75, 6.875, 9.25], "texture": "#0"},
				"south": {"uv": [10, 7.5, 10.125, 8], "texture": "#0"},
				"west": {"uv": [8.75, 7, 9.125, 7.5], "texture": "#0"},
				"up": {"uv": [6.125, 11.125, 6, 10.75], "texture": "#0"},
				"down": {"uv": [6.375, 10.75, 6.25, 11.125], "texture": "#0"}
			}
		},
		{
			"from": [0.44785, -8.7846, 6.6241],
			"to": [1.39785, -4.9846, 9.4741],
			"rotation": {"angle": 0, "axis": "y", "origin": [4.24785, -6.5046, 10.4241]},
			"faces": {
				"north": {"uv": [7.75, 10, 7.875, 10.5], "texture": "#0"},
				"east": {"uv": [8.75, 7.5, 9.125, 8], "texture": "#0"},
				"south": {"uv": [8, 10, 8.125, 10.5], "texture": "#0"},
				"west": {"uv": [8.75, 8, 9.125, 8.5], "texture": "#0"},
				"up": {"uv": [10.875, 6.625, 10.75, 6.25], "texture": "#0"},
				"down": {"uv": [6.625, 10.75, 6.5, 11.125], "texture": "#0"}
			}
		},
		{
			"from": [0.82785, 4.1354, 7.0041],
			"to": [1.01785, 4.8954, 9.0941],
			"rotation": {"angle": 0, "axis": "y", "origin": [4.24785, -6.5046, 10.4241]},
			"faces": {
				"north": {"uv": [11, 9, 11.125, 9.1875], "texture": "#0"},
				"east": {"uv": [9.5, 1.5, 9.875, 1.6875], "texture": "#0"},
				"south": {"uv": [11, 9.25, 11.125, 9.4375], "texture": "#0"},
				"west": {"uv": [9.5, 1.75, 9.875, 1.9375], "texture": "#0"},
				"up": {"uv": [6.875, 11.125, 6.75, 10.75], "texture": "#0"},
				"down": {"uv": [10.875, 6.75, 10.75, 7.125], "texture": "#0"}
			}
		},
		{
			"from": [0.82785, -0.4246, 7.0041],
			"to": [1.01785, 0.3354, 9.0941],
			"rotation": {"angle": 0, "axis": "y", "origin": [4.24785, -6.5046, 10.4241]},
			"faces": {
				"north": {"uv": [11, 9.5, 11.125, 9.6875], "texture": "#0"},
				"east": {"uv": [2, 9.5, 2.375, 9.6875], "texture": "#0"},
				"south": {"uv": [11, 9.75, 11.125, 9.9375], "texture": "#0"},
				"west": {"uv": [9.5, 2, 9.875, 2.1875], "texture": "#0"},
				"up": {"uv": [7.125, 11.125, 7, 10.75], "texture": "#0"},
				"down": {"uv": [7.375, 10.75, 7.25, 11.125], "texture": "#0"}
			}
		},
		{
			"from": [0.82785, -4.9846, 7.0041],
			"to": [1.01785, -4.2246, 9.0941],
			"rotation": {"angle": 0, "axis": "y", "origin": [4.24785, -6.5046, 10.4241]},
			"faces": {
				"north": {"uv": [11, 10, 11.125, 10.1875], "texture": "#0"},
				"east": {"uv": [9.5, 2.25, 9.875, 2.4375], "texture": "#0"},
				"south": {"uv": [11, 10.25, 11.125, 10.4375], "texture": "#0"},
				"west": {"uv": [2.5, 9.5, 2.875, 9.6875], "texture": "#0"},
				"up": {"uv": [10.875, 7.625, 10.75, 7.25], "texture": "#0"},
				"down": {"uv": [7.625, 10.75, 7.5, 11.125], "texture": "#0"}
			}
		},
		{
			"from": [14.69785, 4.8954, 6.6241],
			"to": [15.64785, 8.6954, 9.4741],
			"rotation": {"angle": 0, "axis": "y", "origin": [4.24785, -6.5046, 10.4241]},
			"faces": {
				"north": {"uv": [10, 8, 10.125, 8.5], "texture": "#0"},
				"east": {"uv": [8.75, 8.5, 9.125, 9], "texture": "#0"},
				"south": {"uv": [8.25, 10, 8.375, 10.5], "texture": "#0"},
				"west": {"uv": [9, 0.5, 9.375, 1], "texture": "#0"},
				"up": {"uv": [7.875, 11.125, 7.75, 10.75], "texture": "#0"},
				"down": {"uv": [10.875, 7.75, 10.75, 8.125], "texture": "#0"}
			}
		},
		{
			"from": [14.69785, 0.3354, 6.6241],
			"to": [15.64785, 4.1354, 9.4741],
			"rotation": {"angle": 0, "axis": "y", "origin": [4.24785, -6.5046, 10.4241]},
			"faces": {
				"north": {"uv": [8.5, 10, 8.625, 10.5], "texture": "#0"},
				"east": {"uv": [1, 9, 1.375, 9.5], "texture": "#0"},
				"south": {"uv": [10, 8.5, 10.125, 9], "texture": "#0"},
				"west": {"uv": [9, 1, 9.375, 1.5], "texture": "#0"},
				"up": {"uv": [8.125, 11.125, 8, 10.75], "texture": "#0"},
				"down": {"uv": [8.375, 10.75, 8.25, 11.125], "texture": "#0"}
			}
		},
		{
			"from": [14.69785, -4.2246, 6.6241],
			"to": [15.64785, -0.4246, 9.4741],
			"rotation": {"angle": 0, "axis": "y", "origin": [4.24785, -6.5046, 10.4241]},
			"faces": {
				"north": {"uv": [8.75, 10, 8.875, 10.5], "texture": "#0"},
				"east": {"uv": [1.5, 9, 1.875, 9.5], "texture": "#0"},
				"south": {"uv": [9, 10, 9.125, 10.5], "texture": "#0"},
				"west": {"uv": [9, 1.5, 9.375, 2], "texture": "#0"},
				"up": {"uv": [10.875, 8.625, 10.75, 8.25], "texture": "#0"},
				"down": {"uv": [8.625, 10.75, 8.5, 11.125], "texture": "#0"}
			}
		},
		{
			"from": [14.69785, -8.7846, 6.6241],
			"to": [15.64785, -4.9846, 9.4741],
			"rotation": {"angle": 0, "axis": "y", "origin": [4.24785, -6.5046, 10.4241]},
			"faces": {
				"north": {"uv": [10, 9, 10.125, 9.5], "texture": "#0"},
				"east": {"uv": [9, 2, 9.375, 2.5], "texture": "#0"},
				"south": {"uv": [9.25, 10, 9.375, 10.5], "texture": "#0"},
				"west": {"uv": [2.5, 9, 2.875, 9.5], "texture": "#0"},
				"up": {"uv": [8.875, 11.125, 8.75, 10.75], "texture": "#0"},
				"down": {"uv": [10.875, 8.75, 10.75, 9.125], "texture": "#0"}
			}
		},
		{
			"from": [15.07785, 4.1354, 7.0041],
			"to": [15.26785, 4.8954, 9.0941],
			"rotation": {"angle": 0, "axis": "y", "origin": [4.24785, -6.5046, 10.4241]},
			"faces": {
				"north": {"uv": [10.5, 11, 10.625, 11.1875], "texture": "#0"},
				"east": {"uv": [3.25, 9.5, 3.625, 9.6875], "texture": "#0"},
				"south": {"uv": [11, 10.5, 11.125, 10.6875], "texture": "#0"},
				"west": {"uv": [3.75, 9.5, 4.125, 9.6875], "texture": "#0"},
				"up": {"uv": [9.125, 11.125, 9, 10.75], "texture": "#0"},
				"down": {"uv": [9.375, 10.75, 9.25, 11.125], "texture": "#0"}
			}
		},
		{
			"from": [15.07785, -0.4246, 7.0041],
			"to": [15.26785, 0.3354, 9.0941],
			"rotation": {"angle": 0, "axis": "y", "origin": [4.24785, -6.5046, 10.4241]},
			"faces": {
				"north": {"uv": [10.75, 11, 10.875, 11.1875], "texture": "#0"},
				"east": {"uv": [4.25, 9.5, 4.625, 9.6875], "texture": "#0"},
				"south": {"uv": [11, 10.75, 11.125, 10.9375], "texture": "#0"},
				"west": {"uv": [4.75, 9.5, 5.125, 9.6875], "texture": "#0"},
				"up": {"uv": [9.625, 11.125, 9.5, 10.75], "texture": "#0"},
				"down": {"uv": [9.875, 10.75, 9.75, 11.125], "texture": "#0"}
			}
		},
		{
			"from": [15.07785, -4.9846, 7.0041],
			"to": [15.26785, -4.2246, 9.0941],
			"rotation": {"angle": 0, "axis": "y", "origin": [4.24785, -6.5046, 10.4241]},
			"faces": {
				"north": {"uv": [11, 11, 11.125, 11.1875], "texture": "#0"},
				"east": {"uv": [9.5, 5, 9.875, 5.1875], "texture": "#0"},
				"south": {"uv": [0, 11.25, 0.125, 11.4375], "texture": "#0"},
				"west": {"uv": [5.25, 9.5, 5.625, 9.6875], "texture": "#0"},
				"up": {"uv": [10.125, 11.125, 10, 10.75], "texture": "#0"},
				"down": {"uv": [10.375, 10.75, 10.25, 11.125], "texture": "#0"}
			}
		}
	],
	"display": {
		"head": {
			"translation": [0.75, -19.25, -0.25],
			"scale": [4, 4, 4]
		}
	},
	"groups": [
		{
			"name": "Tusk Act 4",
			"origin": [8, 8, 8],
			"color": 0,
			"children": [
				{
					"name": "Body",
					"origin": [8, 8, 8],
					"color": 0,
					"children": [0, 1, 2, 3, 4, 5, 6]
				},
				{
					"name": "Head",
					"origin": [8, 8, 8],
					"color": 0,
					"children": [7, 8, 9, 10, 11, 12, 13, 14, 15, 16, 17]
				},
				{
					"name": "Right Arm",
					"origin": [8, 8, 8],
					"color": 0,
					"children": [18, 19, 20, 21, 22, 23, 24, 25, 26, 27]
				},
				{
					"name": "Left Arm",
					"origin": [8, 8, 8],
					"color": 0,
					"children": [28, 29, 30, 31, 32, 33, 34, 35, 36, 37]
				},
				{
					"name": "Right Leg",
					"origin": [8, 8, 8],
					"color": 0,
					"children": [38, 39]
				},
				{
					"name": "Left Leg",
					"origin": [8, 8, 8],
					"color": 0,
					"children": [40, 41]
				},
				{
					"name": "group",
					"origin": [8, 8, 8],
					"color": 0,
					"children": [
						{
							"name": "Bacons",
							"origin": [8, 8, 8],
							"color": 0,
							"children": [
								42,
								43,
								44,
								45,
								46,
								47,
								48,
								49,
								{
									"name": "Bacons",
									"origin": [8, 8, 8],
									"color": 0,
									"children": [50, 51, 52, 53, 54, 55, 56]
								},
								{
									"name": "Bacons",
									"origin": [8, 8, 8],
									"color": 0,
									"children": [
										57,
										58,
										59,
										60,
										61,
										62,
										63,
										{
											"name": "Bacons",
											"origin": [8, 8, 8],
											"color": 0,
											"children": [64, 65, 66, 67, 68, 69, 70]
										}
									]
								}
							]
						},
						{
							"name": "Bacons",
							"origin": [8, 8, 8],
							"color": 0,
							"children": [
								71,
								72,
								73,
								74,
								75,
								76,
								77,
								{
									"name": "Bacons",
									"origin": [8, 8, 8],
									"color": 0,
									"children": [78, 79, 80, 81, 82, 83, 84]
								},
								{
									"name": "Bacons",
									"origin": [8, 8, 8],
									"color": 0,
									"children": [
										85,
										86,
										87,
										88,
										89,
										90,
										91,
										{
											"name": "Bacons",
											"origin": [8, 8, 8],
											"color": 0,
											"children": [92, 93, 94, 95, 96, 97, 98]
										}
									]
								}
							]
						},
						{
							"name": "Bacons",
							"origin": [8, 8, 8],
							"color": 0,
							"children": [99, 100, 101, 102, 103, 104, 105]
						},
						{
							"name": "Bacons",
							"origin": [8, 8, 8],
							"color": 0,
							"children": [106, 107, 108, 109, 110, 111, 112]
						}
					]
				}
			]
		}
	]
}