{
	"credit": "Made with Blockbench",
	"textures": {
		"main": "nw:stand/evo/anim/chariot_walk"
	},
	"elements": [
		{
			"name": "body",
			"from": [4, 5, 6],
			"to": [12, 11, 10],
			"rotation": {"angle": 0, "axis": "x", "origin": [8, 6.0125, 8]},
			"faces": {
				"north": {"uv": [13.25, 1.625, 13.75, 2], "texture": "#main"},
				"east": {"uv": [13, 1.625, 13.25, 2], "texture": "#main"},
				"south": {"uv": [14, 1.625, 14.5, 2], "texture": "#main"},
				"west": {"uv": [13.75, 1.625, 14, 2], "texture": "#main"},
				"up": {"uv": [13.75, 1.25, 13.25, 1], "texture": "#main"},
				"down": {"uv": [14.25, 1, 13.75, 1.25], "texture": "#main"}
			}
		},
		{
			"name": "body",
			"from": [4, 10.61428, 8.06087],
			"to": [12, 16.61428, 12.06087],
			"rotation": {"angle": -22.5, "axis": "x", "origin": [8, 5.62678, 10.06087]},
			"faces": {
				"north": {"uv": [13.25, 1.25, 13.75, 1.625], "texture": "#main"},
				"east": {"uv": [13, 1.25, 13.25, 1.625], "texture": "#main"},
				"south": {"uv": [14, 1.25, 14.5, 1.625], "texture": "#main"},
				"west": {"uv": [13.75, 1.25, 14, 1.625], "texture": "#main"},
				"up": {"uv": [13.75, 1.25, 13.25, 1], "texture": "#main"},
				"down": {"uv": [14.25, 1, 13.75, 1.25], "texture": "#main"}
			}
		},
		{
			"name": "right_leg",
			"from": [8, -1, 6],
			"to": [12, 5, 10],
			"rotation": {"angle": 22.5, "axis": "x", "origin": [10, 3, 8]},
			"faces": {
				"north": {"uv": [12.25, 1.25, 12.5, 1.625], "texture": "#main"},
				"east": {"uv": [12, 1.25, 12.25, 1.625], "texture": "#main"},
				"south": {"uv": [12.75, 1.25, 13, 1.625], "texture": "#main"},
				"west": {"uv": [12.5, 1.25, 12.75, 1.625], "texture": "#main"},
				"up": {"uv": [12.5, 1.25, 12.25, 1], "texture": "#main"},
				"down": {"uv": [12.75, 1, 12.5, 1.25], "texture": "#main"}
			}
		},
		{
			"name": "left_leg",
			"from": [4, -1, 6],
			"to": [8, 5, 10],
			"rotation": {"angle": -22.5, "axis": "x", "origin": [6, 5, 8]},
			"faces": {
				"north": {"uv": [13.25, 3.25, 13.5, 3.625], "texture": "#main"},
				"east": {"uv": [13, 3.25, 13.25, 3.625], "texture": "#main"},
				"south": {"uv": [13.75, 3.25, 14, 3.625], "texture": "#main"},
				"west": {"uv": [13.5, 3.25, 13.75, 3.625], "texture": "#main"},
				"up": {"uv": [13.5, 3.25, 13.25, 3], "texture": "#main"},
				"down": {"uv": [13.75, 3, 13.5, 3.25], "texture": "#main"}
			}
		},
		{
			"name": "left_leg",
			"from": [4, -7, 6],
			"to": [8, -1, 10],
			"rotation": {"angle": -22.5, "axis": "x", "origin": [6, 5, 8]},
			"faces": {
				"north": {"uv": [13.25, 3.625, 13.5, 4], "texture": "#main"},
				"east": {"uv": [13, 3.625, 13.25, 4], "texture": "#main"},
				"south": {"uv": [13.75, 3.625, 14, 4], "texture": "#main"},
				"west": {"uv": [13.5, 3.625, 13.75, 4], "texture": "#main"},
				"up": {"uv": [13.5, 3.25, 13.25, 3], "texture": "#main"},
				"down": {"uv": [13.75, 3, 13.5, 3.25], "texture": "#main"}
			}
		},
		{
			"name": "right_leg",
			"from": [8, -7, 6],
			"to": [12, -1, 10],
			"rotation": {"angle": 22.5, "axis": "x", "origin": [10, 3, 8]},
			"faces": {
				"north": {"uv": [12.25, 1.625, 12.5, 2], "texture": "#main"},
				"east": {"uv": [12, 1.625, 12.25, 2], "texture": "#main"},
				"south": {"uv": [12.75, 1.625, 13, 2], "texture": "#main"},
				"west": {"uv": [12.5, 1.625, 12.75, 2], "texture": "#main"},
				"up": {"uv": [12.5, 1.25, 12.25, 1], "texture": "#main"},
				"down": {"uv": [12.75, 1, 12.5, 1.25], "texture": "#main"}
			}
		},
		{
			"name": "body_2nd_layer",
			"from": [4, 4.52, 5.5],
			"to": [12, 11.03, 10.5],
			"rotation": {"angle": 0, "axis": "x", "origin": [8, 6.0125, 8]},
			"faces": {
				"north": {"uv": [13.25, 2.625, 13.75, 3], "texture": "#main"},
				"east": {"uv": [13, 2.625, 13.25, 3], "texture": "#main"},
				"south": {"uv": [14, 2.625, 14.5, 3], "texture": "#main"},
				"west": {"uv": [13.75, 2.625, 14, 3], "texture": "#main"},
				"up": {"uv": [13.75, 2.25, 13.25, 2], "texture": "#main"},
				"down": {"uv": [14.25, 2, 13.75, 2.25], "texture": "#main"}
			}
		},
		{
			"name": "body_2nd_layer",
			"from": [4, 10.45446, 7.60659],
			"to": [12, 16.96446, 12.60659],
			"rotation": {"angle": -22.5, "axis": "x", "origin": [8, 5.44696, 10.10659]},
			"faces": {
				"north": {"uv": [13.25, 2.25, 13.75, 2.625], "texture": "#main"},
				"east": {"uv": [13, 2.25, 13.25, 2.625], "texture": "#main"},
				"south": {"uv": [14, 2.25, 14.5, 2.625], "texture": "#main"},
				"west": {"uv": [13.75, 2.25, 14, 2.625], "texture": "#main"},
				"up": {"uv": [13.75, 2.25, 13.25, 2], "texture": "#main"},
				"down": {"uv": [14.25, 2, 13.75, 2.25], "texture": "#main"}
			}
		},
		{
			"name": "right_arm",
			"from": [0, 5, 8],
			"to": [4, 11, 12],
			"rotation": {"angle": -22.5, "axis": "x", "origin": [2.0025, 10.49838, 9.47817]},
			"faces": {
				"north": {"uv": [15, 1.625, 14.75, 2], "texture": "#main"},
				"east": {"uv": [15.25, 1.625, 15, 2], "texture": "#main"},
				"south": {"uv": [15.5, 1.625, 15.25, 2], "texture": "#main"},
				"west": {"uv": [14.75, 1.625, 14.5, 2], "texture": "#main"},
				"up": {"uv": [14.75, 1.25, 15, 1], "texture": "#main"},
				"down": {"uv": [15, 1, 15.25, 1.25], "texture": "#main"}
			}
		},
		{
			"name": "right_arm",
			"from": [0, 9.99676, 8],
			"to": [4, 15.99676, 12],
			"rotation": {"angle": -45, "axis": "x", "origin": [2.0025, 10.49838, 9.47817]},
			"faces": {
				"north": {"uv": [15, 1.25, 14.75, 1.625], "texture": "#main"},
				"east": {"uv": [15.25, 1.25, 15, 1.625], "texture": "#main"},
				"south": {"uv": [15.5, 1.25, 15.25, 1.625], "texture": "#main"},
				"west": {"uv": [14.75, 1.25, 14.5, 1.625], "texture": "#main"},
				"up": {"uv": [14.75, 1.25, 15, 1], "texture": "#main"},
				"down": {"uv": [15, 1, 15.25, 1.25], "texture": "#main"}
			}
		},
		{
			"name": "right_arm_2nd_layer",
			"from": [-0.49, 4.5, 7.5],
			"to": [4.5, 11, 12.5],
			"rotation": {"angle": -22.5, "axis": "x", "origin": [2.0025, 10.49838, 9.47817]},
			"faces": {
				"north": {"uv": [15, 2.625, 14.75, 3], "texture": "#main"},
				"east": {"uv": [15.25, 2.625, 15, 3], "texture": "#main"},
				"south": {"uv": [15.5, 2.625, 15.25, 3], "texture": "#main"},
				"west": {"uv": [14.75, 2.625, 14.5, 3], "texture": "#main"},
				"up": {"uv": [14.75, 2.25, 15, 2], "texture": "#main"},
				"down": {"uv": [15, 2, 15.25, 2.25], "texture": "#main"}
			}
		},
		{
			"name": "right_arm_2nd_layer",
			"from": [-0.49, 9.99676, 7.5],
			"to": [4.5, 16.49676, 12.5],
			"rotation": {"angle": -45, "axis": "x", "origin": [2.0025, 10.49838, 9.47817]},
			"faces": {
				"north": {"uv": [15, 2.25, 14.75, 2.625], "texture": "#main"},
				"east": {"uv": [15.25, 2.25, 15, 2.625], "texture": "#main"},
				"south": {"uv": [15.5, 2.25, 15.25, 2.625], "texture": "#main"},
				"west": {"uv": [14.75, 2.25, 14.5, 2.625], "texture": "#main"},
				"up": {"uv": [14.75, 2.25, 15, 2], "texture": "#main"},
				"down": {"uv": [15, 2, 15.25, 2.25], "texture": "#main"}
			}
		},
		{
			"name": "right_leg_2nd_layer",
			"from": [7.5, -7.5, 5.5],
			"to": [12.5, -1, 10.5],
			"rotation": {"angle": 22.5, "axis": "x", "origin": [10, 3, 8]},
			"faces": {
				"north": {"uv": [12.25, 2.625, 12.5, 3], "texture": "#main"},
				"east": {"uv": [12, 2.625, 12.25, 3], "texture": "#main"},
				"south": {"uv": [12.75, 2.625, 13, 3], "texture": "#main"},
				"west": {"uv": [12.5, 2.625, 12.75, 3], "texture": "#main"},
				"up": {"uv": [12.5, 2.25, 12.25, 2], "texture": "#main"},
				"down": {"uv": [12.75, 2, 12.5, 2.25], "texture": "#main"}
			}
		},
		{
			"name": "left_leg_2nd_layer",
			"from": [3.5, -7.5, 5.5],
			"to": [8.5, -1, 10.5],
			"rotation": {"angle": -22.5, "axis": "x", "origin": [6, 5, 8]},
			"faces": {
				"north": {"uv": [12.25, 3.625, 12.5, 4], "texture": "#main"},
				"east": {"uv": [12, 3.625, 12.25, 4], "texture": "#main"},
				"south": {"uv": [12.75, 3.625, 13, 4], "texture": "#main"},
				"west": {"uv": [12.5, 3.625, 12.75, 4], "texture": "#main"},
				"up": {"uv": [12.5, 3, 12.25, 2.75], "texture": "#main"},
				"down": {"uv": [12.75, 3, 12.5, 3.25], "texture": "#main"}
			}
		},
		{
			"name": "right_leg_2nd_layer",
			"from": [7.5, -1, 5.5],
			"to": [12.5, 5.5, 10.5],
			"rotation": {"angle": 22.5, "axis": "x", "origin": [10, 3, 8]},
			"faces": {
				"north": {"uv": [12.25, 2.25, 12.5, 2.625], "texture": "#main"},
				"east": {"uv": [12, 2.25, 12.25, 2.625], "texture": "#main"},
				"south": {"uv": [12.75, 2.25, 13, 2.625], "texture": "#main"},
				"west": {"uv": [12.5, 2.25, 12.75, 2.625], "texture": "#main"},
				"up": {"uv": [12.5, 2.25, 12.25, 2], "texture": "#main"},
				"down": {"uv": [12.75, 2, 12.5, 2.25], "texture": "#main"}
			}
		},
		{
			"name": "left_leg_2nd_layer",
			"from": [3.5, -1, 5.5],
			"to": [8.5, 5.5, 10.5],
			"rotation": {"angle": -22.5, "axis": "x", "origin": [6, 5, 8]},
			"faces": {
				"north": {"uv": [12.25, 3.25, 12.5, 3.625], "texture": "#main"},
				"east": {"uv": [12, 3.25, 12.25, 3.625], "texture": "#main"},
				"south": {"uv": [12.75, 3.25, 13, 3.625], "texture": "#main"},
				"west": {"uv": [12.5, 3.25, 12.75, 3.625], "texture": "#main"},
				"up": {"uv": [12.5, 3, 12.25, 2.75], "texture": "#main"},
				"down": {"uv": [12.75, 3, 12.5, 3.25], "texture": "#main"}
			}
		},
		{
			"name": "head",
			"from": [4, 10.59599, 0.34599],
			"to": [12, 18.59599, 8.34599],
			"rotation": {"angle": 22.5, "axis": "x", "origin": [7.9512, 21.34599, 8]},
			"faces": {
				"north": {"uv": [13, 0.5, 12.5, 0], "rotation": 180, "texture": "#main"},
				"east": {"uv": [12, 0.5, 12.5, 1], "rotation": 90, "texture": "#main"},
				"south": {"uv": [13.5, 0, 13, 0.5], "texture": "#main"},
				"west": {"uv": [13, 0.5, 13.5, 1], "rotation": 270, "texture": "#main"},
				"up": {"uv": [13.5, 0.5, 14, 1], "texture": "#main"},
				"down": {"uv": [12.5, 0.5, 13, 1], "rotation": 180, "texture": "#main"}
			}
		},
		{
			"name": "head_2nd_layer",
			"from": [3.5, 10.09599, -0.15401],
			"to": [12.5, 19.09599, 8.84599],
			"rotation": {"angle": 22.5, "axis": "x", "origin": [7.9512, 21.34599, 8]},
			"faces": {
				"north": {"uv": [15, 0.5, 14.5, 0], "rotation": 180, "texture": "#main"},
				"east": {"uv": [14, 0.5, 14.5, 1], "rotation": 90, "texture": "#main"},
				"south": {"uv": [15.5, 0, 15, 0.5], "texture": "#main"},
				"west": {"uv": [15, 0.5, 15.5, 1], "rotation": 270, "texture": "#main"},
				"up": {"uv": [15.5, 0.5, 16, 1], "texture": "#main"},
				"down": {"uv": [14.5, 0.5, 15, 1], "rotation": 180, "texture": "#main"}
			}
		},
		{
			"from": [3.22123, 9.59599, 2.02305],
			"to": [12.47123, 19.59599, 3.77305],
			"rotation": {"angle": 22.5, "axis": "x", "origin": [7.9512, 21.34599, 8]},
			"faces": {
				"north": {"uv": [12.5, 0, 13, 0.4375], "rotation": 180, "texture": "#main"},
				"east": {"uv": [12.5625, 0.3125, 13, 0.4375], "rotation": 90, "texture": "#main"},
				"south": {"uv": [12.5625, 0.3125, 13, 0.4375], "texture": "#main"},
				"west": {"uv": [12.5625, 0.3125, 13, 0.4375], "rotation": 270, "texture": "#main"},
				"up": {"uv": [12.5625, 0.3125, 13, 0.4375], "texture": "#main"},
				"down": {"uv": [12.5625, 0.3125, 13, 0.4375], "rotation": 180, "texture": "#main"}
			}
		},
		{
			"from": [3.72123, 19.57294, -1.75],
			"to": [4.97123, 26.32294, 1.25],
			"rotation": {"angle": -22.5, "axis": "x", "origin": [7.9512, 21.34599, 8]},
			"faces": {
				"north": {"uv": [12.5625, 0.3125, 13, 0.4375], "texture": "#main"},
				"east": {"uv": [12.5625, 0.3125, 13, 0.4375], "texture": "#main"},
				"south": {"uv": [12.5625, 0.3125, 13, 0.4375], "texture": "#main"},
				"west": {"uv": [12.5625, 0.3125, 13, 0.4375], "texture": "#main"},
				"up": {"uv": [12.5, 0, 13, 0.4375], "texture": "#main"},
				"down": {"uv": [12.5625, 0.3125, 13, 0.4375], "texture": "#main"}
			}
		},
		{
			"name": "right_arm",
			"from": [11.99, 3.83782, 6.64656],
			"to": [15.99, 9.83782, 10.64656],
			"rotation": {"angle": 45, "axis": "x", "origin": [25.41619, 14.10304, 7.07599]},
			"faces": {
				"north": {"uv": [14.75, 1.625, 15, 2], "texture": "#main"},
				"east": {"uv": [14.5, 1.625, 14.75, 2], "texture": "#main"},
				"south": {"uv": [15.25, 1.625, 15.5, 2], "texture": "#main"},
				"west": {"uv": [15, 1.625, 15.25, 2], "texture": "#main"},
				"up": {"uv": [15, 1.25, 14.75, 1], "texture": "#main"},
				"down": {"uv": [15.25, 1, 15, 1.25], "texture": "#main"}
			}
		},
		{
			"name": "right_arm",
			"from": [11.99, 9.60403, 4.48882],
			"to": [15.99, 15.60403, 8.48882],
			"rotation": {"angle": 22.5, "axis": "x", "origin": [25.41619, 13.86925, 4.91826]},
			"faces": {
				"north": {"uv": [14.75, 1.25, 15, 1.625], "texture": "#main"},
				"east": {"uv": [14.5, 1.25, 14.75, 1.625], "texture": "#main"},
				"south": {"uv": [15.25, 1.25, 15.5, 1.625], "texture": "#main"},
				"west": {"uv": [15, 1.25, 15.25, 1.625], "texture": "#main"},
				"up": {"uv": [15, 1.25, 14.75, 1], "texture": "#main"},
				"down": {"uv": [15.25, 1, 15, 1.25], "texture": "#main"}
			}
		},
		{
			"name": "right_arm_2nd_layer",
			"from": [11.99, 9.60403, 3.98882],
			"to": [16.98, 16.10403, 8.98882],
			"rotation": {"angle": 22.5, "axis": "x", "origin": [25.41619, 13.86925, 4.91826]},
			"faces": {
				"north": {"uv": [14.75, 2.25, 15, 2.625], "texture": "#main"},
				"east": {"uv": [14.5, 2.25, 14.75, 2.625], "texture": "#main"},
				"south": {"uv": [15.25, 2.25, 15.5, 2.625], "texture": "#main"},
				"west": {"uv": [15, 2.25, 15.25, 2.625], "texture": "#main"},
				"up": {"uv": [15, 2.25, 14.75, 2], "texture": "#main"},
				"down": {"uv": [15.25, 2, 15, 2.25], "texture": "#main"}
			}
		},
		{
			"name": "right_arm_2nd_layer",
			"from": [11.99, 3.33782, 6.14656],
			"to": [16.98, 9.83782, 11.14656],
			"rotation": {"angle": 45, "axis": "x", "origin": [25.41619, 14.10304, 7.07599]},
			"faces": {
				"north": {"uv": [14.75, 2.625, 15, 3], "texture": "#main"},
				"east": {"uv": [14.5, 2.625, 14.75, 3], "texture": "#main"},
				"south": {"uv": [15.25, 2.625, 15.5, 3], "texture": "#main"},
				"west": {"uv": [15, 2.625, 15.25, 3], "texture": "#main"},
				"up": {"uv": [15, 2.25, 14.75, 2], "texture": "#main"},
				"down": {"uv": [15.25, 2, 15, 2.25], "texture": "#main"}
			}
		},
		{
			"name": "requiem_0",
			"from": [13.99, 9.18905, -3.11061],
			"to": [14.49, 11.68905, -0.61061],
			"rotation": {"angle": 0, "axis": "x", "origin": [25.41619, 14.10304, 7.07599]},
			"faces": {
				"north": {"uv": [8.9375, 0.0625, 8.625, 0.125], "rotation": 90, "texture": "#main"},
				"east": {"uv": [8.625, 0.375, 8.9375, 0.0625], "rotation": 270, "texture": "#main"},
				"south": {"uv": [8.625, 0.3125, 8.9375, 0.375], "rotation": 270, "texture": "#main"},
				"west": {"uv": [8.625, 0.0625, 8.9375, 0.375], "rotation": 270, "texture": "#main"},
				"up": {"uv": [8.875, 0.0625, 8.9375, 0.375], "texture": "#main"},
				"down": {"uv": [8.625, 0.0625, 8.6875, 0.375], "rotation": 180, "texture": "#main"}
			}
		},
		{
			"name": "requiem_1",
			"from": [13.99, 8.18905, -2.61061],
			"to": [14.49, 9.18905, -1.11061],
			"rotation": {"angle": 0, "axis": "x", "origin": [25.41619, 14.10304, 7.07599]},
			"faces": {
				"north": {"uv": [8.625, 0.125, 8.5, 0.1875], "rotation": 90, "texture": "#main"},
				"east": {"uv": [8.5, 0.3125, 8.625, 0.125], "rotation": 270, "texture": "#main"},
				"south": {"uv": [8.5, 0.25, 8.625, 0.3125], "rotation": 270, "texture": "#main"},
				"west": {"uv": [8.5, 0.125, 8.625, 0.3125], "rotation": 270, "texture": "#main"},
				"up": {"uv": [8.5625, 0.125, 8.625, 0.3125], "texture": "#main"},
				"down": {"uv": [8.5, 0.125, 8.5625, 0.3125], "rotation": 180, "texture": "#main"}
			}
		},
		{
			"name": "requiem_2",
			"from": [13.99, 7.18905, -2.11061],
			"to": [14.49, 8.18905, -1.11061],
			"rotation": {"angle": 0, "axis": "x", "origin": [25.41619, 14.10304, 7.07599]},
			"faces": {
				"north": {"uv": [8.5, 0.1875, 8.4375, 0.25], "rotation": 90, "texture": "#main"},
				"east": {"uv": [8.4375, 0.3125, 8.5, 0.1875], "rotation": 270, "texture": "#main"},
				"south": {"uv": [8.4375, 0.25, 8.5, 0.3125], "rotation": 270, "texture": "#main"},
				"west": {"uv": [8.4375, 0.1875, 8.5, 0.3125], "rotation": 270, "texture": "#main"},
				"up": {"uv": [8.4375, 0.1875, 8.5, 0.3125], "texture": "#main"},
				"down": {"uv": [8.4375, 0.1875, 8.5, 0.3125], "rotation": 180, "texture": "#main"}
			}
		},
		{
			"name": "requiem_3",
			"from": [13.99, 6.68905, -1.61061],
			"to": [14.49, 7.18905, -1.11061],
			"rotation": {"angle": 0, "axis": "x", "origin": [25.41619, 14.10304, 7.07599]},
			"faces": {
				"north": {"uv": [8.4375, 0.25, 8.375, 0.3125], "rotation": 90, "texture": "#main"},
				"east": {"uv": [8.375, 0.3125, 8.4375, 0.25], "rotation": 270, "texture": "#main"},
				"south": {"uv": [8.375, 0.25, 8.4375, 0.3125], "rotation": 270, "texture": "#main"},
				"west": {"uv": [8.375, 0.25, 8.4375, 0.3125], "rotation": 270, "texture": "#main"},
				"up": {"uv": [8.375, 0.25, 8.4375, 0.3125], "texture": "#main"},
				"down": {"uv": [8.375, 0.25, 8.4375, 0.3125], "rotation": 180, "texture": "#main"}
			}
		},
		{
			"name": "requiem_4",
			"from": [13.99, 8.68905, -1.11061],
			"to": [14.49, 9.18905, 0.38939],
			"rotation": {"angle": 0, "axis": "x", "origin": [25.41619, 14.10304, 7.07599]},
			"faces": {
				"north": {"uv": [8.625, 0.3125, 8.5625, 0.375], "rotation": 90, "texture": "#main"},
				"east": {"uv": [8.5625, 0.5, 8.625, 0.3125], "rotation": 270, "texture": "#main"},
				"south": {"uv": [8.5625, 0.4375, 8.625, 0.5], "rotation": 270, "texture": "#main"},
				"west": {"uv": [8.5625, 0.3125, 8.625, 0.5], "rotation": 270, "texture": "#main"},
				"up": {"uv": [8.5625, 0.3125, 8.625, 0.5], "texture": "#main"},
				"down": {"uv": [8.5625, 0.3125, 8.625, 0.5], "rotation": 180, "texture": "#main"}
			}
		},
		{
			"name": "requiem_5",
			"from": [13.99, 8.18905, -0.61061],
			"to": [14.49, 8.68905, 0.88939],
			"rotation": {"angle": 0, "axis": "x", "origin": [25.41619, 14.10304, 7.07599]},
			"faces": {
				"north": {"uv": [8.5625, 0.375, 8.5, 0.4375], "rotation": 90, "texture": "#main"},
				"east": {"uv": [8.5, 0.5625, 8.5625, 0.375], "rotation": 270, "texture": "#main"},
				"south": {"uv": [8.5, 0.5, 8.5625, 0.5625], "rotation": 270, "texture": "#main"},
				"west": {"uv": [8.5, 0.375, 8.5625, 0.5625], "rotation": 270, "texture": "#main"},
				"up": {"uv": [8.5, 0.375, 8.5625, 0.5625], "texture": "#main"},
				"down": {"uv": [8.5, 0.375, 8.5625, 0.5625], "rotation": 180, "texture": "#main"}
			}
		},
		{
			"name": "requiem_6",
			"from": [13.99, 7.68905, -0.11061],
			"to": [14.49, 8.18905, 1.38939],
			"rotation": {"angle": 0, "axis": "x", "origin": [25.41619, 14.10304, 7.07599]},
			"faces": {
				"north": {"uv": [8.5625, 0.375, 8.5, 0.4375], "rotation": 90, "texture": "#main"},
				"east": {"uv": [8.5, 0.5625, 8.5625, 0.375], "rotation": 270, "texture": "#main"},
				"south": {"uv": [8.5, 0.5, 8.5625, 0.5625], "rotation": 270, "texture": "#main"},
				"west": {"uv": [8.5, 0.375, 8.5625, 0.5625], "rotation": 270, "texture": "#main"},
				"up": {"uv": [8.5, 0.375, 8.5625, 0.5625], "texture": "#main"},
				"down": {"uv": [8.5, 0.375, 8.5625, 0.5625], "rotation": 180, "texture": "#main"}
			}
		},
		{
			"name": "requiem_7",
			"from": [13.99, 6.18905, 1.38939],
			"to": [14.49, 6.68905, 2.88939],
			"rotation": {"angle": 0, "axis": "x", "origin": [25.41619, 14.10304, 7.07599]},
			"faces": {
				"north": {"uv": [8.5625, 0.375, 8.5, 0.4375], "rotation": 90, "texture": "#main"},
				"east": {"uv": [8.5, 0.5625, 8.5625, 0.375], "rotation": 270, "texture": "#main"},
				"south": {"uv": [8.5, 0.5, 8.5625, 0.5625], "rotation": 270, "texture": "#main"},
				"west": {"uv": [8.5, 0.375, 8.5625, 0.5625], "rotation": 270, "texture": "#main"},
				"up": {"uv": [8.5, 0.375, 8.5625, 0.5625], "texture": "#main"},
				"down": {"uv": [8.5, 0.375, 8.5625, 0.5625], "rotation": 180, "texture": "#main"}
			}
		},
		{
			"name": "requiem_6",
			"from": [13.99, 6.68905, 0.88939],
			"to": [14.49, 7.18905, 2.38939],
			"rotation": {"angle": 0, "axis": "x", "origin": [25.41619, 14.10304, 7.07599]},
			"faces": {
				"north": {"uv": [8.5625, 0.375, 8.5, 0.4375], "rotation": 90, "texture": "#main"},
				"east": {"uv": [8.5, 0.5625, 8.5625, 0.375], "rotation": 270, "texture": "#main"},
				"south": {"uv": [8.5, 0.5, 8.5625, 0.5625], "rotation": 270, "texture": "#main"},
				"west": {"uv": [8.5, 0.375, 8.5625, 0.5625], "rotation": 270, "texture": "#main"},
				"up": {"uv": [8.5, 0.375, 8.5625, 0.5625], "texture": "#main"},
				"down": {"uv": [8.5, 0.375, 8.5625, 0.5625], "rotation": 180, "texture": "#main"}
			}
		},
		{
			"name": "requiem_7",
			"from": [13.99, 5.68905, 1.88939],
			"to": [14.49, 6.18905, 3.38939],
			"rotation": {"angle": 0, "axis": "x", "origin": [25.41619, 14.10304, 7.07599]},
			"faces": {
				"north": {"uv": [8.5625, 0.375, 8.5, 0.4375], "rotation": 90, "texture": "#main"},
				"east": {"uv": [8.5, 0.5625, 8.5625, 0.375], "rotation": 270, "texture": "#main"},
				"south": {"uv": [8.5, 0.5, 8.5625, 0.5625], "rotation": 270, "texture": "#main"},
				"west": {"uv": [8.5, 0.375, 8.5625, 0.5625], "rotation": 270, "texture": "#main"},
				"up": {"uv": [8.5, 0.375, 8.5625, 0.5625], "texture": "#main"},
				"down": {"uv": [8.5, 0.375, 8.5625, 0.5625], "rotation": 180, "texture": "#main"}
			}
		},
		{
			"name": "requiem_8",
			"from": [13.99, 5.18905, 2.38939],
			"to": [14.49, 5.68905, 3.88939],
			"rotation": {"angle": 0, "axis": "x", "origin": [25.41619, 14.10304, 7.07599]},
			"faces": {
				"north": {"uv": [8.5625, 0.375, 8.5, 0.4375], "rotation": 90, "texture": "#main"},
				"east": {"uv": [8.5, 0.5625, 8.5625, 0.375], "rotation": 270, "texture": "#main"},
				"south": {"uv": [8.5, 0.5, 8.5625, 0.5625], "rotation": 270, "texture": "#main"},
				"west": {"uv": [8.5, 0.375, 8.5625, 0.5625], "rotation": 270, "texture": "#main"},
				"up": {"uv": [8.5, 0.375, 8.5625, 0.5625], "texture": "#main"},
				"down": {"uv": [8.5, 0.375, 8.5625, 0.5625], "rotation": 180, "texture": "#main"}
			}
		},
		{
			"name": "requiem_5",
			"from": [13.99, 7.18905, 0.38939],
			"to": [14.49, 7.68905, 1.88939],
			"rotation": {"angle": 0, "axis": "x", "origin": [25.41619, 14.10304, 7.07599]},
			"faces": {
				"north": {"uv": [8.625, 0.3125, 8.5625, 0.375], "rotation": 90, "texture": "#main"},
				"east": {"uv": [8.5625, 0.5, 8.625, 0.3125], "rotation": 270, "texture": "#main"},
				"south": {"uv": [8.5625, 0.4375, 8.625, 0.5], "rotation": 270, "texture": "#main"},
				"west": {"uv": [8.5625, 0.3125, 8.625, 0.5], "rotation": 270, "texture": "#main"},
				"up": {"uv": [8.5625, 0.3125, 8.625, 0.5], "texture": "#main"},
				"down": {"uv": [8.5625, 0.3125, 8.625, 0.5], "rotation": 180, "texture": "#main"}
			}
		},
		{
			"name": "requiem_6",
			"from": [13.99, 9.18905, -0.61061],
			"to": [14.49, 11.18905, -0.11061],
			"rotation": {"angle": 0, "axis": "x", "origin": [25.41619, 14.10304, 7.07599]},
			"faces": {
				"north": {"uv": [8.875, 0.375, 8.625, 0.4375], "rotation": 90, "texture": "#main"},
				"east": {"uv": [8.625, 0.4375, 8.875, 0.375], "rotation": 270, "texture": "#main"},
				"south": {"uv": [8.625, 0.375, 8.875, 0.4375], "rotation": 270, "texture": "#main"},
				"west": {"uv": [8.625, 0.375, 8.875, 0.4375], "rotation": 270, "texture": "#main"},
				"up": {"uv": [8.8125, 0.375, 8.875, 0.4375], "texture": "#main"},
				"down": {"uv": [8.625, 0.375, 8.6875, 0.4375], "rotation": 180, "texture": "#main"}
			}
		},
		{
			"name": "requiem_8",
			"from": [13.99, 9.68905, -0.11061],
			"to": [14.49, 10.68905, 0.88939],
			"rotation": {"angle": 0, "axis": "x", "origin": [25.41619, 14.10304, 7.07599]},
			"faces": {
				"north": {"uv": [8.8125, 0.4375, 8.6875, 0.5], "rotation": 90, "texture": "#main"},
				"east": {"uv": [8.6875, 0.5625, 8.8125, 0.4375], "rotation": 270, "texture": "#main"},
				"south": {"uv": [8.6875, 0.5, 8.8125, 0.5625], "rotation": 270, "texture": "#main"},
				"west": {"uv": [8.6875, 0.4375, 8.8125, 0.5625], "rotation": 270, "texture": "#main"},
				"up": {"uv": [8.75, 0.4375, 8.8125, 0.5625], "texture": "#main"},
				"down": {"uv": [8.6875, 0.4375, 8.75, 0.5625], "rotation": 180, "texture": "#main"}
			}
		},
		{
			"name": "requiem_9",
			"from": [13.99, 10.68905, -0.11061],
			"to": [14.49, 11.18905, 0.38939],
			"rotation": {"angle": 0, "axis": "x", "origin": [25.41619, 14.10304, 7.07599]},
			"faces": {
				"north": {"uv": [8.875, 0.4375, 8.8125, 0.5], "rotation": 90, "texture": "#main"},
				"east": {"uv": [8.8125, 0.5, 8.875, 0.4375], "rotation": 270, "texture": "#main"},
				"south": {"uv": [8.8125, 0.4375, 8.875, 0.5], "rotation": 270, "texture": "#main"},
				"west": {"uv": [8.8125, 0.4375, 8.875, 0.5], "rotation": 270, "texture": "#main"},
				"up": {"uv": [8.8125, 0.4375, 8.875, 0.5], "texture": "#main"},
				"down": {"uv": [8.8125, 0.4375, 8.875, 0.5], "rotation": 180, "texture": "#main"}
			}
		},
		{
			"name": "requiem_12",
			"from": [13.99, 9.68905, 0.88939],
			"to": [14.49, 10.18905, 1.38939],
			"rotation": {"angle": 0, "axis": "x", "origin": [25.41619, 14.10304, 7.07599]},
			"faces": {
				"north": {"uv": [8.75, 0.5625, 8.6875, 0.625], "rotation": 90, "texture": "#main"},
				"east": {"uv": [8.6875, 0.625, 8.75, 0.5625], "rotation": 270, "texture": "#main"},
				"south": {"uv": [8.6875, 0.5625, 8.75, 0.625], "rotation": 270, "texture": "#main"},
				"west": {"uv": [8.6875, 0.5625, 8.75, 0.625], "rotation": 270, "texture": "#main"},
				"up": {"uv": [8.6875, 0.5625, 8.75, 0.625], "texture": "#main"},
				"down": {"uv": [8.6875, 0.5625, 8.75, 0.625], "rotation": 180, "texture": "#main"}
			}
		},
		{
			"name": "requiem_16",
			"from": [13.99, 4.68905, 2.88939],
			"to": [14.49, 5.18905, 3.88939],
			"rotation": {"angle": 0, "axis": "x", "origin": [25.41619, 14.10304, 7.07599]},
			"faces": {
				"north": {"uv": [8.125, 0.8125, 8.0625, 0.875], "rotation": 90, "texture": "#main"},
				"east": {"uv": [8.0625, 0.9375, 8.125, 0.8125], "rotation": 270, "texture": "#main"},
				"south": {"uv": [8.0625, 0.875, 8.125, 0.9375], "rotation": 270, "texture": "#main"},
				"west": {"uv": [8.0625, 0.8125, 8.125, 0.9375], "rotation": 270, "texture": "#main"},
				"up": {"uv": [8.0625, 0.8125, 8.125, 0.9375], "texture": "#main"},
				"down": {"uv": [8.0625, 0.8125, 8.125, 0.9375], "rotation": 180, "texture": "#main"}
			}
		},
		{
			"name": "body",
			"from": [4, 5, 6],
			"to": [12, 11, 10],
			"rotation": {"angle": 0, "axis": "x", "origin": [8, 6.0125, 8]},
			"faces": {
				"north": {"uv": [5.25, 9.625, 5.75, 10], "texture": "#main"},
				"east": {"uv": [5, 9.625, 5.25, 10], "texture": "#main"},
				"south": {"uv": [6, 9.625, 6.5, 10], "texture": "#main"},
				"west": {"uv": [5.75, 9.625, 6, 10], "texture": "#main"},
				"up": {"uv": [5.75, 9.25, 5.25, 9], "texture": "#main"},
				"down": {"uv": [6.25, 9, 5.75, 9.25], "texture": "#main"}
			}
		},
		{
			"name": "body",
			"from": [4, 10.61428, 8.06087],
			"to": [12, 16.61428, 12.06087],
			"rotation": {"angle": -22.5, "axis": "x", "origin": [8, 5.62678, 10.06087]},
			"faces": {
				"north": {"uv": [5.25, 9.25, 5.75, 9.625], "texture": "#main"},
				"east": {"uv": [5, 9.25, 5.25, 9.625], "texture": "#main"},
				"south": {"uv": [6, 9.25, 6.5, 9.625], "texture": "#main"},
				"west": {"uv": [5.75, 9.25, 6, 9.625], "texture": "#main"},
				"up": {"uv": [5.75, 9.25, 5.25, 9], "texture": "#main"},
				"down": {"uv": [6.25, 9, 5.75, 9.25], "texture": "#main"}
			}
		},
		{
			"name": "body_2nd_layer",
			"from": [4, 4.52, 5.5],
			"to": [12, 11.03, 10.5],
			"rotation": {"angle": 0, "axis": "x", "origin": [8, 6.0125, 8]},
			"faces": {
				"north": {"uv": [5.25, 10.625, 5.75, 11], "texture": "#main"},
				"east": {"uv": [5, 10.625, 5.25, 11], "texture": "#main"},
				"south": {"uv": [6, 10.625, 6.5, 11], "texture": "#main"},
				"west": {"uv": [5.75, 10.625, 6, 11], "texture": "#main"},
				"up": {"uv": [5.75, 10.25, 5.25, 10], "texture": "#main"},
				"down": {"uv": [6.25, 10, 5.75, 10.25], "texture": "#main"}
			}
		},
		{
			"name": "body_2nd_layer",
			"from": [4, 10.45446, 7.60659],
			"to": [12, 16.96446, 12.60659],
			"rotation": {"angle": -22.5, "axis": "x", "origin": [8, 5.44696, 10.10659]},
			"faces": {
				"north": {"uv": [5.25, 10.25, 5.75, 10.625], "texture": "#main"},
				"east": {"uv": [5, 10.25, 5.25, 10.625], "texture": "#main"},
				"south": {"uv": [6, 10.25, 6.5, 10.625], "texture": "#main"},
				"west": {"uv": [5.75, 10.25, 6, 10.625], "texture": "#main"},
				"up": {"uv": [5.75, 10.25, 5.25, 10], "texture": "#main"},
				"down": {"uv": [6.25, 10, 5.75, 10.25], "texture": "#main"}
			}
		},
		{
			"name": "head",
			"from": [4, 10.59599, 0.34599],
			"to": [12, 18.59599, 8.34599],
			"rotation": {"angle": 22.5, "axis": "x", "origin": [7.9512, 21.34599, 8]},
			"faces": {
				"north": {"uv": [5, 8.5, 4.5, 8], "rotation": 180, "texture": "#main"},
				"east": {"uv": [4, 8.5, 4.5, 9], "rotation": 90, "texture": "#main"},
				"south": {"uv": [5.5, 8, 5, 8.5], "texture": "#main"},
				"west": {"uv": [5, 8.5, 5.5, 9], "rotation": 270, "texture": "#main"},
				"up": {"uv": [5.5, 8.5, 6, 9], "texture": "#main"},
				"down": {"uv": [4.5, 8.5, 5, 9], "rotation": 180, "texture": "#main"}
			}
		},
		{
			"name": "head_2nd_layer",
			"from": [3.5, 10.09599, -0.15401],
			"to": [12.5, 19.09599, 8.84599],
			"rotation": {"angle": 22.5, "axis": "x", "origin": [7.9512, 21.34599, 8]},
			"faces": {
				"north": {"uv": [7, 8.5, 6.5, 8], "rotation": 180, "texture": "#main"},
				"east": {"uv": [6, 8.5, 6.5, 9], "rotation": 90, "texture": "#main"},
				"south": {"uv": [7.5, 8, 7, 8.5], "texture": "#main"},
				"west": {"uv": [7, 8.5, 7.5, 9], "rotation": 270, "texture": "#main"},
				"up": {"uv": [7.5, 8.5, 8, 9], "texture": "#main"},
				"down": {"uv": [6.5, 8.5, 7, 9], "rotation": 180, "texture": "#main"}
			}
		},
		{
			"from": [3.22123, 9.59599, 2.02305],
			"to": [12.47123, 19.59599, 3.77305],
			"rotation": {"angle": 22.5, "axis": "x", "origin": [7.9512, 21.34599, 8]},
			"faces": {
				"north": {"uv": [4.5, 8, 5, 8.4375], "rotation": 180, "texture": "#main"},
				"east": {"uv": [4.5625, 8.3125, 5, 8.4375], "rotation": 90, "texture": "#main"},
				"south": {"uv": [4.5625, 8.3125, 5, 8.4375], "texture": "#main"},
				"west": {"uv": [4.5625, 8.3125, 5, 8.4375], "rotation": 270, "texture": "#main"},
				"up": {"uv": [4.5625, 8.3125, 5, 8.4375], "texture": "#main"},
				"down": {"uv": [4.5625, 8.3125, 5, 8.4375], "rotation": 180, "texture": "#main"}
			}
		},
		{
			"from": [3.72123, 19.57294, -1.75],
			"to": [4.97123, 26.32294, 1.25],
			"rotation": {"angle": -22.5, "axis": "x", "origin": [7.9512, 21.34599, 8]},
			"faces": {
				"north": {"uv": [4.5625, 8.3125, 5, 8.4375], "texture": "#main"},
				"east": {"uv": [4.5625, 8.3125, 5, 8.4375], "texture": "#main"},
				"south": {"uv": [4.5625, 8.3125, 5, 8.4375], "texture": "#main"},
				"west": {"uv": [4.5625, 8.3125, 5, 8.4375], "texture": "#main"},
				"up": {"uv": [4.5, 8, 5, 8.4375], "texture": "#main"},
				"down": {"uv": [4.5625, 8.3125, 5, 8.4375], "texture": "#main"}
			}
		},
		{
			"name": "requiem_0",
			"from": [13.64706, 6.43905, 0.63939],
			"to": [14.14706, 8.93905, 3.13939],
			"rotation": {"angle": -45, "axis": "x", "origin": [13.91619, 7.69891, 4.0313]},
			"faces": {
				"north": {"uv": [0.9375, 8.0625, 0.625, 8.125], "rotation": 90, "texture": "#main"},
				"east": {"uv": [0.625, 8.375, 0.9375, 8.0625], "rotation": 270, "texture": "#main"},
				"south": {"uv": [0.625, 8.3125, 0.9375, 8.375], "rotation": 270, "texture": "#main"},
				"west": {"uv": [0.625, 8.0625, 0.9375, 8.375], "rotation": 270, "texture": "#main"},
				"up": {"uv": [0.875, 8.0625, 0.9375, 8.375], "texture": "#main"},
				"down": {"uv": [0.625, 8.0625, 0.6875, 8.375], "rotation": 180, "texture": "#main"}
			}
		},
		{
			"name": "requiem_1",
			"from": [13.64706, 5.43905, 1.13939],
			"to": [14.14706, 6.43905, 2.63939],
			"rotation": {"angle": -45, "axis": "x", "origin": [13.91619, 7.69891, 4.0313]},
			"faces": {
				"north": {"uv": [0.625, 8.125, 0.5, 8.1875], "rotation": 90, "texture": "#main"},
				"east": {"uv": [0.5, 8.3125, 0.625, 8.125], "rotation": 270, "texture": "#main"},
				"south": {"uv": [0.5, 8.25, 0.625, 8.3125], "rotation": 270, "texture": "#main"},
				"west": {"uv": [0.5, 8.125, 0.625, 8.3125], "rotation": 270, "texture": "#main"},
				"up": {"uv": [0.5625, 8.125, 0.625, 8.3125], "texture": "#main"},
				"down": {"uv": [0.5, 8.125, 0.5625, 8.3125], "rotation": 180, "texture": "#main"}
			}
		},
		{
			"name": "requiem_2",
			"from": [13.64706, 4.43905, 1.63939],
			"to": [14.14706, 5.43905, 2.63939],
			"rotation": {"angle": -45, "axis": "x", "origin": [13.91619, 7.69891, 4.0313]},
			"faces": {
				"north": {"uv": [0.5, 8.1875, 0.4375, 8.25], "rotation": 90, "texture": "#main"},
				"east": {"uv": [0.4375, 8.3125, 0.5, 8.1875], "rotation": 270, "texture": "#main"},
				"south": {"uv": [0.4375, 8.25, 0.5, 8.3125], "rotation": 270, "texture": "#main"},
				"west": {"uv": [0.4375, 8.1875, 0.5, 8.3125], "rotation": 270, "texture": "#main"},
				"up": {"uv": [0.4375, 8.1875, 0.5, 8.3125], "texture": "#main"},
				"down": {"uv": [0.4375, 8.1875, 0.5, 8.3125], "rotation": 180, "texture": "#main"}
			}
		},
		{
			"name": "requiem_3",
			"from": [13.64706, 3.93905, 2.13939],
			"to": [14.14706, 4.43905, 2.63939],
			"rotation": {"angle": -45, "axis": "x", "origin": [13.91619, 7.69891, 4.0313]},
			"faces": {
				"north": {"uv": [0.4375, 8.25, 0.375, 8.3125], "rotation": 90, "texture": "#main"},
				"east": {"uv": [0.375, 8.3125, 0.4375, 8.25], "rotation": 270, "texture": "#main"},
				"south": {"uv": [0.375, 8.25, 0.4375, 8.3125], "rotation": 270, "texture": "#main"},
				"west": {"uv": [0.375, 8.25, 0.4375, 8.3125], "rotation": 270, "texture": "#main"},
				"up": {"uv": [0.375, 8.25, 0.4375, 8.3125], "texture": "#main"},
				"down": {"uv": [0.375, 8.25, 0.4375, 8.3125], "rotation": 180, "texture": "#main"}
			}
		},
		{
			"name": "requiem_4",
			"from": [13.64706, 5.93905, 2.63939],
			"to": [14.14706, 6.43905, 4.13939],
			"rotation": {"angle": -45, "axis": "x", "origin": [13.91619, 7.69891, 4.0313]},
			"faces": {
				"north": {"uv": [0.625, 8.3125, 0.5625, 8.375], "rotation": 90, "texture": "#main"},
				"east": {"uv": [0.5625, 8.5, 0.625, 8.3125], "rotation": 270, "texture": "#main"},
				"south": {"uv": [0.5625, 8.4375, 0.625, 8.5], "rotation": 270, "texture": "#main"},
				"west": {"uv": [0.5625, 8.3125, 0.625, 8.5], "rotation": 270, "texture": "#main"},
				"up": {"uv": [0.5625, 8.3125, 0.625, 8.5], "texture": "#main"},
				"down": {"uv": [0.5625, 8.3125, 0.625, 8.5], "rotation": 180, "texture": "#main"}
			}
		},
		{
			"name": "requiem_5",
			"from": [13.64706, 5.43905, 3.13939],
			"to": [14.14706, 5.93905, 4.63939],
			"rotation": {"angle": -45, "axis": "x", "origin": [13.91619, 7.69891, 4.0313]},
			"faces": {
				"north": {"uv": [0.5625, 8.375, 0.5, 8.4375], "rotation": 90, "texture": "#main"},
				"east": {"uv": [0.5, 8.5625, 0.5625, 8.375], "rotation": 270, "texture": "#main"},
				"south": {"uv": [0.5, 8.5, 0.5625, 8.5625], "rotation": 270, "texture": "#main"},
				"west": {"uv": [0.5, 8.375, 0.5625, 8.5625], "rotation": 270, "texture": "#main"},
				"up": {"uv": [0.5, 8.375, 0.5625, 8.5625], "texture": "#main"},
				"down": {"uv": [0.5, 8.375, 0.5625, 8.5625], "rotation": 180, "texture": "#main"}
			}
		},
		{
			"name": "requiem_6",
			"from": [13.64706, 4.93905, 3.63939],
			"to": [14.14706, 5.43905, 5.13939],
			"rotation": {"angle": -45, "axis": "x", "origin": [13.91619, 7.69891, 4.0313]},
			"faces": {
				"north": {"uv": [0.5625, 8.375, 0.5, 8.4375], "rotation": 90, "texture": "#main"},
				"east": {"uv": [0.5, 8.5625, 0.5625, 8.375], "rotation": 270, "texture": "#main"},
				"south": {"uv": [0.5, 8.5, 0.5625, 8.5625], "rotation": 270, "texture": "#main"},
				"west": {"uv": [0.5, 8.375, 0.5625, 8.5625], "rotation": 270, "texture": "#main"},
				"up": {"uv": [0.5, 8.375, 0.5625, 8.5625], "texture": "#main"},
				"down": {"uv": [0.5, 8.375, 0.5625, 8.5625], "rotation": 180, "texture": "#main"}
			}
		},
		{
			"name": "requiem_7",
			"from": [13.64706, 3.43905, 5.13939],
			"to": [14.14706, 3.93905, 6.63939],
			"rotation": {"angle": -45, "axis": "x", "origin": [13.91619, 7.69891, 4.0313]},
			"faces": {
				"north": {"uv": [0.5625, 8.375, 0.5, 8.4375], "rotation": 90, "texture": "#main"},
				"east": {"uv": [0.5, 8.5625, 0.5625, 8.375], "rotation": 270, "texture": "#main"},
				"south": {"uv": [0.5, 8.5, 0.5625, 8.5625], "rotation": 270, "texture": "#main"},
				"west": {"uv": [0.5, 8.375, 0.5625, 8.5625], "rotation": 270, "texture": "#main"},
				"up": {"uv": [0.5, 8.375, 0.5625, 8.5625], "texture": "#main"},
				"down": {"uv": [0.5, 8.375, 0.5625, 8.5625], "rotation": 180, "texture": "#main"}
			}
		},
		{
			"name": "requiem_6",
			"from": [13.64706, 3.93905, 4.63939],
			"to": [14.14706, 4.43905, 6.13939],
			"rotation": {"angle": -45, "axis": "x", "origin": [13.91619, 7.69891, 4.0313]},
			"faces": {
				"north": {"uv": [0.5625, 8.375, 0.5, 8.4375], "rotation": 90, "texture": "#main"},
				"east": {"uv": [0.5, 8.5625, 0.5625, 8.375], "rotation": 270, "texture": "#main"},
				"south": {"uv": [0.5, 8.5, 0.5625, 8.5625], "rotation": 270, "texture": "#main"},
				"west": {"uv": [0.5, 8.375, 0.5625, 8.5625], "rotation": 270, "texture": "#main"},
				"up": {"uv": [0.5, 8.375, 0.5625, 8.5625], "texture": "#main"},
				"down": {"uv": [0.5, 8.375, 0.5625, 8.5625], "rotation": 180, "texture": "#main"}
			}
		},
		{
			"name": "requiem_7",
			"from": [13.64706, 2.93905, 5.63939],
			"to": [14.14706, 3.43905, 7.13939],
			"rotation": {"angle": -45, "axis": "x", "origin": [13.91619, 7.69891, 4.0313]},
			"faces": {
				"north": {"uv": [0.5625, 8.375, 0.5, 8.4375], "rotation": 90, "texture": "#main"},
				"east": {"uv": [0.5, 8.5625, 0.5625, 8.375], "rotation": 270, "texture": "#main"},
				"south": {"uv": [0.5, 8.5, 0.5625, 8.5625], "rotation": 270, "texture": "#main"},
				"west": {"uv": [0.5, 8.375, 0.5625, 8.5625], "rotation": 270, "texture": "#main"},
				"up": {"uv": [0.5, 8.375, 0.5625, 8.5625], "texture": "#main"},
				"down": {"uv": [0.5, 8.375, 0.5625, 8.5625], "rotation": 180, "texture": "#main"}
			}
		},
		{
			"name": "requiem_8",
			"from": [13.64706, 2.43905, 6.13939],
			"to": [14.14706, 2.93905, 7.63939],
			"rotation": {"angle": -45, "axis": "x", "origin": [13.91619, 7.69891, 4.0313]},
			"faces": {
				"north": {"uv": [0.5625, 8.375, 0.5, 8.4375], "rotation": 90, "texture": "#main"},
				"east": {"uv": [0.5, 8.5625, 0.5625, 8.375], "rotation": 270, "texture": "#main"},
				"south": {"uv": [0.5, 8.5, 0.5625, 8.5625], "rotation": 270, "texture": "#main"},
				"west": {"uv": [0.5, 8.375, 0.5625, 8.5625], "rotation": 270, "texture": "#main"},
				"up": {"uv": [0.5, 8.375, 0.5625, 8.5625], "texture": "#main"},
				"down": {"uv": [0.5, 8.375, 0.5625, 8.5625], "rotation": 180, "texture": "#main"}
			}
		},
		{
			"name": "requiem_5",
			"from": [13.64706, 4.43905, 4.13939],
			"to": [14.14706, 4.93905, 5.63939],
			"rotation": {"angle": -45, "axis": "x", "origin": [13.91619, 7.69891, 4.0313]},
			"faces": {
				"north": {"uv": [0.625, 8.3125, 0.5625, 8.375], "rotation": 90, "texture": "#main"},
				"east": {"uv": [0.5625, 8.5, 0.625, 8.3125], "rotation": 270, "texture": "#main"},
				"south": {"uv": [0.5625, 8.4375, 0.625, 8.5], "rotation": 270, "texture": "#main"},
				"west": {"uv": [0.5625, 8.3125, 0.625, 8.5], "rotation": 270, "texture": "#main"},
				"up": {"uv": [0.5625, 8.3125, 0.625, 8.5], "texture": "#main"},
				"down": {"uv": [0.5625, 8.3125, 0.625, 8.5], "rotation": 180, "texture": "#main"}
			}
		},
		{
			"name": "requiem_6",
			"from": [13.64706, 6.43905, 3.13939],
			"to": [14.14706, 8.43905, 3.63939],
			"rotation": {"angle": -45, "axis": "x", "origin": [13.91619, 7.69891, 4.0313]},
			"faces": {
				"north": {"uv": [0.875, 8.375, 0.625, 8.4375], "rotation": 90, "texture": "#main"},
				"east": {"uv": [0.625, 8.4375, 0.875, 8.375], "rotation": 270, "texture": "#main"},
				"south": {"uv": [0.625, 8.375, 0.875, 8.4375], "rotation": 270, "texture": "#main"},
				"west": {"uv": [0.625, 8.375, 0.875, 8.4375], "rotation": 270, "texture": "#main"},
				"up": {"uv": [0.8125, 8.375, 0.875, 8.4375], "texture": "#main"},
				"down": {"uv": [0.625, 8.375, 0.6875, 8.4375], "rotation": 180, "texture": "#main"}
			}
		},
		{
			"name": "requiem_8",
			"from": [13.64706, 6.93905, 3.63939],
			"to": [14.14706, 7.93905, 4.63939],
			"rotation": {"angle": -45, "axis": "x", "origin": [13.91619, 7.69891, 4.0313]},
			"faces": {
				"north": {"uv": [0.8125, 8.4375, 0.6875, 8.5], "rotation": 90, "texture": "#main"},
				"east": {"uv": [0.6875, 8.5625, 0.8125, 8.4375], "rotation": 270, "texture": "#main"},
				"south": {"uv": [0.6875, 8.5, 0.8125, 8.5625], "rotation": 270, "texture": "#main"},
				"west": {"uv": [0.6875, 8.4375, 0.8125, 8.5625], "rotation": 270, "texture": "#main"},
				"up": {"uv": [0.75, 8.4375, 0.8125, 8.5625], "texture": "#main"},
				"down": {"uv": [0.6875, 8.4375, 0.75, 8.5625], "rotation": 180, "texture": "#main"}
			}
		},
		{
			"name": "requiem_9",
			"from": [13.64706, 7.93905, 3.63939],
			"to": [14.14706, 8.43905, 4.13939],
			"rotation": {"angle": -45, "axis": "x", "origin": [13.91619, 7.69891, 4.0313]},
			"faces": {
				"north": {"uv": [0.875, 8.4375, 0.8125, 8.5], "rotation": 90, "texture": "#main"},
				"east": {"uv": [0.8125, 8.5, 0.875, 8.4375], "rotation": 270, "texture": "#main"},
				"south": {"uv": [0.8125, 8.4375, 0.875, 8.5], "rotation": 270, "texture": "#main"},
				"west": {"uv": [0.8125, 8.4375, 0.875, 8.5], "rotation": 270, "texture": "#main"},
				"up": {"uv": [0.8125, 8.4375, 0.875, 8.5], "texture": "#main"},
				"down": {"uv": [0.8125, 8.4375, 0.875, 8.5], "rotation": 180, "texture": "#main"}
			}
		},
		{
			"name": "requiem_12",
			"from": [13.64706, 6.93905, 4.63939],
			"to": [14.14706, 7.43905, 5.13939],
			"rotation": {"angle": -45, "axis": "x", "origin": [13.91619, 7.69891, 4.0313]},
			"faces": {
				"north": {"uv": [0.75, 8.5625, 0.6875, 8.625], "rotation": 90, "texture": "#main"},
				"east": {"uv": [0.6875, 8.625, 0.75, 8.5625], "rotation": 270, "texture": "#main"},
				"south": {"uv": [0.6875, 8.5625, 0.75, 8.625], "rotation": 270, "texture": "#main"},
				"west": {"uv": [0.6875, 8.5625, 0.75, 8.625], "rotation": 270, "texture": "#main"},
				"up": {"uv": [0.6875, 8.5625, 0.75, 8.625], "texture": "#main"},
				"down": {"uv": [0.6875, 8.5625, 0.75, 8.625], "rotation": 180, "texture": "#main"}
			}
		},
		{
			"name": "requiem_16",
			"from": [13.64706, 1.93905, 6.63939],
			"to": [14.14706, 2.43905, 7.63939],
			"rotation": {"angle": -45, "axis": "x", "origin": [13.91619, 7.69891, 4.0313]},
			"faces": {
				"north": {"uv": [0.125, 8.8125, 0.0625, 8.875], "rotation": 90, "texture": "#main"},
				"east": {"uv": [0.0625, 8.9375, 0.125, 8.8125], "rotation": 270, "texture": "#main"},
				"south": {"uv": [0.0625, 8.875, 0.125, 8.9375], "rotation": 270, "texture": "#main"},
				"west": {"uv": [0.0625, 8.8125, 0.125, 8.9375], "rotation": 270, "texture": "#main"},
				"up": {"uv": [0.0625, 8.8125, 0.125, 8.9375], "texture": "#main"},
				"down": {"uv": [0.0625, 8.8125, 0.125, 8.9375], "rotation": 180, "texture": "#main"}
			}
		},
		{
			"name": "right_arm",
			"from": [12, 4, 5],
			"to": [16, 16, 9],
			"faces": {
				"north": {"uv": [6.75, 9.25, 7, 10], "texture": "#main"},
				"east": {"uv": [6.5, 9.25, 6.75, 10], "texture": "#main"},
				"south": {"uv": [7.25, 9.25, 7.5, 10], "texture": "#main"},
				"west": {"uv": [7, 9.25, 7.25, 10], "texture": "#main"},
				"up": {"uv": [7, 9.25, 6.75, 9], "texture": "#main"},
				"down": {"uv": [7.25, 9, 7, 9.25], "texture": "#main"}
			}
		},
		{
			"name": "left_arm",
			"from": [0, 4, 5],
			"to": [4, 16, 9],
			"faces": {
				"north": {"uv": [6.25, 11.25, 6.5, 12], "texture": "#main"},
				"east": {"uv": [6, 11.25, 6.25, 12], "texture": "#main"},
				"south": {"uv": [6.75, 11.25, 7, 12], "texture": "#main"},
				"west": {"uv": [6.5, 11.25, 6.75, 12], "texture": "#main"},
				"up": {"uv": [6.5, 11.25, 6.25, 11], "texture": "#main"},
				"down": {"uv": [6.75, 11, 6.5, 11.25], "texture": "#main"}
			}
		},
		{
			"name": "right_leg",
			"from": [8, -7, 6],
			"to": [12, 5, 10],
			"faces": {
				"north": {"uv": [4.25, 9.25, 4.5, 10], "texture": "#main"},
				"east": {"uv": [4, 9.25, 4.25, 10], "texture": "#main"},
				"south": {"uv": [4.75, 9.25, 5, 10], "texture": "#main"},
				"west": {"uv": [4.5, 9.25, 4.75, 10], "texture": "#main"},
				"up": {"uv": [4.5, 9.25, 4.25, 9], "texture": "#main"},
				"down": {"uv": [4.75, 9, 4.5, 9.25], "texture": "#main"}
			}
		},
		{
			"name": "left_leg",
			"from": [4, -7, 6],
			"to": [8, 5, 10],
			"faces": {
				"north": {"uv": [5.25, 11.25, 5.5, 12], "texture": "#main"},
				"east": {"uv": [5, 11.25, 5.25, 12], "texture": "#main"},
				"south": {"uv": [5.75, 11.25, 6, 12], "texture": "#main"},
				"west": {"uv": [5.5, 11.25, 5.75, 12], "texture": "#main"},
				"up": {"uv": [5.5, 11.25, 5.25, 11], "texture": "#main"},
				"down": {"uv": [5.75, 11, 5.5, 11.25], "texture": "#main"}
			}
		},
		{
			"name": "right_arm_2nd_layer",
			"from": [11.5, 3.5, 4.5],
			"to": [16.49, 16.5, 9.5],
			"faces": {
				"north": {"uv": [6.75, 10.25, 7, 11], "texture": "#main"},
				"east": {"uv": [6.5, 10.25, 6.75, 11], "texture": "#main"},
				"south": {"uv": [7.25, 10.25, 7.5, 11], "texture": "#main"},
				"west": {"uv": [7, 10.25, 7.25, 11], "texture": "#main"},
				"up": {"uv": [7, 10.25, 6.75, 10], "texture": "#main"},
				"down": {"uv": [7.25, 10, 7, 10.25], "texture": "#main"}
			}
		},
		{
			"name": "left_arm_2nd_layer",
			"from": [-0.5, 3.5, 4.5],
			"to": [4.5, 16.5, 9.5],
			"faces": {
				"north": {"uv": [7.25, 11.25, 7.5, 12], "texture": "#main"},
				"east": {"uv": [7, 11.25, 7.25, 12], "texture": "#main"},
				"south": {"uv": [7.75, 11.25, 8, 12], "texture": "#main"},
				"west": {"uv": [7.5, 11.25, 7.75, 12], "texture": "#main"},
				"up": {"uv": [7.5, 11.25, 7.25, 11], "texture": "#main"},
				"down": {"uv": [7.75, 11, 7.5, 11.25], "texture": "#main"}
			}
		},
		{
			"name": "right_leg_2nd_layer",
			"from": [7.5, -7.5, 5.5],
			"to": [12.5, 5.5, 10.5],
			"faces": {
				"north": {"uv": [4.25, 10.25, 4.5, 11], "texture": "#main"},
				"east": {"uv": [4, 10.25, 4.25, 11], "texture": "#main"},
				"south": {"uv": [4.75, 10.25, 5, 11], "texture": "#main"},
				"west": {"uv": [4.5, 10.25, 4.75, 11], "texture": "#main"},
				"up": {"uv": [4.5, 10.25, 4.25, 10], "texture": "#main"},
				"down": {"uv": [4.75, 10, 4.5, 10.25], "texture": "#main"}
			}
		},
		{
			"name": "left_leg_2nd_layer",
			"from": [3.5, -7.5, 5.5],
			"to": [8.5, 5.5, 10.5],
			"faces": {
				"north": {"uv": [4.25, 11.25, 4.5, 12], "texture": "#main"},
				"east": {"uv": [4, 11.25, 4.25, 12], "texture": "#main"},
				"south": {"uv": [4.75, 11.25, 5, 12], "texture": "#main"},
				"west": {"uv": [4.5, 11.25, 4.75, 12], "texture": "#main"},
				"up": {"uv": [4.5, 11, 4.25, 10.75], "texture": "#main"},
				"down": {"uv": [4.75, 11, 4.5, 11.25], "texture": "#main"}
			}
		},
		{
			"name": "body",
			"from": [4, 5, 6],
			"to": [12, 11, 10],
			"rotation": {"angle": 0, "axis": "x", "origin": [8, 6.0125, 8]},
			"faces": {
				"north": {"uv": [13.25, 9.625, 13.75, 10], "texture": "#main"},
				"east": {"uv": [13, 9.625, 13.25, 10], "texture": "#main"},
				"south": {"uv": [14, 9.625, 14.5, 10], "texture": "#main"},
				"west": {"uv": [13.75, 9.625, 14, 10], "texture": "#main"},
				"up": {"uv": [13.75, 9.25, 13.25, 9], "texture": "#main"},
				"down": {"uv": [14.25, 9, 13.75, 9.25], "texture": "#main"}
			}
		},
		{
			"name": "body",
			"from": [4, 10.61428, 8.06087],
			"to": [12, 16.61428, 12.06087],
			"rotation": {"angle": -22.5, "axis": "x", "origin": [8, 5.62678, 10.06087]},
			"faces": {
				"north": {"uv": [13.25, 9.25, 13.75, 9.625], "texture": "#main"},
				"east": {"uv": [13, 9.25, 13.25, 9.625], "texture": "#main"},
				"south": {"uv": [14, 9.25, 14.5, 9.625], "texture": "#main"},
				"west": {"uv": [13.75, 9.25, 14, 9.625], "texture": "#main"},
				"up": {"uv": [13.75, 9.25, 13.25, 9], "texture": "#main"},
				"down": {"uv": [14.25, 9, 13.75, 9.25], "texture": "#main"}
			}
		},
		{
			"name": "right_leg",
			"from": [8, -1, 6],
			"to": [12, 5, 10],
			"rotation": {"angle": -22.5, "axis": "x", "origin": [10, 3, 8]},
			"faces": {
				"north": {"uv": [12.25, 9.25, 12.5, 9.625], "texture": "#main"},
				"east": {"uv": [12, 9.25, 12.25, 9.625], "texture": "#main"},
				"south": {"uv": [12.75, 9.25, 13, 9.625], "texture": "#main"},
				"west": {"uv": [12.5, 9.25, 12.75, 9.625], "texture": "#main"},
				"up": {"uv": [12.5, 9.25, 12.25, 9], "texture": "#main"},
				"down": {"uv": [12.75, 9, 12.5, 9.25], "texture": "#main"}
			}
		},
		{
			"name": "left_leg",
			"from": [4, -1, 6],
			"to": [8, 5, 10],
			"rotation": {"angle": 22.5, "axis": "x", "origin": [6, 5, 8]},
			"faces": {
				"north": {"uv": [13.25, 11.25, 13.5, 11.625], "texture": "#main"},
				"east": {"uv": [13, 11.25, 13.25, 11.625], "texture": "#main"},
				"south": {"uv": [13.75, 11.25, 14, 11.625], "texture": "#main"},
				"west": {"uv": [13.5, 11.25, 13.75, 11.625], "texture": "#main"},
				"up": {"uv": [13.5, 11.25, 13.25, 11], "texture": "#main"},
				"down": {"uv": [13.75, 11, 13.5, 11.25], "texture": "#main"}
			}
		},
		{
			"name": "left_leg",
			"from": [4, -7, 6],
			"to": [8, -1, 10],
			"rotation": {"angle": 22.5, "axis": "x", "origin": [6, 5, 8]},
			"faces": {
				"north": {"uv": [13.25, 11.625, 13.5, 12], "texture": "#main"},
				"east": {"uv": [13, 11.625, 13.25, 12], "texture": "#main"},
				"south": {"uv": [13.75, 11.625, 14, 12], "texture": "#main"},
				"west": {"uv": [13.5, 11.625, 13.75, 12], "texture": "#main"},
				"up": {"uv": [13.5, 11.25, 13.25, 11], "texture": "#main"},
				"down": {"uv": [13.75, 11, 13.5, 11.25], "texture": "#main"}
			}
		},
		{
			"name": "right_leg",
			"from": [8, -7, 6],
			"to": [12, -1, 10],
			"rotation": {"angle": -22.5, "axis": "x", "origin": [10, 3, 8]},
			"faces": {
				"north": {"uv": [12.25, 9.625, 12.5, 10], "texture": "#main"},
				"east": {"uv": [12, 9.625, 12.25, 10], "texture": "#main"},
				"south": {"uv": [12.75, 9.625, 13, 10], "texture": "#main"},
				"west": {"uv": [12.5, 9.625, 12.75, 10], "texture": "#main"},
				"up": {"uv": [12.5, 9.25, 12.25, 9], "texture": "#main"},
				"down": {"uv": [12.75, 9, 12.5, 9.25], "texture": "#main"}
			}
		},
		{
			"name": "body_2nd_layer",
			"from": [4, 4.52, 5.5],
			"to": [12, 11.03, 10.5],
			"rotation": {"angle": 0, "axis": "x", "origin": [8, 6.0125, 8]},
			"faces": {
				"north": {"uv": [13.25, 10.625, 13.75, 11], "texture": "#main"},
				"east": {"uv": [13, 10.625, 13.25, 11], "texture": "#main"},
				"south": {"uv": [14, 10.625, 14.5, 11], "texture": "#main"},
				"west": {"uv": [13.75, 10.625, 14, 11], "texture": "#main"},
				"up": {"uv": [13.75, 10.25, 13.25, 10], "texture": "#main"},
				"down": {"uv": [14.25, 10, 13.75, 10.25], "texture": "#main"}
			}
		},
		{
			"name": "body_2nd_layer",
			"from": [4, 10.45446, 7.60659],
			"to": [12, 16.96446, 12.60659],
			"rotation": {"angle": -22.5, "axis": "x", "origin": [8, 5.44696, 10.10659]},
			"faces": {
				"north": {"uv": [13.25, 10.25, 13.75, 10.625], "texture": "#main"},
				"east": {"uv": [13, 10.25, 13.25, 10.625], "texture": "#main"},
				"south": {"uv": [14, 10.25, 14.5, 10.625], "texture": "#main"},
				"west": {"uv": [13.75, 10.25, 14, 10.625], "texture": "#main"},
				"up": {"uv": [13.75, 10.25, 13.25, 10], "texture": "#main"},
				"down": {"uv": [14.25, 10, 13.75, 10.25], "texture": "#main"}
			}
		},
		{
			"name": "right_arm",
			"from": [0, 5, 4],
			"to": [4, 11, 8],
			"rotation": {"angle": 45, "axis": "x", "origin": [2.0025, 10.49838, 5.47817]},
			"faces": {
				"north": {"uv": [15, 9.625, 14.75, 10], "texture": "#main"},
				"east": {"uv": [15.25, 9.625, 15, 10], "texture": "#main"},
				"south": {"uv": [15.5, 9.625, 15.25, 10], "texture": "#main"},
				"west": {"uv": [14.75, 9.625, 14.5, 10], "texture": "#main"},
				"up": {"uv": [14.75, 9.25, 15, 9], "texture": "#main"},
				"down": {"uv": [15, 9, 15.25, 9.25], "texture": "#main"}
			}
		},
		{
			"name": "right_arm",
			"from": [0, 9.99676, 4],
			"to": [4, 15.99676, 8],
			"rotation": {"angle": 22.5, "axis": "x", "origin": [2.0025, 10.49838, 5.47817]},
			"faces": {
				"north": {"uv": [15, 9.25, 14.75, 9.625], "texture": "#main"},
				"east": {"uv": [15.25, 9.25, 15, 9.625], "texture": "#main"},
				"south": {"uv": [15.5, 9.25, 15.25, 9.625], "texture": "#main"},
				"west": {"uv": [14.75, 9.25, 14.5, 9.625], "texture": "#main"},
				"up": {"uv": [14.75, 9.25, 15, 9], "texture": "#main"},
				"down": {"uv": [15, 9, 15.25, 9.25], "texture": "#main"}
			}
		},
		{
			"name": "right_arm_2nd_layer",
			"from": [-0.49, 4.5, 3.5],
			"to": [4.5, 11, 8.5],
			"rotation": {"angle": 45, "axis": "x", "origin": [2.0025, 10.49838, 5.47817]},
			"faces": {
				"north": {"uv": [15, 10.625, 14.75, 11], "texture": "#main"},
				"east": {"uv": [15.25, 10.625, 15, 11], "texture": "#main"},
				"south": {"uv": [15.5, 10.625, 15.25, 11], "texture": "#main"},
				"west": {"uv": [14.75, 10.625, 14.5, 11], "texture": "#main"},
				"up": {"uv": [14.75, 10.25, 15, 10], "texture": "#main"},
				"down": {"uv": [15, 10, 15.25, 10.25], "texture": "#main"}
			}
		},
		{
			"name": "right_arm_2nd_layer",
			"from": [-0.49, 9.99676, 3.5],
			"to": [4.5, 16.49676, 8.5],
			"rotation": {"angle": 22.5, "axis": "x", "origin": [2.0025, 10.49838, 5.47817]},
			"faces": {
				"north": {"uv": [15, 10.25, 14.75, 10.625], "texture": "#main"},
				"east": {"uv": [15.25, 10.25, 15, 10.625], "texture": "#main"},
				"south": {"uv": [15.5, 10.25, 15.25, 10.625], "texture": "#main"},
				"west": {"uv": [14.75, 10.25, 14.5, 10.625], "texture": "#main"},
				"up": {"uv": [14.75, 10.25, 15, 10], "texture": "#main"},
				"down": {"uv": [15, 10, 15.25, 10.25], "texture": "#main"}
			}
		},
		{
			"name": "right_leg_2nd_layer",
			"from": [7.5, -7.5, 5.5],
			"to": [12.5, -1, 10.5],
			"rotation": {"angle": -22.5, "axis": "x", "origin": [10, 3, 8]},
			"faces": {
				"north": {"uv": [12.25, 10.625, 12.5, 11], "texture": "#main"},
				"east": {"uv": [12, 10.625, 12.25, 11], "texture": "#main"},
				"south": {"uv": [12.75, 10.625, 13, 11], "texture": "#main"},
				"west": {"uv": [12.5, 10.625, 12.75, 11], "texture": "#main"},
				"up": {"uv": [12.5, 10.25, 12.25, 10], "texture": "#main"},
				"down": {"uv": [12.75, 10, 12.5, 10.25], "texture": "#main"}
			}
		},
		{
			"name": "left_leg_2nd_layer",
			"from": [3.5, -7.5, 5.5],
			"to": [8.5, -1, 10.5],
			"rotation": {"angle": 22.5, "axis": "x", "origin": [6, 5, 8]},
			"faces": {
				"north": {"uv": [12.25, 11.625, 12.5, 12], "texture": "#main"},
				"east": {"uv": [12, 11.625, 12.25, 12], "texture": "#main"},
				"south": {"uv": [12.75, 11.625, 13, 12], "texture": "#main"},
				"west": {"uv": [12.5, 11.625, 12.75, 12], "texture": "#main"},
				"up": {"uv": [12.5, 11, 12.25, 10.75], "texture": "#main"},
				"down": {"uv": [12.75, 11, 12.5, 11.25], "texture": "#main"}
			}
		},
		{
			"name": "right_leg_2nd_layer",
			"from": [7.5, -1, 5.5],
			"to": [12.5, 5.5, 10.5],
			"rotation": {"angle": -22.5, "axis": "x", "origin": [10, 3, 8]},
			"faces": {
				"north": {"uv": [12.25, 10.25, 12.5, 10.625], "texture": "#main"},
				"east": {"uv": [12, 10.25, 12.25, 10.625], "texture": "#main"},
				"south": {"uv": [12.75, 10.25, 13, 10.625], "texture": "#main"},
				"west": {"uv": [12.5, 10.25, 12.75, 10.625], "texture": "#main"},
				"up": {"uv": [12.5, 10.25, 12.25, 10], "texture": "#main"},
				"down": {"uv": [12.75, 10, 12.5, 10.25], "texture": "#main"}
			}
		},
		{
			"name": "left_leg_2nd_layer",
			"from": [3.5, -1, 5.5],
			"to": [8.5, 5.5, 10.5],
			"rotation": {"angle": 22.5, "axis": "x", "origin": [6, 5, 8]},
			"faces": {
				"north": {"uv": [12.25, 11.25, 12.5, 11.625], "texture": "#main"},
				"east": {"uv": [12, 11.25, 12.25, 11.625], "texture": "#main"},
				"south": {"uv": [12.75, 11.25, 13, 11.625], "texture": "#main"},
				"west": {"uv": [12.5, 11.25, 12.75, 11.625], "texture": "#main"},
				"up": {"uv": [12.5, 11, 12.25, 10.75], "texture": "#main"},
				"down": {"uv": [12.75, 11, 12.5, 11.25], "texture": "#main"}
			}
		},
		{
			"name": "head",
			"from": [4, 10.59599, 0.34599],
			"to": [12, 18.59599, 8.34599],
			"rotation": {"angle": 22.5, "axis": "x", "origin": [7.9512, 21.34599, 8]},
			"faces": {
				"north": {"uv": [13, 8.5, 12.5, 8], "rotation": 180, "texture": "#main"},
				"east": {"uv": [12, 8.5, 12.5, 9], "rotation": 90, "texture": "#main"},
				"south": {"uv": [13.5, 8, 13, 8.5], "texture": "#main"},
				"west": {"uv": [13, 8.5, 13.5, 9], "rotation": 270, "texture": "#main"},
				"up": {"uv": [13.5, 8.5, 14, 9], "texture": "#main"},
				"down": {"uv": [12.5, 8.5, 13, 9], "rotation": 180, "texture": "#main"}
			}
		},
		{
			"name": "head_2nd_layer",
			"from": [3.5, 10.09599, -0.15401],
			"to": [12.5, 19.09599, 8.84599],
			"rotation": {"angle": 22.5, "axis": "x", "origin": [7.9512, 21.34599, 8]},
			"faces": {
				"north": {"uv": [15, 8.5, 14.5, 8], "rotation": 180, "texture": "#main"},
				"east": {"uv": [14, 8.5, 14.5, 9], "rotation": 90, "texture": "#main"},
				"south": {"uv": [15.5, 8, 15, 8.5], "texture": "#main"},
				"west": {"uv": [15, 8.5, 15.5, 9], "rotation": 270, "texture": "#main"},
				"up": {"uv": [15.5, 8.5, 16, 9], "texture": "#main"},
				"down": {"uv": [14.5, 8.5, 15, 9], "rotation": 180, "texture": "#main"}
			}
		},
		{
			"from": [3.22123, 9.59599, 2.02305],
			"to": [12.47123, 19.59599, 3.77305],
			"rotation": {"angle": 22.5, "axis": "x", "origin": [7.9512, 21.34599, 8]},
			"faces": {
				"north": {"uv": [12.5, 8, 13, 8.4375], "rotation": 180, "texture": "#main"},
				"east": {"uv": [12.5625, 8.3125, 13, 8.4375], "rotation": 90, "texture": "#main"},
				"south": {"uv": [12.5625, 8.3125, 13, 8.4375], "texture": "#main"},
				"west": {"uv": [12.5625, 8.3125, 13, 8.4375], "rotation": 270, "texture": "#main"},
				"up": {"uv": [12.5625, 8.3125, 13, 8.4375], "texture": "#main"},
				"down": {"uv": [12.5625, 8.3125, 13, 8.4375], "rotation": 180, "texture": "#main"}
			}
		},
		{
			"from": [3.72123, 19.57294, -1.75],
			"to": [4.97123, 26.32294, 1.25],
			"rotation": {"angle": -22.5, "axis": "x", "origin": [7.9512, 21.34599, 8]},
			"faces": {
				"north": {"uv": [12.5625, 8.3125, 13, 8.4375], "texture": "#main"},
				"east": {"uv": [12.5625, 8.3125, 13, 8.4375], "texture": "#main"},
				"south": {"uv": [12.5625, 8.3125, 13, 8.4375], "texture": "#main"},
				"west": {"uv": [12.5625, 8.3125, 13, 8.4375], "texture": "#main"},
				"up": {"uv": [12.5, 8, 13, 8.4375], "texture": "#main"},
				"down": {"uv": [12.5625, 8.3125, 13, 8.4375], "texture": "#main"}
			}
		},
		{
			"name": "right_arm",
			"from": [12, 4.52923, 8.70126],
			"to": [16, 10.52923, 12.70126],
			"rotation": {"angle": -22.5, "axis": "x", "origin": [13.91619, 6.69891, 9.0313]},
			"faces": {
				"north": {"uv": [14.75, 9.625, 15, 10], "texture": "#main"},
				"east": {"uv": [14.5, 9.625, 14.75, 10], "texture": "#main"},
				"south": {"uv": [15.25, 9.625, 15.5, 10], "texture": "#main"},
				"west": {"uv": [15, 9.625, 15.25, 10], "texture": "#main"},
				"up": {"uv": [15, 9.25, 14.75, 9], "texture": "#main"},
				"down": {"uv": [15.25, 9, 15, 9.25], "texture": "#main"}
			}
		},
		{
			"name": "right_arm",
			"from": [12, 8.83323, 9.8877],
			"to": [16, 14.83323, 13.8877],
			"rotation": {"angle": -45, "axis": "x", "origin": [13.91619, 6.69891, 9.0313]},
			"faces": {
				"north": {"uv": [14.75, 9.25, 15, 9.625], "texture": "#main"},
				"east": {"uv": [14.5, 9.25, 14.75, 9.625], "texture": "#main"},
				"south": {"uv": [15.25, 9.25, 15.5, 9.625], "texture": "#main"},
				"west": {"uv": [15, 9.25, 15.25, 9.625], "texture": "#main"},
				"up": {"uv": [15, 9.25, 14.75, 9], "texture": "#main"},
				"down": {"uv": [15.25, 9, 15, 9.25], "texture": "#main"}
			}
		},
		{
			"name": "right_arm_2nd_layer",
			"from": [11.5, 8.83323, 9.3877],
			"to": [16.49, 15.33323, 14.3877],
			"rotation": {"angle": -45, "axis": "x", "origin": [13.91619, 6.69891, 9.0313]},
			"faces": {
				"north": {"uv": [14.75, 10.25, 15, 10.625], "texture": "#main"},
				"east": {"uv": [14.5, 10.25, 14.75, 10.625], "texture": "#main"},
				"south": {"uv": [15.25, 10.25, 15.5, 10.625], "texture": "#main"},
				"west": {"uv": [15, 10.25, 15.25, 10.625], "texture": "#main"},
				"up": {"uv": [15, 10.25, 14.75, 10], "texture": "#main"},
				"down": {"uv": [15.25, 10, 15, 10.25], "texture": "#main"}
			}
		},
		{
			"name": "right_arm_2nd_layer",
			"from": [11.5, 4.02923, 8.20126],
			"to": [16.49, 10.52923, 13.20126],
			"rotation": {"angle": -22.5, "axis": "x", "origin": [13.91619, 6.69891, 9.0313]},
			"faces": {
				"north": {"uv": [14.75, 10.625, 15, 11], "texture": "#main"},
				"east": {"uv": [14.5, 10.625, 14.75, 11], "texture": "#main"},
				"south": {"uv": [15.25, 10.625, 15.5, 11], "texture": "#main"},
				"west": {"uv": [15, 10.625, 15.25, 11], "texture": "#main"},
				"up": {"uv": [15, 10.25, 14.75, 10], "texture": "#main"},
				"down": {"uv": [15.25, 10, 15, 10.25], "texture": "#main"}
			}
		},
		{
			"name": "requiem_0",
			"from": [13.64706, 2.307, 5.79115],
			"to": [14.14706, 4.807, 8.29115],
			"rotation": {"angle": 22.5, "axis": "x", "origin": [13.91619, 6.69891, 9.0313]},
			"faces": {
				"north": {"uv": [8.875, 8.0625, 8.9375, 8.375], "rotation": 180, "texture": "#main"},
				"east": {"uv": [8.625, 8.375, 8.9375, 8.0625], "texture": "#main"},
				"south": {"uv": [8.625, 8.0625, 8.6875, 8.375], "rotation": 180, "texture": "#main"},
				"west": {"uv": [8.625, 8.0625, 8.9375, 8.375], "rotation": 180, "texture": "#main"},
				"up": {"uv": [8.625, 8.3125, 8.9375, 8.375], "rotation": 270, "texture": "#main"},
				"down": {"uv": [8.9375, 8.0625, 8.625, 8.125], "rotation": 270, "texture": "#main"}
			}
		},
		{
			"name": "requiem_1",
			"from": [13.64706, 2.807, 8.29115],
			"to": [14.14706, 4.307, 9.29115],
			"rotation": {"angle": 22.5, "axis": "x", "origin": [13.91619, 6.69891, 9.0313]},
			"faces": {
				"north": {"uv": [8.5625, 8.125, 8.625, 8.3125], "rotation": 180, "texture": "#main"},
				"east": {"uv": [8.5, 8.3125, 8.625, 8.125], "texture": "#main"},
				"south": {"uv": [8.5, 8.125, 8.5625, 8.3125], "rotation": 180, "texture": "#main"},
				"west": {"uv": [8.5, 8.125, 8.625, 8.3125], "rotation": 180, "texture": "#main"},
				"up": {"uv": [8.5, 8.25, 8.625, 8.3125], "rotation": 270, "texture": "#main"},
				"down": {"uv": [8.625, 8.125, 8.5, 8.1875], "rotation": 270, "texture": "#main"}
			}
		},
		{
			"name": "requiem_2",
			"from": [13.64706, 3.307, 9.29115],
			"to": [14.14706, 4.307, 10.29115],
			"rotation": {"angle": 22.5, "axis": "x", "origin": [13.91619, 6.69891, 9.0313]},
			"faces": {
				"north": {"uv": [8.4375, 8.1875, 8.5, 8.3125], "rotation": 180, "texture": "#main"},
				"east": {"uv": [8.4375, 8.3125, 8.5, 8.1875], "texture": "#main"},
				"south": {"uv": [8.4375, 8.1875, 8.5, 8.3125], "rotation": 180, "texture": "#main"},
				"west": {"uv": [8.4375, 8.1875, 8.5, 8.3125], "rotation": 180, "texture": "#main"},
				"up": {"uv": [8.4375, 8.25, 8.5, 8.3125], "rotation": 270, "texture": "#main"},
				"down": {"uv": [8.5, 8.1875, 8.4375, 8.25], "rotation": 270, "texture": "#main"}
			}
		},
		{
			"name": "requiem_3",
			"from": [13.64706, 3.807, 10.29115],
			"to": [14.14706, 4.307, 10.79115],
			"rotation": {"angle": 22.5, "axis": "x", "origin": [13.91619, 6.69891, 9.0313]},
			"faces": {
				"north": {"uv": [8.375, 8.25, 8.4375, 8.3125], "rotation": 180, "texture": "#main"},
				"east": {"uv": [8.375, 8.3125, 8.4375, 8.25], "texture": "#main"},
				"south": {"uv": [8.375, 8.25, 8.4375, 8.3125], "rotation": 180, "texture": "#main"},
				"west": {"uv": [8.375, 8.25, 8.4375, 8.3125], "rotation": 180, "texture": "#main"},
				"up": {"uv": [8.375, 8.25, 8.4375, 8.3125], "rotation": 270, "texture": "#main"},
				"down": {"uv": [8.4375, 8.25, 8.375, 8.3125], "rotation": 270, "texture": "#main"}
			}
		},
		{
			"name": "requiem_4",
			"from": [13.64706, 4.307, 8.29115],
			"to": [14.14706, 5.807, 8.79115],
			"rotation": {"angle": 22.5, "axis": "x", "origin": [13.91619, 6.69891, 9.0313]},
			"faces": {
				"north": {"uv": [8.5625, 8.3125, 8.625, 8.5], "rotation": 180, "texture": "#main"},
				"east": {"uv": [8.5625, 8.5, 8.625, 8.3125], "texture": "#main"},
				"south": {"uv": [8.5625, 8.3125, 8.625, 8.5], "rotation": 180, "texture": "#main"},
				"west": {"uv": [8.5625, 8.3125, 8.625, 8.5], "rotation": 180, "texture": "#main"},
				"up": {"uv": [8.5625, 8.4375, 8.625, 8.5], "rotation": 270, "texture": "#main"},
				"down": {"uv": [8.625, 8.3125, 8.5625, 8.375], "rotation": 270, "texture": "#main"}
			}
		},
		{
			"name": "requiem_5",
			"from": [13.64706, 4.807, 8.79115],
			"to": [14.14706, 6.307, 9.29115],
			"rotation": {"angle": 22.5, "axis": "x", "origin": [13.91619, 6.69891, 9.0313]},
			"faces": {
				"north": {"uv": [8.5, 8.375, 8.5625, 8.5625], "rotation": 180, "texture": "#main"},
				"east": {"uv": [8.5, 8.5625, 8.5625, 8.375], "texture": "#main"},
				"south": {"uv": [8.5, 8.375, 8.5625, 8.5625], "rotation": 180, "texture": "#main"},
				"west": {"uv": [8.5, 8.375, 8.5625, 8.5625], "rotation": 180, "texture": "#main"},
				"up": {"uv": [8.5, 8.5, 8.5625, 8.5625], "rotation": 270, "texture": "#main"},
				"down": {"uv": [8.5625, 8.375, 8.5, 8.4375], "rotation": 270, "texture": "#main"}
			}
		},
		{
			"name": "requiem_6",
			"from": [13.64706, 5.307, 9.29115],
			"to": [14.14706, 6.807, 9.79115],
			"rotation": {"angle": 22.5, "axis": "x", "origin": [13.91619, 6.69891, 9.0313]},
			"faces": {
				"north": {"uv": [8.5, 8.375, 8.5625, 8.5625], "rotation": 180, "texture": "#main"},
				"east": {"uv": [8.5, 8.5625, 8.5625, 8.375], "texture": "#main"},
				"south": {"uv": [8.5, 8.375, 8.5625, 8.5625], "rotation": 180, "texture": "#main"},
				"west": {"uv": [8.5, 8.375, 8.5625, 8.5625], "rotation": 180, "texture": "#main"},
				"up": {"uv": [8.5, 8.5, 8.5625, 8.5625], "rotation": 270, "texture": "#main"},
				"down": {"uv": [8.5625, 8.375, 8.5, 8.4375], "rotation": 270, "texture": "#main"}
			}
		},
		{
			"name": "requiem_7",
			"from": [13.64706, 6.807, 10.79115],
			"to": [14.14706, 8.307, 11.29115],
			"rotation": {"angle": 22.5, "axis": "x", "origin": [13.91619, 6.69891, 9.0313]},
			"faces": {
				"north": {"uv": [8.5, 8.375, 8.5625, 8.5625], "rotation": 180, "texture": "#main"},
				"east": {"uv": [8.5, 8.5625, 8.5625, 8.375], "texture": "#main"},
				"south": {"uv": [8.5, 8.375, 8.5625, 8.5625], "rotation": 180, "texture": "#main"},
				"west": {"uv": [8.5, 8.375, 8.5625, 8.5625], "rotation": 180, "texture": "#main"},
				"up": {"uv": [8.5, 8.5, 8.5625, 8.5625], "rotation": 270, "texture": "#main"},
				"down": {"uv": [8.5625, 8.375, 8.5, 8.4375], "rotation": 270, "texture": "#main"}
			}
		},
		{
			"name": "requiem_6",
			"from": [13.64706, 6.307, 10.29115],
			"to": [14.14706, 7.807, 10.79115],
			"rotation": {"angle": 22.5, "axis": "x", "origin": [13.91619, 6.69891, 9.0313]},
			"faces": {
				"north": {"uv": [8.5, 8.375, 8.5625, 8.5625], "rotation": 180, "texture": "#main"},
				"east": {"uv": [8.5, 8.5625, 8.5625, 8.375], "texture": "#main"},
				"south": {"uv": [8.5, 8.375, 8.5625, 8.5625], "rotation": 180, "texture": "#main"},
				"west": {"uv": [8.5, 8.375, 8.5625, 8.5625], "rotation": 180, "texture": "#main"},
				"up": {"uv": [8.5, 8.5, 8.5625, 8.5625], "rotation": 270, "texture": "#main"},
				"down": {"uv": [8.5625, 8.375, 8.5, 8.4375], "rotation": 270, "texture": "#main"}
			}
		},
		{
			"name": "requiem_7",
			"from": [13.64706, 7.307, 11.29115],
			"to": [14.14706, 8.807, 11.79115],
			"rotation": {"angle": 22.5, "axis": "x", "origin": [13.91619, 6.69891, 9.0313]},
			"faces": {
				"north": {"uv": [8.5, 8.375, 8.5625, 8.5625], "rotation": 180, "texture": "#main"},
				"east": {"uv": [8.5, 8.5625, 8.5625, 8.375], "texture": "#main"},
				"south": {"uv": [8.5, 8.375, 8.5625, 8.5625], "rotation": 180, "texture": "#main"},
				"west": {"uv": [8.5, 8.375, 8.5625, 8.5625], "rotation": 180, "texture": "#main"},
				"up": {"uv": [8.5, 8.5, 8.5625, 8.5625], "rotation": 270, "texture": "#main"},
				"down": {"uv": [8.5625, 8.375, 8.5, 8.4375], "rotation": 270, "texture": "#main"}
			}
		},
		{
			"name": "requiem_8",
			"from": [13.64706, 7.807, 11.79115],
			"to": [14.14706, 9.307, 12.29115],
			"rotation": {"angle": 22.5, "axis": "x", "origin": [13.91619, 6.69891, 9.0313]},
			"faces": {
				"north": {"uv": [8.5, 8.375, 8.5625, 8.5625], "rotation": 180, "texture": "#main"},
				"east": {"uv": [8.5, 8.5625, 8.5625, 8.375], "texture": "#main"},
				"south": {"uv": [8.5, 8.375, 8.5625, 8.5625], "rotation": 180, "texture": "#main"},
				"west": {"uv": [8.5, 8.375, 8.5625, 8.5625], "rotation": 180, "texture": "#main"},
				"up": {"uv": [8.5, 8.5, 8.5625, 8.5625], "rotation": 270, "texture": "#main"},
				"down": {"uv": [8.5625, 8.375, 8.5, 8.4375], "rotation": 270, "texture": "#main"}
			}
		},
		{
			"name": "requiem_5",
			"from": [13.64706, 5.807, 9.79115],
			"to": [14.14706, 7.307, 10.29115],
			"rotation": {"angle": 22.5, "axis": "x", "origin": [13.91619, 6.69891, 9.0313]},
			"faces": {
				"north": {"uv": [8.5625, 8.3125, 8.625, 8.5], "rotation": 180, "texture": "#main"},
				"east": {"uv": [8.5625, 8.5, 8.625, 8.3125], "texture": "#main"},
				"south": {"uv": [8.5625, 8.3125, 8.625, 8.5], "rotation": 180, "texture": "#main"},
				"west": {"uv": [8.5625, 8.3125, 8.625, 8.5], "rotation": 180, "texture": "#main"},
				"up": {"uv": [8.5625, 8.4375, 8.625, 8.5], "rotation": 270, "texture": "#main"},
				"down": {"uv": [8.625, 8.3125, 8.5625, 8.375], "rotation": 270, "texture": "#main"}
			}
		},
		{
			"name": "requiem_6",
			"from": [13.64706, 4.807, 6.29115],
			"to": [14.14706, 5.307, 8.29115],
			"rotation": {"angle": 22.5, "axis": "x", "origin": [13.91619, 6.69891, 9.0313]},
			"faces": {
				"north": {"uv": [8.8125, 8.375, 8.875, 8.4375], "rotation": 180, "texture": "#main"},
				"east": {"uv": [8.625, 8.4375, 8.875, 8.375], "texture": "#main"},
				"south": {"uv": [8.625, 8.375, 8.6875, 8.4375], "rotation": 180, "texture": "#main"},
				"west": {"uv": [8.625, 8.375, 8.875, 8.4375], "rotation": 180, "texture": "#main"},
				"up": {"uv": [8.625, 8.375, 8.875, 8.4375], "rotation": 270, "texture": "#main"},
				"down": {"uv": [8.875, 8.375, 8.625, 8.4375], "rotation": 270, "texture": "#main"}
			}
		},
		{
			"name": "requiem_8",
			"from": [13.64706, 5.307, 6.79115],
			"to": [14.14706, 6.307, 7.79115],
			"rotation": {"angle": 22.5, "axis": "x", "origin": [13.91619, 6.69891, 9.0313]},
			"faces": {
				"north": {"uv": [8.75, 8.4375, 8.8125, 8.5625], "rotation": 180, "texture": "#main"},
				"east": {"uv": [8.6875, 8.5625, 8.8125, 8.4375], "texture": "#main"},
				"south": {"uv": [8.6875, 8.4375, 8.75, 8.5625], "rotation": 180, "texture": "#main"},
				"west": {"uv": [8.6875, 8.4375, 8.8125, 8.5625], "rotation": 180, "texture": "#main"},
				"up": {"uv": [8.6875, 8.5, 8.8125, 8.5625], "rotation": 270, "texture": "#main"},
				"down": {"uv": [8.8125, 8.4375, 8.6875, 8.5], "rotation": 270, "texture": "#main"}
			}
		},
		{
			"name": "requiem_9",
			"from": [13.64706, 5.307, 6.29115],
			"to": [14.14706, 5.807, 6.79115],
			"rotation": {"angle": 22.5, "axis": "x", "origin": [13.91619, 6.69891, 9.0313]},
			"faces": {
				"north": {"uv": [8.8125, 8.4375, 8.875, 8.5], "rotation": 180, "texture": "#main"},
				"east": {"uv": [8.8125, 8.5, 8.875, 8.4375], "texture": "#main"},
				"south": {"uv": [8.8125, 8.4375, 8.875, 8.5], "rotation": 180, "texture": "#main"},
				"west": {"uv": [8.8125, 8.4375, 8.875, 8.5], "rotation": 180, "texture": "#main"},
				"up": {"uv": [8.8125, 8.4375, 8.875, 8.5], "rotation": 270, "texture": "#main"},
				"down": {"uv": [8.875, 8.4375, 8.8125, 8.5], "rotation": 270, "texture": "#main"}
			}
		},
		{
			"name": "requiem_12",
			"from": [13.64706, 6.307, 7.29115],
			"to": [14.14706, 6.807, 7.79115],
			"rotation": {"angle": 22.5, "axis": "x", "origin": [13.91619, 6.69891, 9.0313]},
			"faces": {
				"north": {"uv": [8.6875, 8.5625, 8.75, 8.625], "rotation": 180, "texture": "#main"},
				"east": {"uv": [8.6875, 8.625, 8.75, 8.5625], "texture": "#main"},
				"south": {"uv": [8.6875, 8.5625, 8.75, 8.625], "rotation": 180, "texture": "#main"},
				"west": {"uv": [8.6875, 8.5625, 8.75, 8.625], "rotation": 180, "texture": "#main"},
				"up": {"uv": [8.6875, 8.5625, 8.75, 8.625], "rotation": 270, "texture": "#main"},
				"down": {"uv": [8.75, 8.5625, 8.6875, 8.625], "rotation": 270, "texture": "#main"}
			}
		},
		{
			"name": "requiem_16",
			"from": [13.64706, 8.307, 12.29115],
			"to": [14.14706, 9.307, 12.79115],
			"rotation": {"angle": 22.5, "axis": "x", "origin": [13.91619, 6.69891, 9.0313]},
			"faces": {
				"north": {"uv": [8.0625, 8.8125, 8.125, 8.9375], "rotation": 180, "texture": "#main"},
				"east": {"uv": [8.0625, 8.9375, 8.125, 8.8125], "texture": "#main"},
				"south": {"uv": [8.0625, 8.8125, 8.125, 8.9375], "rotation": 180, "texture": "#main"},
				"west": {"uv": [8.0625, 8.8125, 8.125, 8.9375], "rotation": 180, "texture": "#main"},
				"up": {"uv": [8.0625, 8.875, 8.125, 8.9375], "rotation": 270, "texture": "#main"},
				"down": {"uv": [8.125, 8.8125, 8.0625, 8.875], "rotation": 270, "texture": "#main"}
			}
		},
		{
			"name": "body",
			"from": [4, 5, 6],
			"to": [12, 11, 10],
			"rotation": {"angle": 0, "axis": "x", "origin": [8, 6.0125, 8]},
			"faces": {
				"north": {"uv": [5.25, 1.625, 5.75, 2], "texture": "#main"},
				"east": {"uv": [5, 1.625, 5.25, 2], "texture": "#main"},
				"south": {"uv": [6, 1.625, 6.5, 2], "texture": "#main"},
				"west": {"uv": [5.75, 1.625, 6, 2], "texture": "#main"},
				"up": {"uv": [5.75, 1.25, 5.25, 1], "texture": "#main"},
				"down": {"uv": [6.25, 1, 5.75, 1.25], "texture": "#main"}
			}
		},
		{
			"name": "body",
			"from": [4, 10.61428, 8.06087],
			"to": [12, 16.61428, 12.06087],
			"rotation": {"angle": -22.5, "axis": "x", "origin": [8, 5.62678, 10.06087]},
			"faces": {
				"north": {"uv": [5.25, 1.25, 5.75, 1.625], "texture": "#main"},
				"east": {"uv": [5, 1.25, 5.25, 1.625], "texture": "#main"},
				"south": {"uv": [6, 1.25, 6.5, 1.625], "texture": "#main"},
				"west": {"uv": [5.75, 1.25, 6, 1.625], "texture": "#main"},
				"up": {"uv": [5.75, 1.25, 5.25, 1], "texture": "#main"},
				"down": {"uv": [6.25, 1, 5.75, 1.25], "texture": "#main"}
			}
		},
		{
			"name": "body_2nd_layer",
			"from": [4, 4.52, 5.5],
			"to": [12, 11.03, 10.5],
			"rotation": {"angle": 0, "axis": "x", "origin": [8, 6.0125, 8]},
			"faces": {
				"north": {"uv": [5.25, 2.625, 5.75, 3], "texture": "#main"},
				"east": {"uv": [5, 2.625, 5.25, 3], "texture": "#main"},
				"south": {"uv": [6, 2.625, 6.5, 3], "texture": "#main"},
				"west": {"uv": [5.75, 2.625, 6, 3], "texture": "#main"},
				"up": {"uv": [5.75, 2.25, 5.25, 2], "texture": "#main"},
				"down": {"uv": [6.25, 2, 5.75, 2.25], "texture": "#main"}
			}
		},
		{
			"name": "body_2nd_layer",
			"from": [4, 10.45446, 7.60659],
			"to": [12, 16.96446, 12.60659],
			"rotation": {"angle": -22.5, "axis": "x", "origin": [8, 5.44696, 10.10659]},
			"faces": {
				"north": {"uv": [5.25, 2.25, 5.75, 2.625], "texture": "#main"},
				"east": {"uv": [5, 2.25, 5.25, 2.625], "texture": "#main"},
				"south": {"uv": [6, 2.25, 6.5, 2.625], "texture": "#main"},
				"west": {"uv": [5.75, 2.25, 6, 2.625], "texture": "#main"},
				"up": {"uv": [5.75, 2.25, 5.25, 2], "texture": "#main"},
				"down": {"uv": [6.25, 2, 5.75, 2.25], "texture": "#main"}
			}
		},
		{
			"name": "head",
			"from": [4, 10.59599, 0.34599],
			"to": [12, 18.59599, 8.34599],
			"rotation": {"angle": 22.5, "axis": "x", "origin": [7.9512, 21.34599, 8]},
			"faces": {
				"north": {"uv": [5, 0.5, 4.5, 0], "rotation": 180, "texture": "#main"},
				"east": {"uv": [4, 0.5, 4.5, 1], "rotation": 90, "texture": "#main"},
				"south": {"uv": [5.5, 0, 5, 0.5], "texture": "#main"},
				"west": {"uv": [5, 0.5, 5.5, 1], "rotation": 270, "texture": "#main"},
				"up": {"uv": [5.5, 0.5, 6, 1], "texture": "#main"},
				"down": {"uv": [4.5, 0.5, 5, 1], "rotation": 180, "texture": "#main"}
			}
		},
		{
			"name": "head_2nd_layer",
			"from": [3.5, 10.09599, -0.15401],
			"to": [12.5, 19.09599, 8.84599],
			"rotation": {"angle": 22.5, "axis": "x", "origin": [7.9512, 21.34599, 8]},
			"faces": {
				"north": {"uv": [7, 0.5, 6.5, 0], "rotation": 180, "texture": "#main"},
				"east": {"uv": [6, 0.5, 6.5, 1], "rotation": 90, "texture": "#main"},
				"south": {"uv": [7.5, 0, 7, 0.5], "texture": "#main"},
				"west": {"uv": [7, 0.5, 7.5, 1], "rotation": 270, "texture": "#main"},
				"up": {"uv": [7.5, 0.5, 8, 1], "texture": "#main"},
				"down": {"uv": [6.5, 0.5, 7, 1], "rotation": 180, "texture": "#main"}
			}
		},
		{
			"from": [3.22123, 9.59599, 2.02305],
			"to": [12.47123, 19.59599, 3.77305],
			"rotation": {"angle": 22.5, "axis": "x", "origin": [7.9512, 21.34599, 8]},
			"faces": {
				"north": {"uv": [4.5, 0, 5, 0.4375], "rotation": 180, "texture": "#main"},
				"east": {"uv": [4.5625, 0.3125, 5, 0.4375], "rotation": 90, "texture": "#main"},
				"south": {"uv": [4.5625, 0.3125, 5, 0.4375], "texture": "#main"},
				"west": {"uv": [4.5625, 0.3125, 5, 0.4375], "rotation": 270, "texture": "#main"},
				"up": {"uv": [4.5625, 0.3125, 5, 0.4375], "texture": "#main"},
				"down": {"uv": [4.5625, 0.3125, 5, 0.4375], "rotation": 180, "texture": "#main"}
			}
		},
		{
			"from": [3.72123, 19.57294, -1.75],
			"to": [4.97123, 26.32294, 1.25],
			"rotation": {"angle": -22.5, "axis": "x", "origin": [7.9512, 21.34599, 8]},
			"faces": {
				"north": {"uv": [4.5625, 0.3125, 5, 0.4375], "texture": "#main"},
				"east": {"uv": [4.5625, 0.3125, 5, 0.4375], "texture": "#main"},
				"south": {"uv": [4.5625, 0.3125, 5, 0.4375], "texture": "#main"},
				"west": {"uv": [4.5625, 0.3125, 5, 0.4375], "texture": "#main"},
				"up": {"uv": [4.5, 0, 5, 0.4375], "texture": "#main"},
				"down": {"uv": [4.5625, 0.3125, 5, 0.4375], "texture": "#main"}
			}
		},
		{
			"name": "requiem_0",
			"from": [13.64706, 6.43905, 0.63939],
			"to": [14.14706, 8.93905, 3.13939],
			"rotation": {"angle": -45, "axis": "x", "origin": [13.91619, 7.69891, 4.0313]},
			"faces": {
				"north": {"uv": [0.9375, 0.0625, 0.625, 0.125], "rotation": 90, "texture": "#main"},
				"east": {"uv": [0.625, 0.375, 0.9375, 0.0625], "rotation": 270, "texture": "#main"},
				"south": {"uv": [0.625, 0.3125, 0.9375, 0.375], "rotation": 270, "texture": "#main"},
				"west": {"uv": [0.625, 0.0625, 0.9375, 0.375], "rotation": 270, "texture": "#main"},
				"up": {"uv": [0.875, 0.0625, 0.9375, 0.375], "texture": "#main"},
				"down": {"uv": [0.625, 0.0625, 0.6875, 0.375], "rotation": 180, "texture": "#main"}
			}
		},
		{
			"name": "requiem_1",
			"from": [13.64706, 5.43905, 1.13939],
			"to": [14.14706, 6.43905, 2.63939],
			"rotation": {"angle": -45, "axis": "x", "origin": [13.91619, 7.69891, 4.0313]},
			"faces": {
				"north": {"uv": [0.625, 0.125, 0.5, 0.1875], "rotation": 90, "texture": "#main"},
				"east": {"uv": [0.5, 0.3125, 0.625, 0.125], "rotation": 270, "texture": "#main"},
				"south": {"uv": [0.5, 0.25, 0.625, 0.3125], "rotation": 270, "texture": "#main"},
				"west": {"uv": [0.5, 0.125, 0.625, 0.3125], "rotation": 270, "texture": "#main"},
				"up": {"uv": [0.5625, 0.125, 0.625, 0.3125], "texture": "#main"},
				"down": {"uv": [0.5, 0.125, 0.5625, 0.3125], "rotation": 180, "texture": "#main"}
			}
		},
		{
			"name": "requiem_2",
			"from": [13.64706, 4.43905, 1.63939],
			"to": [14.14706, 5.43905, 2.63939],
			"rotation": {"angle": -45, "axis": "x", "origin": [13.91619, 7.69891, 4.0313]},
			"faces": {
				"north": {"uv": [0.5, 0.1875, 0.4375, 0.25], "rotation": 90, "texture": "#main"},
				"east": {"uv": [0.4375, 0.3125, 0.5, 0.1875], "rotation": 270, "texture": "#main"},
				"south": {"uv": [0.4375, 0.25, 0.5, 0.3125], "rotation": 270, "texture": "#main"},
				"west": {"uv": [0.4375, 0.1875, 0.5, 0.3125], "rotation": 270, "texture": "#main"},
				"up": {"uv": [0.4375, 0.1875, 0.5, 0.3125], "texture": "#main"},
				"down": {"uv": [0.4375, 0.1875, 0.5, 0.3125], "rotation": 180, "texture": "#main"}
			}
		},
		{
			"name": "requiem_3",
			"from": [13.64706, 3.93905, 2.13939],
			"to": [14.14706, 4.43905, 2.63939],
			"rotation": {"angle": -45, "axis": "x", "origin": [13.91619, 7.69891, 4.0313]},
			"faces": {
				"north": {"uv": [0.4375, 0.25, 0.375, 0.3125], "rotation": 90, "texture": "#main"},
				"east": {"uv": [0.375, 0.3125, 0.4375, 0.25], "rotation": 270, "texture": "#main"},
				"south": {"uv": [0.375, 0.25, 0.4375, 0.3125], "rotation": 270, "texture": "#main"},
				"west": {"uv": [0.375, 0.25, 0.4375, 0.3125], "rotation": 270, "texture": "#main"},
				"up": {"uv": [0.375, 0.25, 0.4375, 0.3125], "texture": "#main"},
				"down": {"uv": [0.375, 0.25, 0.4375, 0.3125], "rotation": 180, "texture": "#main"}
			}
		},
		{
			"name": "requiem_4",
			"from": [13.64706, 5.93905, 2.63939],
			"to": [14.14706, 6.43905, 4.13939],
			"rotation": {"angle": -45, "axis": "x", "origin": [13.91619, 7.69891, 4.0313]},
			"faces": {
				"north": {"uv": [0.625, 0.3125, 0.5625, 0.375], "rotation": 90, "texture": "#main"},
				"east": {"uv": [0.5625, 0.5, 0.625, 0.3125], "rotation": 270, "texture": "#main"},
				"south": {"uv": [0.5625, 0.4375, 0.625, 0.5], "rotation": 270, "texture": "#main"},
				"west": {"uv": [0.5625, 0.3125, 0.625, 0.5], "rotation": 270, "texture": "#main"},
				"up": {"uv": [0.5625, 0.3125, 0.625, 0.5], "texture": "#main"},
				"down": {"uv": [0.5625, 0.3125, 0.625, 0.5], "rotation": 180, "texture": "#main"}
			}
		},
		{
			"name": "requiem_5",
			"from": [13.64706, 5.43905, 3.13939],
			"to": [14.14706, 5.93905, 4.63939],
			"rotation": {"angle": -45, "axis": "x", "origin": [13.91619, 7.69891, 4.0313]},
			"faces": {
				"north": {"uv": [0.5625, 0.375, 0.5, 0.4375], "rotation": 90, "texture": "#main"},
				"east": {"uv": [0.5, 0.5625, 0.5625, 0.375], "rotation": 270, "texture": "#main"},
				"south": {"uv": [0.5, 0.5, 0.5625, 0.5625], "rotation": 270, "texture": "#main"},
				"west": {"uv": [0.5, 0.375, 0.5625, 0.5625], "rotation": 270, "texture": "#main"},
				"up": {"uv": [0.5, 0.375, 0.5625, 0.5625], "texture": "#main"},
				"down": {"uv": [0.5, 0.375, 0.5625, 0.5625], "rotation": 180, "texture": "#main"}
			}
		},
		{
			"name": "requiem_6",
			"from": [13.64706, 4.93905, 3.63939],
			"to": [14.14706, 5.43905, 5.13939],
			"rotation": {"angle": -45, "axis": "x", "origin": [13.91619, 7.69891, 4.0313]},
			"faces": {
				"north": {"uv": [0.5625, 0.375, 0.5, 0.4375], "rotation": 90, "texture": "#main"},
				"east": {"uv": [0.5, 0.5625, 0.5625, 0.375], "rotation": 270, "texture": "#main"},
				"south": {"uv": [0.5, 0.5, 0.5625, 0.5625], "rotation": 270, "texture": "#main"},
				"west": {"uv": [0.5, 0.375, 0.5625, 0.5625], "rotation": 270, "texture": "#main"},
				"up": {"uv": [0.5, 0.375, 0.5625, 0.5625], "texture": "#main"},
				"down": {"uv": [0.5, 0.375, 0.5625, 0.5625], "rotation": 180, "texture": "#main"}
			}
		},
		{
			"name": "requiem_7",
			"from": [13.64706, 3.43905, 5.13939],
			"to": [14.14706, 3.93905, 6.63939],
			"rotation": {"angle": -45, "axis": "x", "origin": [13.91619, 7.69891, 4.0313]},
			"faces": {
				"north": {"uv": [0.5625, 0.375, 0.5, 0.4375], "rotation": 90, "texture": "#main"},
				"east": {"uv": [0.5, 0.5625, 0.5625, 0.375], "rotation": 270, "texture": "#main"},
				"south": {"uv": [0.5, 0.5, 0.5625, 0.5625], "rotation": 270, "texture": "#main"},
				"west": {"uv": [0.5, 0.375, 0.5625, 0.5625], "rotation": 270, "texture": "#main"},
				"up": {"uv": [0.5, 0.375, 0.5625, 0.5625], "texture": "#main"},
				"down": {"uv": [0.5, 0.375, 0.5625, 0.5625], "rotation": 180, "texture": "#main"}
			}
		},
		{
			"name": "requiem_6",
			"from": [13.64706, 3.93905, 4.63939],
			"to": [14.14706, 4.43905, 6.13939],
			"rotation": {"angle": -45, "axis": "x", "origin": [13.91619, 7.69891, 4.0313]},
			"faces": {
				"north": {"uv": [0.5625, 0.375, 0.5, 0.4375], "rotation": 90, "texture": "#main"},
				"east": {"uv": [0.5, 0.5625, 0.5625, 0.375], "rotation": 270, "texture": "#main"},
				"south": {"uv": [0.5, 0.5, 0.5625, 0.5625], "rotation": 270, "texture": "#main"},
				"west": {"uv": [0.5, 0.375, 0.5625, 0.5625], "rotation": 270, "texture": "#main"},
				"up": {"uv": [0.5, 0.375, 0.5625, 0.5625], "texture": "#main"},
				"down": {"uv": [0.5, 0.375, 0.5625, 0.5625], "rotation": 180, "texture": "#main"}
			}
		},
		{
			"name": "requiem_7",
			"from": [13.64706, 2.93905, 5.63939],
			"to": [14.14706, 3.43905, 7.13939],
			"rotation": {"angle": -45, "axis": "x", "origin": [13.91619, 7.69891, 4.0313]},
			"faces": {
				"north": {"uv": [0.5625, 0.375, 0.5, 0.4375], "rotation": 90, "texture": "#main"},
				"east": {"uv": [0.5, 0.5625, 0.5625, 0.375], "rotation": 270, "texture": "#main"},
				"south": {"uv": [0.5, 0.5, 0.5625, 0.5625], "rotation": 270, "texture": "#main"},
				"west": {"uv": [0.5, 0.375, 0.5625, 0.5625], "rotation": 270, "texture": "#main"},
				"up": {"uv": [0.5, 0.375, 0.5625, 0.5625], "texture": "#main"},
				"down": {"uv": [0.5, 0.375, 0.5625, 0.5625], "rotation": 180, "texture": "#main"}
			}
		},
		{
			"name": "requiem_8",
			"from": [13.64706, 2.43905, 6.13939],
			"to": [14.14706, 2.93905, 7.63939],
			"rotation": {"angle": -45, "axis": "x", "origin": [13.91619, 7.69891, 4.0313]},
			"faces": {
				"north": {"uv": [0.5625, 0.375, 0.5, 0.4375], "rotation": 90, "texture": "#main"},
				"east": {"uv": [0.5, 0.5625, 0.5625, 0.375], "rotation": 270, "texture": "#main"},
				"south": {"uv": [0.5, 0.5, 0.5625, 0.5625], "rotation": 270, "texture": "#main"},
				"west": {"uv": [0.5, 0.375, 0.5625, 0.5625], "rotation": 270, "texture": "#main"},
				"up": {"uv": [0.5, 0.375, 0.5625, 0.5625], "texture": "#main"},
				"down": {"uv": [0.5, 0.375, 0.5625, 0.5625], "rotation": 180, "texture": "#main"}
			}
		},
		{
			"name": "requiem_5",
			"from": [13.64706, 4.43905, 4.13939],
			"to": [14.14706, 4.93905, 5.63939],
			"rotation": {"angle": -45, "axis": "x", "origin": [13.91619, 7.69891, 4.0313]},
			"faces": {
				"north": {"uv": [0.625, 0.3125, 0.5625, 0.375], "rotation": 90, "texture": "#main"},
				"east": {"uv": [0.5625, 0.5, 0.625, 0.3125], "rotation": 270, "texture": "#main"},
				"south": {"uv": [0.5625, 0.4375, 0.625, 0.5], "rotation": 270, "texture": "#main"},
				"west": {"uv": [0.5625, 0.3125, 0.625, 0.5], "rotation": 270, "texture": "#main"},
				"up": {"uv": [0.5625, 0.3125, 0.625, 0.5], "texture": "#main"},
				"down": {"uv": [0.5625, 0.3125, 0.625, 0.5], "rotation": 180, "texture": "#main"}
			}
		},
		{
			"name": "requiem_6",
			"from": [13.64706, 6.43905, 3.13939],
			"to": [14.14706, 8.43905, 3.63939],
			"rotation": {"angle": -45, "axis": "x", "origin": [13.91619, 7.69891, 4.0313]},
			"faces": {
				"north": {"uv": [0.875, 0.375, 0.625, 0.4375], "rotation": 90, "texture": "#main"},
				"east": {"uv": [0.625, 0.4375, 0.875, 0.375], "rotation": 270, "texture": "#main"},
				"south": {"uv": [0.625, 0.375, 0.875, 0.4375], "rotation": 270, "texture": "#main"},
				"west": {"uv": [0.625, 0.375, 0.875, 0.4375], "rotation": 270, "texture": "#main"},
				"up": {"uv": [0.8125, 0.375, 0.875, 0.4375], "texture": "#main"},
				"down": {"uv": [0.625, 0.375, 0.6875, 0.4375], "rotation": 180, "texture": "#main"}
			}
		},
		{
			"name": "requiem_8",
			"from": [13.64706, 6.93905, 3.63939],
			"to": [14.14706, 7.93905, 4.63939],
			"rotation": {"angle": -45, "axis": "x", "origin": [13.91619, 7.69891, 4.0313]},
			"faces": {
				"north": {"uv": [0.8125, 0.4375, 0.6875, 0.5], "rotation": 90, "texture": "#main"},
				"east": {"uv": [0.6875, 0.5625, 0.8125, 0.4375], "rotation": 270, "texture": "#main"},
				"south": {"uv": [0.6875, 0.5, 0.8125, 0.5625], "rotation": 270, "texture": "#main"},
				"west": {"uv": [0.6875, 0.4375, 0.8125, 0.5625], "rotation": 270, "texture": "#main"},
				"up": {"uv": [0.75, 0.4375, 0.8125, 0.5625], "texture": "#main"},
				"down": {"uv": [0.6875, 0.4375, 0.75, 0.5625], "rotation": 180, "texture": "#main"}
			}
		},
		{
			"name": "requiem_9",
			"from": [13.64706, 7.93905, 3.63939],
			"to": [14.14706, 8.43905, 4.13939],
			"rotation": {"angle": -45, "axis": "x", "origin": [13.91619, 7.69891, 4.0313]},
			"faces": {
				"north": {"uv": [0.875, 0.4375, 0.8125, 0.5], "rotation": 90, "texture": "#main"},
				"east": {"uv": [0.8125, 0.5, 0.875, 0.4375], "rotation": 270, "texture": "#main"},
				"south": {"uv": [0.8125, 0.4375, 0.875, 0.5], "rotation": 270, "texture": "#main"},
				"west": {"uv": [0.8125, 0.4375, 0.875, 0.5], "rotation": 270, "texture": "#main"},
				"up": {"uv": [0.8125, 0.4375, 0.875, 0.5], "texture": "#main"},
				"down": {"uv": [0.8125, 0.4375, 0.875, 0.5], "rotation": 180, "texture": "#main"}
			}
		},
		{
			"name": "requiem_12",
			"from": [13.64706, 6.93905, 4.63939],
			"to": [14.14706, 7.43905, 5.13939],
			"rotation": {"angle": -45, "axis": "x", "origin": [13.91619, 7.69891, 4.0313]},
			"faces": {
				"north": {"uv": [0.75, 0.5625, 0.6875, 0.625], "rotation": 90, "texture": "#main"},
				"east": {"uv": [0.6875, 0.625, 0.75, 0.5625], "rotation": 270, "texture": "#main"},
				"south": {"uv": [0.6875, 0.5625, 0.75, 0.625], "rotation": 270, "texture": "#main"},
				"west": {"uv": [0.6875, 0.5625, 0.75, 0.625], "rotation": 270, "texture": "#main"},
				"up": {"uv": [0.6875, 0.5625, 0.75, 0.625], "texture": "#main"},
				"down": {"uv": [0.6875, 0.5625, 0.75, 0.625], "rotation": 180, "texture": "#main"}
			}
		},
		{
			"name": "requiem_16",
			"from": [13.64706, 1.93905, 6.63939],
			"to": [14.14706, 2.43905, 7.63939],
			"rotation": {"angle": -45, "axis": "x", "origin": [13.91619, 7.69891, 4.0313]},
			"faces": {
				"north": {"uv": [0.125, 0.8125, 0.0625, 0.875], "rotation": 90, "texture": "#main"},
				"east": {"uv": [0.0625, 0.9375, 0.125, 0.8125], "rotation": 270, "texture": "#main"},
				"south": {"uv": [0.0625, 0.875, 0.125, 0.9375], "rotation": 270, "texture": "#main"},
				"west": {"uv": [0.0625, 0.8125, 0.125, 0.9375], "rotation": 270, "texture": "#main"},
				"up": {"uv": [0.0625, 0.8125, 0.125, 0.9375], "texture": "#main"},
				"down": {"uv": [0.0625, 0.8125, 0.125, 0.9375], "rotation": 180, "texture": "#main"}
			}
		},
		{
			"name": "right_arm",
			"from": [12, 4, 5],
			"to": [16, 16, 9],
			"faces": {
				"north": {"uv": [6.75, 1.25, 7, 2], "texture": "#main"},
				"east": {"uv": [6.5, 1.25, 6.75, 2], "texture": "#main"},
				"south": {"uv": [7.25, 1.25, 7.5, 2], "texture": "#main"},
				"west": {"uv": [7, 1.25, 7.25, 2], "texture": "#main"},
				"up": {"uv": [7, 1.25, 6.75, 1], "texture": "#main"},
				"down": {"uv": [7.25, 1, 7, 1.25], "texture": "#main"}
			}
		},
		{
			"name": "left_arm",
			"from": [0, 4, 5],
			"to": [4, 16, 9],
			"faces": {
				"north": {"uv": [6.25, 3.25, 6.5, 4], "texture": "#main"},
				"east": {"uv": [6, 3.25, 6.25, 4], "texture": "#main"},
				"south": {"uv": [6.75, 3.25, 7, 4], "texture": "#main"},
				"west": {"uv": [6.5, 3.25, 6.75, 4], "texture": "#main"},
				"up": {"uv": [6.5, 3.25, 6.25, 3], "texture": "#main"},
				"down": {"uv": [6.75, 3, 6.5, 3.25], "texture": "#main"}
			}
		},
		{
			"name": "right_leg",
			"from": [8, -7, 6],
			"to": [12, 5, 10],
			"faces": {
				"north": {"uv": [4.25, 1.25, 4.5, 2], "texture": "#main"},
				"east": {"uv": [4, 1.25, 4.25, 2], "texture": "#main"},
				"south": {"uv": [4.75, 1.25, 5, 2], "texture": "#main"},
				"west": {"uv": [4.5, 1.25, 4.75, 2], "texture": "#main"},
				"up": {"uv": [4.5, 1.25, 4.25, 1], "texture": "#main"},
				"down": {"uv": [4.75, 1, 4.5, 1.25], "texture": "#main"}
			}
		},
		{
			"name": "left_leg",
			"from": [4, -7, 6],
			"to": [8, 5, 10],
			"faces": {
				"north": {"uv": [5.25, 3.25, 5.5, 4], "texture": "#main"},
				"east": {"uv": [5, 3.25, 5.25, 4], "texture": "#main"},
				"south": {"uv": [5.75, 3.25, 6, 4], "texture": "#main"},
				"west": {"uv": [5.5, 3.25, 5.75, 4], "texture": "#main"},
				"up": {"uv": [5.5, 3.25, 5.25, 3], "texture": "#main"},
				"down": {"uv": [5.75, 3, 5.5, 3.25], "texture": "#main"}
			}
		},
		{
			"name": "right_arm_2nd_layer",
			"from": [11.5, 3.5, 4.5],
			"to": [16.49, 16.5, 9.5],
			"faces": {
				"north": {"uv": [6.75, 2.25, 7, 3], "texture": "#main"},
				"east": {"uv": [6.5, 2.25, 6.75, 3], "texture": "#main"},
				"south": {"uv": [7.25, 2.25, 7.5, 3], "texture": "#main"},
				"west": {"uv": [7, 2.25, 7.25, 3], "texture": "#main"},
				"up": {"uv": [7, 2.25, 6.75, 2], "texture": "#main"},
				"down": {"uv": [7.25, 2, 7, 2.25], "texture": "#main"}
			}
		},
		{
			"name": "left_arm_2nd_layer",
			"from": [-0.5, 3.5, 4.5],
			"to": [4.5, 16.5, 9.5],
			"faces": {
				"north": {"uv": [7.25, 3.25, 7.5, 4], "texture": "#main"},
				"east": {"uv": [7, 3.25, 7.25, 4], "texture": "#main"},
				"south": {"uv": [7.75, 3.25, 8, 4], "texture": "#main"},
				"west": {"uv": [7.5, 3.25, 7.75, 4], "texture": "#main"},
				"up": {"uv": [7.5, 3.25, 7.25, 3], "texture": "#main"},
				"down": {"uv": [7.75, 3, 7.5, 3.25], "texture": "#main"}
			}
		},
		{
			"name": "right_leg_2nd_layer",
			"from": [7.5, -7.5, 5.5],
			"to": [12.5, 5.5, 10.5],
			"faces": {
				"north": {"uv": [4.25, 2.25, 4.5, 3], "texture": "#main"},
				"east": {"uv": [4, 2.25, 4.25, 3], "texture": "#main"},
				"south": {"uv": [4.75, 2.25, 5, 3], "texture": "#main"},
				"west": {"uv": [4.5, 2.25, 4.75, 3], "texture": "#main"},
				"up": {"uv": [4.5, 2.25, 4.25, 2], "texture": "#main"},
				"down": {"uv": [4.75, 2, 4.5, 2.25], "texture": "#main"}
			}
		},
		{
			"name": "left_leg_2nd_layer",
			"from": [3.5, -7.5, 5.5],
			"to": [8.5, 5.5, 10.5],
			"faces": {
				"north": {"uv": [4.25, 3.25, 4.5, 4], "texture": "#main"},
				"east": {"uv": [4, 3.25, 4.25, 4], "texture": "#main"},
				"south": {"uv": [4.75, 3.25, 5, 4], "texture": "#main"},
				"west": {"uv": [4.5, 3.25, 4.75, 4], "texture": "#main"},
				"up": {"uv": [4.5, 3, 4.25, 2.75], "texture": "#main"},
				"down": {"uv": [4.75, 3, 4.5, 3.25], "texture": "#main"}
			}
		}
	],
	"display": {
		"head": {
			"translation": [0, -20.5, 0],
			"scale": [1.6, 1.6, 1.6]
		}
	},
	"groups": [
		0,
		1,
		2,
		3,
		4,
		5,
		6,
		7,
		8,
		9,
		10,
		11,
		12,
		13,
		14,
		15,
		16,
		17,
		18,
		19,
		20,
		21,
		22,
		23,
		24,
		25,
		26,
		27,
		28,
		29,
		30,
		31,
		32,
		33,
		34,
		35,
		36,
		37,
		38,
		39,
		40,
		41,
		42,
		43,
		44,
		45,
		46,
		47,
		48,
		49,
		50,
		51,
		52,
		53,
		54,
		55,
		56,
		57,
		58,
		59,
		60,
		61,
		62,
		63,
		64,
		65,
		66,
		67,
		68,
		69,
		70,
		71,
		72,
		73,
		74,
		75,
		76,
		77,
		78,
		79,
		80,
		81,
		82,
		83,
		84,
		85,
		86,
		87,
		88,
		89,
		90,
		91,
		92,
		93,
		94,
		95,
		96,
		97,
		98,
		99,
		100,
		101,
		102,
		103,
		104,
		105,
		106,
		107,
		108,
		109,
		110,
		111,
		112,
		113,
		114,
		{
			"name": "steve",
			"origin": [8, 8, 8],
			"color": 0,
			"children": [
				115,
				116,
				117,
				118,
				{
					"name": "head",
					"origin": [3.5, 27.5, 0.5],
					"color": 0,
					"children": [119, 120, 121, 122]
				}
			]
		},
		{
			"name": "requiem",
			"origin": [8, 8, 8],
			"color": 0,
			"children": [123, 124, 125, 126, 127, 128, 129, 130, 131, 132, 133, 134, 135, 136, 137, 138, 139]
		},
		{
			"name": "steve",
			"origin": [8, 8, 8],
			"color": 0,
			"children": [140, 141, 142, 143, 144, 145, 146, 147]
		}
	]
}