{
	"credit": "Made with Blockbench",
	"textures": {
		"particle": "nw:stand/base/anubis_sword"
	},
	"elements": [
		{
			"name": "anubis_0",
			"from": [14, 0, 0],
			"to": [16, 1, 4],
			"rotation": {"angle": 0, "axis": "y", "origin": [7.94444, 0.5, 9.11111]},
			"faces": {
				"north": {"uv": [16, 0, 14, 1], "texture": "#particle"},
				"east": {"uv": [15, 0, 16, 4], "rotation": 90, "texture": "#particle"},
				"south": {"uv": [14, 3, 16, 4], "texture": "#particle"},
				"west": {"uv": [14, 0, 15, 4], "rotation": 270, "texture": "#particle"},
				"up": {"uv": [14, 0, 16, 4], "texture": "#particle"},
				"down": {"uv": [14, 4, 16, 0], "texture": "#particle"}
			}
		},
		{
			"name": "anubis_1",
			"from": [13, 0, 2],
			"to": [14, 1, 6],
			"rotation": {"angle": 0, "axis": "y", "origin": [7.94444, 0.5, 9.11111]},
			"faces": {
				"north": {"uv": [14, 2, 13, 3], "texture": "#particle"},
				"east": {"uv": [13, 2, 14, 6], "rotation": 90, "texture": "#particle"},
				"south": {"uv": [13, 5, 14, 6], "texture": "#particle"},
				"west": {"uv": [13, 2, 14, 6], "rotation": 270, "texture": "#particle"},
				"up": {"uv": [13, 2, 14, 6], "texture": "#particle"},
				"down": {"uv": [13, 6, 14, 2], "texture": "#particle"}
			}
		},
		{
			"name": "anubis_2",
			"from": [12, 0, 3],
			"to": [13, 1, 7],
			"rotation": {"angle": 0, "axis": "y", "origin": [7.94444, 0.5, 9.11111]},
			"faces": {
				"north": {"uv": [13, 3, 12, 4], "texture": "#particle"},
				"east": {"uv": [12, 3, 13, 7], "rotation": 90, "texture": "#particle"},
				"south": {"uv": [12, 6, 13, 7], "texture": "#particle"},
				"west": {"uv": [12, 3, 13, 7], "rotation": 270, "texture": "#particle"},
				"up": {"uv": [12, 3, 13, 7], "texture": "#particle"},
				"down": {"uv": [12, 7, 13, 3], "texture": "#particle"}
			}
		},
		{
			"name": "anubis_3",
			"from": [11, 0, 4],
			"to": [12, 1, 8],
			"rotation": {"angle": 0, "axis": "y", "origin": [7.94444, 0.5, 9.11111]},
			"faces": {
				"north": {"uv": [12, 4, 11, 5], "texture": "#particle"},
				"east": {"uv": [11, 4, 12, 8], "rotation": 90, "texture": "#particle"},
				"south": {"uv": [11, 7, 12, 8], "texture": "#particle"},
				"west": {"uv": [11, 4, 12, 8], "rotation": 270, "texture": "#particle"},
				"up": {"uv": [11, 4, 12, 8], "texture": "#particle"},
				"down": {"uv": [11, 8, 12, 4], "texture": "#particle"}
			}
		},
		{
			"name": "anubis_4",
			"from": [14, 0, 4],
			"to": [15, 1, 5],
			"rotation": {"angle": 0, "axis": "y", "origin": [7.94444, 0.5, 9.11111]},
			"faces": {
				"north": {"uv": [15, 4, 14, 5], "texture": "#particle"},
				"east": {"uv": [14, 4, 15, 5], "rotation": 90, "texture": "#particle"},
				"south": {"uv": [14, 4, 15, 5], "texture": "#particle"},
				"west": {"uv": [14, 4, 15, 5], "rotation": 270, "texture": "#particle"},
				"up": {"uv": [14, 4, 15, 5], "texture": "#particle"},
				"down": {"uv": [14, 5, 15, 4], "texture": "#particle"}
			}
		},
		{
			"name": "anubis_5",
			"from": [10, 0, 5],
			"to": [11, 1, 9],
			"rotation": {"angle": 0, "axis": "y", "origin": [7.94444, 0.5, 9.11111]},
			"faces": {
				"north": {"uv": [11, 5, 10, 6], "texture": "#particle"},
				"east": {"uv": [10, 5, 11, 9], "rotation": 90, "texture": "#particle"},
				"south": {"uv": [10, 8, 11, 9], "texture": "#particle"},
				"west": {"uv": [10, 5, 11, 9], "rotation": 270, "texture": "#particle"},
				"up": {"uv": [10, 5, 11, 9], "texture": "#particle"},
				"down": {"uv": [10, 9, 11, 5], "texture": "#particle"}
			}
		},
		{
			"name": "anubis_6",
			"from": [9, 0, 6],
			"to": [10, 1, 10],
			"rotation": {"angle": 0, "axis": "y", "origin": [7.94444, 0.5, 9.11111]},
			"faces": {
				"north": {"uv": [10, 6, 9, 7], "texture": "#particle"},
				"east": {"uv": [9, 6, 10, 10], "rotation": 90, "texture": "#particle"},
				"south": {"uv": [9, 9, 10, 10], "texture": "#particle"},
				"west": {"uv": [9, 6, 10, 10], "rotation": 270, "texture": "#particle"},
				"up": {"uv": [9, 6, 10, 10], "texture": "#particle"},
				"down": {"uv": [9, 10, 10, 6], "texture": "#particle"}
			}
		},
		{
			"name": "anubis_7",
			"from": [4, 0, 7],
			"to": [5, 1, 14],
			"rotation": {"angle": 0, "axis": "y", "origin": [7.94444, 0.5, 9.11111]},
			"faces": {
				"north": {"uv": [5, 7, 4, 8], "texture": "#particle"},
				"east": {"uv": [4, 7, 5, 14], "rotation": 90, "texture": "#particle"},
				"south": {"uv": [4, 13, 5, 14], "texture": "#particle"},
				"west": {"uv": [4, 7, 5, 14], "rotation": 270, "texture": "#particle"},
				"up": {"uv": [4, 7, 5, 14], "texture": "#particle"},
				"down": {"uv": [4, 14, 5, 7], "texture": "#particle"}
			}
		},
		{
			"name": "anubis_8",
			"from": [8, 0, 7],
			"to": [9, 1, 15],
			"rotation": {"angle": 0, "axis": "y", "origin": [7.94444, 0.5, 9.11111]},
			"faces": {
				"north": {"uv": [9, 7, 8, 8], "texture": "#particle"},
				"east": {"uv": [8, 7, 9, 15], "rotation": 90, "texture": "#particle"},
				"south": {"uv": [8, 14, 9, 15], "texture": "#particle"},
				"west": {"uv": [8, 7, 9, 15], "rotation": 270, "texture": "#particle"},
				"up": {"uv": [8, 7, 9, 15], "texture": "#particle"},
				"down": {"uv": [8, 15, 9, 7], "texture": "#particle"}
			}
		},
		{
			"name": "anubis_9",
			"from": [2, 0, 8],
			"to": [4, 1, 9],
			"rotation": {"angle": 0, "axis": "y", "origin": [7.94444, 0.5, 9.11111]},
			"faces": {
				"north": {"uv": [4, 8, 2, 9], "texture": "#particle"},
				"east": {"uv": [3, 8, 4, 9], "rotation": 90, "texture": "#particle"},
				"south": {"uv": [2, 8, 4, 9], "texture": "#particle"},
				"west": {"uv": [2, 8, 3, 9], "rotation": 270, "texture": "#particle"},
				"up": {"uv": [2, 8, 4, 9], "texture": "#particle"},
				"down": {"uv": [2, 9, 4, 8], "texture": "#particle"}
			}
		},
		{
			"name": "anubis_10",
			"from": [5, 0, 8],
			"to": [6, 1, 13],
			"rotation": {"angle": 0, "axis": "y", "origin": [7.94444, 0.5, 9.11111]},
			"faces": {
				"north": {"uv": [6, 8, 5, 9], "texture": "#particle"},
				"east": {"uv": [5, 8, 6, 13], "rotation": 90, "texture": "#particle"},
				"south": {"uv": [5, 12, 6, 13], "texture": "#particle"},
				"west": {"uv": [5, 8, 6, 13], "rotation": 270, "texture": "#particle"},
				"up": {"uv": [5, 8, 6, 13], "texture": "#particle"},
				"down": {"uv": [5, 13, 6, 8], "texture": "#particle"}
			}
		},
		{
			"name": "anubis_11",
			"from": [7, 0, 8],
			"to": [8, 1, 14],
			"rotation": {"angle": 0, "axis": "y", "origin": [7.94444, 0.5, 9.11111]},
			"faces": {
				"north": {"uv": [8, 8, 7, 9], "texture": "#particle"},
				"east": {"uv": [7, 8, 8, 14], "rotation": 90, "texture": "#particle"},
				"south": {"uv": [7, 13, 8, 14], "texture": "#particle"},
				"west": {"uv": [7, 8, 8, 14], "rotation": 270, "texture": "#particle"},
				"up": {"uv": [7, 8, 8, 14], "texture": "#particle"},
				"down": {"uv": [7, 14, 8, 8], "texture": "#particle"}
			}
		},
		{
			"name": "anubis_12",
			"from": [3, 0, 9],
			"to": [4, 1, 10],
			"rotation": {"angle": 0, "axis": "y", "origin": [7.94444, 0.5, 9.11111]},
			"faces": {
				"north": {"uv": [4, 9, 3, 10], "texture": "#particle"},
				"east": {"uv": [3, 9, 4, 10], "rotation": 90, "texture": "#particle"},
				"south": {"uv": [3, 9, 4, 10], "texture": "#particle"},
				"west": {"uv": [3, 9, 4, 10], "rotation": 270, "texture": "#particle"},
				"up": {"uv": [3, 9, 4, 10], "texture": "#particle"},
				"down": {"uv": [3, 10, 4, 9], "texture": "#particle"}
			}
		},
		{
			"name": "anubis_13",
			"from": [6, 0, 9],
			"to": [7, 1, 13],
			"rotation": {"angle": 0, "axis": "y", "origin": [7.94444, 0.5, 9.11111]},
			"faces": {
				"north": {"uv": [7, 9, 6, 10], "texture": "#particle"},
				"east": {"uv": [6, 9, 7, 13], "rotation": 90, "texture": "#particle"},
				"south": {"uv": [6, 12, 7, 13], "texture": "#particle"},
				"west": {"uv": [6, 9, 7, 13], "rotation": 270, "texture": "#particle"},
				"up": {"uv": [6, 9, 7, 13], "texture": "#particle"},
				"down": {"uv": [6, 13, 7, 9], "texture": "#particle"}
			}
		},
		{
			"name": "anubis_14",
			"from": [3, 0, 12],
			"to": [4, 1, 15],
			"rotation": {"angle": 0, "axis": "y", "origin": [7.94444, 0.5, 9.11111]},
			"faces": {
				"north": {"uv": [4, 12, 3, 13], "texture": "#particle"},
				"east": {"uv": [3, 12, 4, 15], "rotation": 90, "texture": "#particle"},
				"south": {"uv": [3, 14, 4, 15], "texture": "#particle"},
				"west": {"uv": [3, 12, 4, 15], "rotation": 270, "texture": "#particle"},
				"up": {"uv": [3, 12, 4, 15], "texture": "#particle"},
				"down": {"uv": [3, 15, 4, 12], "texture": "#particle"}
			}
		},
		{
			"name": "anubis_15",
			"from": [9, 0, 12],
			"to": [10, 1, 13],
			"rotation": {"angle": 0, "axis": "y", "origin": [7.94444, 0.5, 9.11111]},
			"faces": {
				"north": {"uv": [10, 12, 9, 13], "texture": "#particle"},
				"east": {"uv": [9, 12, 10, 13], "rotation": 90, "texture": "#particle"},
				"south": {"uv": [9, 12, 10, 13], "texture": "#particle"},
				"west": {"uv": [9, 12, 10, 13], "rotation": 270, "texture": "#particle"},
				"up": {"uv": [9, 12, 10, 13], "texture": "#particle"},
				"down": {"uv": [9, 13, 10, 12], "texture": "#particle"}
			}
		},
		{
			"name": "anubis_16",
			"from": [2, 0, 13],
			"to": [3, 1, 16],
			"rotation": {"angle": 0, "axis": "y", "origin": [7.94444, 0.5, 9.11111]},
			"faces": {
				"north": {"uv": [3, 13, 2, 14], "texture": "#particle"},
				"east": {"uv": [2, 13, 3, 16], "rotation": 90, "texture": "#particle"},
				"south": {"uv": [2, 15, 3, 16], "texture": "#particle"},
				"west": {"uv": [2, 13, 3, 16], "rotation": 270, "texture": "#particle"},
				"up": {"uv": [2, 13, 3, 16], "texture": "#particle"},
				"down": {"uv": [2, 16, 3, 13], "texture": "#particle"}
			}
		},
		{
			"name": "anubis_17",
			"from": [1, 0, 14],
			"to": [2, 1, 16],
			"rotation": {"angle": 0, "axis": "y", "origin": [7.94444, 0.5, 9.11111]},
			"faces": {
				"north": {"uv": [2, 14, 1, 15], "texture": "#particle"},
				"east": {"uv": [1, 14, 2, 16], "rotation": 90, "texture": "#particle"},
				"south": {"uv": [1, 15, 2, 16], "texture": "#particle"},
				"west": {"uv": [1, 14, 2, 16], "rotation": 270, "texture": "#particle"},
				"up": {"uv": [1, 14, 2, 16], "texture": "#particle"},
				"down": {"uv": [1, 16, 2, 14], "texture": "#particle"}
			}
		}
	],
	"gui_light": "front",
	"display": {
		"thirdperson_righthand": {
			"rotation": [138, 0, -90.79],
			"translation": [5, 3.75, 2.25],
			"scale": [0.8, 0.8, 0.8]
		},
		"thirdperson_lefthand": {
			"rotation": [50, 0, -90.79],
			"translation": [3.5, 3.25, 1.5],
			"scale": [0.6, 0.6, 0.6]
		},
		"firstperson_righthand": {
			"rotation": [139.4, -2.87, -108.59],
			"translation": [4.75, 5.25, 0],
			"scale": [0.7, 0.7, 0.7]
		},
		"firstperson_lefthand": {
			"rotation": [140.57, -4, 83.4],
			"translation": [-6.25, 5.25, 3],
			"scale": [0.7, 0.7, 0.7]
		},
		"ground": {
			"translation": [0, 5.75, 0]
		},
		"gui": {
			"rotation": [0, -86.25, 90],
			"translation": [-0.25, -0.25, 0],
			"scale": [0.95508, 0.95508, 0.95508]
		},
		"fixed": {
			"rotation": [90, 0, 0],
			"translation": [0, 0, 7.75],
			"scale": [1.08008, 1.08008, 1.08008]
		}
	},
	"groups": [
		{
			"name": "anubis",
			"origin": [8, 8, 8],
			"color": 0,
			"children": [0, 1, 2, 3, 4, 5, 6, 7, 8, 9, 10, 11, 12, 13, 14, 15, 16, 17]
		}
	]
}