{
	"credit": "Made with Blockbench",
	"ambientocclusion": false,
	"texture_size": [64, 64],
	"textures": {
		"0": "nw:specs/clacker_volley",
		"particle": "nw:specs/clacker_volley"
	},
	"elements": [
		{
			"from": [-2, 0, 6],
			"to": [3, 5, 11],
			"rotation": {"angle": 22.5, "axis": "z", "origin": [0.5, 2.5, 8.5]},
			"faces": {
				"north": {"uv": [0, 0.125, 1.25, 1.375], "texture": "#0"},
				"east": {"uv": [0, 1.25, 1.25, 2.5], "texture": "#0"},
				"south": {"uv": [1.25, 0, 2.5, 1.25], "texture": "#0"},
				"west": {"uv": [1.25, 1.25, 2.5, 2.5], "texture": "#0"},
				"up": {"uv": [1.25, 3.75, 0, 2.5], "texture": "#0"},
				"down": {"uv": [3.75, 0, 2.5, 1.25], "texture": "#0"}
			}
		},
		{
			"from": [13, 0, 6],
			"to": [18, 5, 11],
			"rotation": {"angle": -22.5, "axis": "z", "origin": [15.5, 2.5, 8.5]},
			"faces": {
				"north": {"uv": [1.25, 2.5, 2.5, 3.75], "texture": "#0"},
				"east": {"uv": [2.5, 1.25, 3.75, 2.5], "texture": "#0"},
				"south": {"uv": [2.5, 2.5, 3.75, 3.75], "texture": "#0"},
				"west": {"uv": [0, 3.75, 1.25, 5], "texture": "#0"},
				"up": {"uv": [5, 1.25, 3.75, 0], "texture": "#0"},
				"down": {"uv": [2.5, 3.75, 1.25, 5], "texture": "#0"}
			}
		},
		{
			"from": [15.25, -2, 8.25],
			"to": [15.75, 16.5, 8.75],
			"rotation": {"angle": 22.5, "axis": "z", "origin": [0, 0, 0]},
			"faces": {
				"north": {"uv": [3.75, 1.25, 4, 6], "texture": "#0"},
				"east": {"uv": [2.5, 3.75, 2.75, 8.5], "texture": "#0"},
				"south": {"uv": [2.75, 3.75, 3, 8.5], "texture": "#0"},
				"west": {"uv": [3, 3.75, 3.25, 8.5], "texture": "#0"},
				"up": {"uv": [4.75, 1.5, 4.5, 1.25], "texture": "#0"},
				"down": {"uv": [4.75, 1.5, 4.5, 1.75], "texture": "#0"}
			}
		},
		{
			"from": [0.25, -2, 8.25],
			"to": [0.75, 16.5, 8.75],
			"rotation": {"angle": -22.5, "axis": "z", "origin": [16, 0, 0]},
			"faces": {
				"north": {"uv": [3.25, 3.75, 3.5, 8.5], "texture": "#0"},
				"east": {"uv": [3.5, 3.75, 3.75, 8.5], "texture": "#0"},
				"south": {"uv": [4, 1.25, 4.25, 6], "texture": "#0"},
				"west": {"uv": [4.25, 1.25, 4.5, 6], "texture": "#0"},
				"up": {"uv": [4.75, 2, 4.5, 1.75], "texture": "#0"},
				"down": {"uv": [4.75, 2, 4.5, 2.25], "texture": "#0"}
			}
		}
	],
	"display": {
		"thirdperson_righthand": {
			"rotation": [70.25, 0, 0],
			"translation": [0, -2.5, -4.75],
			"scale": [0.41797, 0.41797, 0.41797]
		},
		"thirdperson_lefthand": {
			"rotation": [70.2, 0, 0],
			"translation": [0, -2.5, -4.75],
			"scale": [0.41797, 0.41797, 0.41797]
		},
		"firstperson_righthand": {
			"translation": [0, 6, 0],
			"scale": [0.53906, 0.53906, 0.53906]
		},
		"firstperson_lefthand": {
			"translation": [0, 6.5, 0],
			"scale": [0.55469, 0.55469, 0.55469]
		},
		"ground": {
			"scale": [0.55664, 0.55664, 0.55664]
		},
		"gui": {
			"rotation": [-180, 0, -180],
			"translation": [0, -1, 0],
			"scale": [0.60547, 0.60547, 0.60547]
		},
		"fixed": {
			"translation": [0, -0.75, -1.5],
			"scale": [0.64648, 0.64648, 0.64648]
		}
	}
}