{
	"credit": "Made with Blockbench",
	"ambientocclusion": false,
	"texture_size": [64, 64],
	"textures": {
		"0": "nw:item/caesar",
		"particle": "nw:item/caesar"
	},
	"elements": [
		{
			"name": "left_arm_2nd_layer",
			"from": [-0.5, 11, 5.5],
			"to": [4.5, 24, 10.5],
			"faces": {
				"north": {"uv": [0, 0, 1.25, 3.25], "texture": "#0"},
				"east": {"uv": [1.25, 0, 2.5, 3.25], "texture": "#0"},
				"south": {"uv": [2.5, 0, 3.75, 3.25], "texture": "#0"},
				"west": {"uv": [0, 3.25, 1.25, 6.5], "texture": "#0"},
				"up": {"uv": [5.5, 7.25, 4.25, 6], "texture": "#0"},
				"down": {"uv": [6.75, 6, 5.5, 7.25], "texture": "#0"}
			}
		},
		{
			"name": "left_arm_2nd_layer",
			"from": [4, 11.5, 8.15],
			"to": [4.75, 12.5, 9.15],
			"faces": {
				"north": {"uv": [3.75, 3, 4, 3.25], "texture": "#0"},
				"east": {"uv": [4, 3, 4.25, 3.25], "texture": "#0"},
				"south": {"uv": [0, 6.5, 0.25, 6.75], "texture": "#0"},
				"west": {"uv": [0.25, 6.5, 0.5, 6.75], "texture": "#0"},
				"up": {"uv": [0.75, 6.75, 0.5, 6.5], "texture": "#0"},
				"down": {"uv": [1, 6.5, 0.75, 6.75], "texture": "#0"}
			}
		},
		{
			"name": "left_arm_2nd_layer",
			"from": [4, 11.5, 9.4],
			"to": [4.75, 12.5, 10.4],
			"faces": {
				"north": {"uv": [1, 6.5, 1.25, 6.75], "texture": "#0"},
				"east": {"uv": [0.75, 7.25, 1, 7.5], "texture": "#0"},
				"south": {"uv": [1, 7.25, 1.25, 7.5], "texture": "#0"},
				"west": {"uv": [1.25, 7.25, 1.5, 7.5], "texture": "#0"},
				"up": {"uv": [1.75, 7.5, 1.5, 7.25], "texture": "#0"},
				"down": {"uv": [2, 7.25, 1.75, 7.5], "texture": "#0"}
			}
		},
		{
			"name": "left_arm_2nd_layer",
			"from": [4, 11.5, 5.65],
			"to": [4.75, 12.5, 6.65],
			"faces": {
				"north": {"uv": [7.25, 3.5, 7.5, 3.75], "texture": "#0"},
				"east": {"uv": [7.25, 3.75, 7.5, 4], "texture": "#0"},
				"south": {"uv": [7.25, 4, 7.5, 4.25], "texture": "#0"},
				"west": {"uv": [4.25, 7.25, 4.5, 7.5], "texture": "#0"},
				"up": {"uv": [7.5, 4.5, 7.25, 4.25], "texture": "#0"},
				"down": {"uv": [4.75, 7.25, 4.5, 7.5], "texture": "#0"}
			}
		},
		{
			"name": "left_arm_2nd_layer",
			"from": [4, 11.5, 6.9],
			"to": [4.75, 12.5, 7.9],
			"faces": {
				"north": {"uv": [2, 7.25, 2.25, 7.5], "texture": "#0"},
				"east": {"uv": [2.25, 7.25, 2.5, 7.5], "texture": "#0"},
				"south": {"uv": [2.5, 7.25, 2.75, 7.5], "texture": "#0"},
				"west": {"uv": [2.75, 7.25, 3, 7.5], "texture": "#0"},
				"up": {"uv": [7.5, 3.25, 7.25, 3], "texture": "#0"},
				"down": {"uv": [7.5, 3.25, 7.25, 3.5], "texture": "#0"}
			}
		},
		{
			"name": "left_arm_2nd_layer",
			"from": [-1, 12.75, 5.5],
			"to": [-0.5, 18.75, 10.5],
			"faces": {
				"north": {"uv": [3, 6.75, 3.25, 8.25], "texture": "#0"},
				"east": {"uv": [5.75, 3, 7, 4.5], "texture": "#0"},
				"south": {"uv": [3.25, 6.75, 3.5, 8.25], "texture": "#0"},
				"west": {"uv": [5.75, 4.5, 7, 6], "texture": "#0"},
				"up": {"uv": [0.5, 8.5, 0.25, 7.25], "texture": "#0"},
				"down": {"uv": [0.75, 7.25, 0.5, 8.5], "texture": "#0"}
			}
		},
		{
			"name": "left_arm_2nd_layer",
			"from": [4.5, 12.75, 5],
			"to": [5, 18.75, 11],
			"rotation": {"angle": 0, "axis": "y", "origin": [16, 0, 0]},
			"faces": {
				"north": {"uv": [7, 3, 7.25, 4.5], "texture": "#0"},
				"east": {"uv": [4.25, 3, 5.75, 4.5], "texture": "#0"},
				"south": {"uv": [7, 4.5, 7.25, 6], "texture": "#0"},
				"west": {"uv": [4.25, 4.5, 5.75, 6], "texture": "#0"},
				"up": {"uv": [7.25, 7.5, 7, 6], "texture": "#0"},
				"down": {"uv": [0.25, 7.25, 0, 8.75], "texture": "#0"}
			}
		},
		{
			"name": "left_arm_2nd_layer",
			"from": [4.875, 17.575, 9.7],
			"to": [5.125, 18.625, 10.75],
			"rotation": {"angle": 0, "axis": "y", "origin": [16, 0, 0]},
			"faces": {
				"north": {"uv": [7.25, 4.5, 7.5, 4.75], "texture": "#0"},
				"east": {"uv": [4.75, 7.25, 5, 7.5], "texture": "#0"},
				"south": {"uv": [7.25, 4.75, 7.5, 5], "texture": "#0"},
				"west": {"uv": [5, 7.25, 5.25, 7.5], "texture": "#0"},
				"up": {"uv": [7.5, 5.25, 7.25, 5], "texture": "#0"},
				"down": {"uv": [5.5, 7.25, 5.25, 7.5], "texture": "#0"}
			}
		},
		{
			"name": "left_arm_2nd_layer",
			"from": [4.875, 17.575, 8.2],
			"to": [5.125, 18.625, 9.25],
			"rotation": {"angle": 0, "axis": "y", "origin": [16, 0, 0]},
			"faces": {
				"north": {"uv": [7.25, 5.25, 7.5, 5.5], "texture": "#0"},
				"east": {"uv": [5.5, 7.25, 5.75, 7.5], "texture": "#0"},
				"south": {"uv": [7.25, 5.5, 7.5, 5.75], "texture": "#0"},
				"west": {"uv": [5.75, 7.25, 6, 7.5], "texture": "#0"},
				"up": {"uv": [7.5, 6, 7.25, 5.75], "texture": "#0"},
				"down": {"uv": [6.25, 7.25, 6, 7.5], "texture": "#0"}
			}
		},
		{
			"name": "left_arm_2nd_layer",
			"from": [4.875, 17.575, 6.7],
			"to": [5.125, 18.625, 7.75],
			"rotation": {"angle": 0, "axis": "y", "origin": [16, 0, 0]},
			"faces": {
				"north": {"uv": [7.25, 6, 7.5, 6.25], "texture": "#0"},
				"east": {"uv": [6.25, 7.25, 6.5, 7.5], "texture": "#0"},
				"south": {"uv": [7.25, 6.25, 7.5, 6.5], "texture": "#0"},
				"west": {"uv": [6.5, 7.25, 6.75, 7.5], "texture": "#0"},
				"up": {"uv": [7.5, 6.75, 7.25, 6.5], "texture": "#0"},
				"down": {"uv": [7.5, 6.75, 7.25, 7], "texture": "#0"}
			}
		},
		{
			"name": "left_arm_2nd_layer",
			"from": [4.875, 17.575, 5.2],
			"to": [5.125, 18.625, 6.25],
			"rotation": {"angle": 0, "axis": "y", "origin": [16, 0, 0]},
			"faces": {
				"north": {"uv": [7.25, 7, 7.5, 7.25], "texture": "#0"},
				"east": {"uv": [7.25, 7.25, 7.5, 7.5], "texture": "#0"},
				"south": {"uv": [0.75, 7.5, 1, 7.75], "texture": "#0"},
				"west": {"uv": [1, 7.5, 1.25, 7.75], "texture": "#0"},
				"up": {"uv": [1.5, 7.75, 1.25, 7.5], "texture": "#0"},
				"down": {"uv": [1.75, 7.5, 1.5, 7.75], "texture": "#0"}
			}
		},
		{
			"name": "left_arm_2nd_layer",
			"from": [4.875, 16.075, 5.2],
			"to": [5.125, 17.125, 6.25],
			"rotation": {"angle": 0, "axis": "y", "origin": [16, 0, 0]},
			"faces": {
				"north": {"uv": [5.25, 7.5, 5.5, 7.75], "texture": "#0"},
				"east": {"uv": [7.5, 5.25, 7.75, 5.5], "texture": "#0"},
				"south": {"uv": [5.5, 7.5, 5.75, 7.75], "texture": "#0"},
				"west": {"uv": [7.5, 5.5, 7.75, 5.75], "texture": "#0"},
				"up": {"uv": [6, 7.75, 5.75, 7.5], "texture": "#0"},
				"down": {"uv": [7.75, 5.75, 7.5, 6], "texture": "#0"}
			}
		},
		{
			"name": "left_arm_2nd_layer",
			"from": [4.875, 16.075, 8.2],
			"to": [5.125, 17.125, 9.25],
			"rotation": {"angle": 0, "axis": "y", "origin": [16, 0, 0]},
			"faces": {
				"north": {"uv": [4.5, 7.5, 4.75, 7.75], "texture": "#0"},
				"east": {"uv": [7.5, 4.5, 7.75, 4.75], "texture": "#0"},
				"south": {"uv": [4.75, 7.5, 5, 7.75], "texture": "#0"},
				"west": {"uv": [7.5, 4.75, 7.75, 5], "texture": "#0"},
				"up": {"uv": [5.25, 7.75, 5, 7.5], "texture": "#0"},
				"down": {"uv": [7.75, 5, 7.5, 5.25], "texture": "#0"}
			}
		},
		{
			"name": "left_arm_2nd_layer",
			"from": [4.875, 16.075, 6.7],
			"to": [5.125, 17.125, 7.75],
			"rotation": {"angle": 0, "axis": "y", "origin": [16, 0, 0]},
			"faces": {
				"north": {"uv": [7.5, 3.25, 7.75, 3.5], "texture": "#0"},
				"east": {"uv": [7.5, 3.5, 7.75, 3.75], "texture": "#0"},
				"south": {"uv": [7.5, 3.75, 7.75, 4], "texture": "#0"},
				"west": {"uv": [7.5, 4, 7.75, 4.25], "texture": "#0"},
				"up": {"uv": [4.5, 7.75, 4.25, 7.5], "texture": "#0"},
				"down": {"uv": [7.75, 4.25, 7.5, 4.5], "texture": "#0"}
			}
		},
		{
			"name": "left_arm_2nd_layer",
			"from": [4.875, 16.075, 9.7],
			"to": [5.125, 17.125, 10.75],
			"rotation": {"angle": 0, "axis": "y", "origin": [16, 0, 0]},
			"faces": {
				"north": {"uv": [1.75, 7.5, 2, 7.75], "texture": "#0"},
				"east": {"uv": [2, 7.5, 2.25, 7.75], "texture": "#0"},
				"south": {"uv": [2.25, 7.5, 2.5, 7.75], "texture": "#0"},
				"west": {"uv": [2.5, 7.5, 2.75, 7.75], "texture": "#0"},
				"up": {"uv": [3, 7.75, 2.75, 7.5], "texture": "#0"},
				"down": {"uv": [7.75, 3, 7.5, 3.25], "texture": "#0"}
			}
		},
		{
			"name": "left_arm_2nd_layer",
			"from": [4.875, 14.575, 5.2],
			"to": [5.125, 15.625, 6.25],
			"rotation": {"angle": 0, "axis": "y", "origin": [16, 0, 0]},
			"faces": {
				"north": {"uv": [2, 7.75, 2.25, 8], "texture": "#0"},
				"east": {"uv": [2.25, 7.75, 2.5, 8], "texture": "#0"},
				"south": {"uv": [2.5, 7.75, 2.75, 8], "texture": "#0"},
				"west": {"uv": [2.75, 7.75, 3, 8], "texture": "#0"},
				"up": {"uv": [8, 3.25, 7.75, 3], "texture": "#0"},
				"down": {"uv": [8, 3.25, 7.75, 3.5], "texture": "#0"}
			}
		},
		{
			"name": "left_arm_2nd_layer",
			"from": [4.875, 14.575, 8.2],
			"to": [5.125, 15.625, 9.25],
			"rotation": {"angle": 0, "axis": "y", "origin": [16, 0, 0]},
			"faces": {
				"north": {"uv": [7.5, 7.5, 7.75, 7.75], "texture": "#0"},
				"east": {"uv": [0.75, 7.75, 1, 8], "texture": "#0"},
				"south": {"uv": [1, 7.75, 1.25, 8], "texture": "#0"},
				"west": {"uv": [1.25, 7.75, 1.5, 8], "texture": "#0"},
				"up": {"uv": [1.75, 8, 1.5, 7.75], "texture": "#0"},
				"down": {"uv": [2, 7.75, 1.75, 8], "texture": "#0"}
			}
		},
		{
			"name": "left_arm_2nd_layer",
			"from": [4.875, 14.575, 6.7],
			"to": [5.125, 15.625, 7.75],
			"rotation": {"angle": 0, "axis": "y", "origin": [16, 0, 0]},
			"faces": {
				"north": {"uv": [6.75, 7.5, 7, 7.75], "texture": "#0"},
				"east": {"uv": [7.5, 6.75, 7.75, 7], "texture": "#0"},
				"south": {"uv": [7, 7.5, 7.25, 7.75], "texture": "#0"},
				"west": {"uv": [7.5, 7, 7.75, 7.25], "texture": "#0"},
				"up": {"uv": [7.5, 7.75, 7.25, 7.5], "texture": "#0"},
				"down": {"uv": [7.75, 7.25, 7.5, 7.5], "texture": "#0"}
			}
		},
		{
			"name": "left_arm_2nd_layer",
			"from": [4.875, 14.575, 9.7],
			"to": [5.125, 15.625, 10.75],
			"rotation": {"angle": 0, "axis": "y", "origin": [16, 0, 0]},
			"faces": {
				"north": {"uv": [6, 7.5, 6.25, 7.75], "texture": "#0"},
				"east": {"uv": [7.5, 6, 7.75, 6.25], "texture": "#0"},
				"south": {"uv": [6.25, 7.5, 6.5, 7.75], "texture": "#0"},
				"west": {"uv": [7.5, 6.25, 7.75, 6.5], "texture": "#0"},
				"up": {"uv": [6.75, 7.75, 6.5, 7.5], "texture": "#0"},
				"down": {"uv": [7.75, 6.5, 7.5, 6.75], "texture": "#0"}
			}
		},
		{
			"name": "left_arm_2nd_layer",
			"from": [4.875, 13.075, 5.2],
			"to": [5.125, 14.125, 6.25],
			"rotation": {"angle": 0, "axis": "y", "origin": [16, 0, 0]},
			"faces": {
				"north": {"uv": [7.75, 6, 8, 6.25], "texture": "#0"},
				"east": {"uv": [6.25, 7.75, 6.5, 8], "texture": "#0"},
				"south": {"uv": [7.75, 6.25, 8, 6.5], "texture": "#0"},
				"west": {"uv": [6.5, 7.75, 6.75, 8], "texture": "#0"},
				"up": {"uv": [8, 6.75, 7.75, 6.5], "texture": "#0"},
				"down": {"uv": [7, 7.75, 6.75, 8], "texture": "#0"}
			}
		},
		{
			"name": "left_arm_2nd_layer",
			"from": [4.875, 13.075, 6.7],
			"to": [5.125, 14.125, 7.75],
			"rotation": {"angle": 0, "axis": "y", "origin": [16, 0, 0]},
			"faces": {
				"north": {"uv": [7.75, 5.25, 8, 5.5], "texture": "#0"},
				"east": {"uv": [5.5, 7.75, 5.75, 8], "texture": "#0"},
				"south": {"uv": [7.75, 5.5, 8, 5.75], "texture": "#0"},
				"west": {"uv": [5.75, 7.75, 6, 8], "texture": "#0"},
				"up": {"uv": [8, 6, 7.75, 5.75], "texture": "#0"},
				"down": {"uv": [6.25, 7.75, 6, 8], "texture": "#0"}
			}
		},
		{
			"name": "left_arm_2nd_layer",
			"from": [4.875, 13.075, 8.2],
			"to": [5.125, 14.125, 9.25],
			"rotation": {"angle": 0, "axis": "y", "origin": [16, 0, 0]},
			"faces": {
				"north": {"uv": [7.75, 4.5, 8, 4.75], "texture": "#0"},
				"east": {"uv": [4.75, 7.75, 5, 8], "texture": "#0"},
				"south": {"uv": [7.75, 4.75, 8, 5], "texture": "#0"},
				"west": {"uv": [5, 7.75, 5.25, 8], "texture": "#0"},
				"up": {"uv": [8, 5.25, 7.75, 5], "texture": "#0"},
				"down": {"uv": [5.5, 7.75, 5.25, 8], "texture": "#0"}
			}
		},
		{
			"name": "left_arm_2nd_layer",
			"from": [4.875, 13.075, 9.7],
			"to": [5.125, 14.125, 10.75],
			"rotation": {"angle": 0, "axis": "y", "origin": [16, 0, 0]},
			"faces": {
				"north": {"uv": [7.75, 3.5, 8, 3.75], "texture": "#0"},
				"east": {"uv": [7.75, 3.75, 8, 4], "texture": "#0"},
				"south": {"uv": [7.75, 4, 8, 4.25], "texture": "#0"},
				"west": {"uv": [4.25, 7.75, 4.5, 8], "texture": "#0"},
				"up": {"uv": [8, 4.5, 7.75, 4.25], "texture": "#0"},
				"down": {"uv": [4.75, 7.75, 4.5, 8], "texture": "#0"}
			}
		},
		{
			"name": "left_arm_2nd_layer",
			"from": [-0.875, 19.625, 5],
			"to": [4.875, 21.125, 11],
			"rotation": {"angle": 0, "axis": "z", "origin": [4.75, 21.875, 8]},
			"faces": {
				"north": {"uv": [1.25, 6.25, 2.75, 6.75], "texture": "#0"},
				"east": {"uv": [2.75, 6.25, 4.25, 6.75], "texture": "#0"},
				"south": {"uv": [0, 6.75, 1.5, 7.25], "texture": "#0"},
				"west": {"uv": [6.75, 0, 8.25, 0.5], "texture": "#0"},
				"up": {"uv": [2.75, 6.25, 1.25, 4.75], "texture": "#0"},
				"down": {"uv": [4.25, 4.75, 2.75, 6.25], "texture": "#0"}
			}
		},
		{
			"name": "left_arm_2nd_layer",
			"from": [-0.875, 21.375, 5],
			"to": [4.875, 22.875, 11],
			"rotation": {"angle": 0, "axis": "z", "origin": [4.75, 21.875, 8]},
			"faces": {
				"north": {"uv": [6.75, 0.5, 8.25, 1], "texture": "#0"},
				"east": {"uv": [6.75, 1, 8.25, 1.5], "texture": "#0"},
				"south": {"uv": [1.5, 6.75, 3, 7.25], "texture": "#0"},
				"west": {"uv": [6.75, 1.5, 8.25, 2], "texture": "#0"},
				"up": {"uv": [6.75, 1.5, 5.25, 0], "texture": "#0"},
				"down": {"uv": [6.75, 1.5, 5.25, 3], "texture": "#0"}
			}
		},
		{
			"name": "left_arm_2nd_layer",
			"from": [-1, 12.725, 10.5],
			"to": [4.5, 18.725, 11],
			"rotation": {"angle": 0, "axis": "y", "origin": [1.5, 16, 10.75]},
			"faces": {
				"north": {"uv": [1.25, 3.25, 2.75, 4.75], "texture": "#0"},
				"east": {"uv": [3.5, 6.75, 3.75, 8.25], "texture": "#0"},
				"south": {"uv": [2.75, 3.25, 4.25, 4.75], "texture": "#0"},
				"west": {"uv": [3.75, 6.75, 4, 8.25], "texture": "#0"},
				"up": {"uv": [8.25, 2.25, 6.75, 2], "texture": "#0"},
				"down": {"uv": [8.25, 2.25, 6.75, 2.5], "texture": "#0"}
			}
		},
		{
			"name": "left_arm_2nd_layer",
			"from": [-1, 12.725, 5],
			"to": [4.5, 18.725, 5.5],
			"rotation": {"angle": 0, "axis": "y", "origin": [1.5, 16, 5.25]},
			"faces": {
				"north": {"uv": [3.75, 0, 5.25, 1.5], "texture": "#0"},
				"east": {"uv": [4, 6.75, 4.25, 8.25], "texture": "#0"},
				"south": {"uv": [3.75, 1.5, 5.25, 3], "texture": "#0"},
				"west": {"uv": [6.75, 6, 7, 7.5], "texture": "#0"},
				"up": {"uv": [8.25, 2.75, 6.75, 2.5], "texture": "#0"},
				"down": {"uv": [8.25, 2.75, 6.75, 3], "texture": "#0"}
			}
		}
	],
	"display": {
		"thirdperson_righthand": {
			"rotation": [90, 0, 0],
			"translation": [5, -2, -1.5],
			"scale": [0.83203, 0.4082, 0.80274]
		},
		"thirdperson_lefthand": {
			"rotation": [-90, 0, -180],
			"translation": [5, -2, -1.5],
			"scale": [0.83203, 0.4082, 0.80274]
		},
		"firstperson_righthand": {
			"rotation": [107.2, 71.99, 16.37],
			"translation": [-2.5, 10, 2],
			"scale": [0.64258, 0.64258, 0.64258]
		},
		"firstperson_lefthand": {
			"rotation": [-69.18, -67.3, 169.03],
			"translation": [-1, 10, 0],
			"scale": [0.67383, 0.67383, 0.67383]
		},
		"ground": {
			"rotation": [10.6, -15.04, 85.57],
			"translation": [10.5, 4, 4]
		},
		"gui": {
			"rotation": [-56.34, 21.06, -119.98],
			"translation": [-10.25, 3, 0]
		},
		"fixed": {
			"rotation": [0, -4.5, 46],
			"translation": [10.75, -2.25, 1.25]
		}
	}
}