{
	"credit": "Made with Blockbench",
	"textures": {
		"0": "nw:item/knife",
		"particle": "nw:item/knife"
	},
	"elements": [
		{
			"name": "knife_0",
			"from": [10, 0, 3],
			"to": [13, 1, 6],
			"faces": {
				"north": {"uv": [13, 3, 10, 4], "texture": "#0"},
				"east": {"uv": [12, 3, 13, 6], "rotation": 90, "texture": "#0"},
				"south": {"uv": [10, 5, 13, 6], "texture": "#0"},
				"west": {"uv": [10, 3, 11, 6], "rotation": 270, "texture": "#0"},
				"up": {"uv": [10, 3, 13, 6], "texture": "#0"},
				"down": {"uv": [10, 6, 13, 3], "texture": "#0"}
			}
		},
		{
			"name": "knife_1",
			"from": [13, 0, 3],
			"to": [14, 1, 5],
			"faces": {
				"north": {"uv": [14, 3, 13, 4], "texture": "#0"},
				"east": {"uv": [13, 3, 14, 5], "rotation": 90, "texture": "#0"},
				"south": {"uv": [13, 4, 14, 5], "texture": "#0"},
				"west": {"uv": [13, 3, 14, 5], "rotation": 270, "texture": "#0"},
				"up": {"uv": [13, 3, 14, 5], "texture": "#0"},
				"down": {"uv": [13, 5, 14, 3], "texture": "#0"}
			}
		},
		{
			"name": "knife_2",
			"from": [9, 0, 4],
			"to": [10, 1, 9],
			"faces": {
				"north": {"uv": [10, 4, 9, 5], "texture": "#0"},
				"east": {"uv": [9, 4, 10, 9], "rotation": 90, "texture": "#0"},
				"south": {"uv": [9, 8, 10, 9], "texture": "#0"},
				"west": {"uv": [9, 4, 10, 9], "rotation": 270, "texture": "#0"},
				"up": {"uv": [9, 4, 10, 9], "texture": "#0"},
				"down": {"uv": [9, 9, 10, 4], "texture": "#0"}
			}
		},
		{
			"name": "knife_3",
			"from": [8, 0, 5],
			"to": [9, 1, 10],
			"faces": {
				"north": {"uv": [9, 5, 8, 6], "texture": "#0"},
				"east": {"uv": [8, 5, 9, 10], "rotation": 90, "texture": "#0"},
				"south": {"uv": [8, 9, 9, 10], "texture": "#0"},
				"west": {"uv": [8, 5, 9, 10], "rotation": 270, "texture": "#0"},
				"up": {"uv": [8, 5, 9, 10], "texture": "#0"},
				"down": {"uv": [8, 10, 9, 5], "texture": "#0"}
			}
		},
		{
			"name": "knife_4",
			"from": [7, 0, 6],
			"to": [8, 1, 13],
			"faces": {
				"north": {"uv": [8, 6, 7, 7], "texture": "#0"},
				"east": {"uv": [7, 6, 8, 13], "rotation": 90, "texture": "#0"},
				"south": {"uv": [7, 12, 8, 13], "texture": "#0"},
				"west": {"uv": [7, 6, 8, 13], "rotation": 270, "texture": "#0"},
				"up": {"uv": [7, 6, 8, 13], "texture": "#0"},
				"down": {"uv": [7, 13, 8, 6], "texture": "#0"}
			}
		},
		{
			"name": "knife_5",
			"from": [10, 0, 6],
			"to": [12, 1, 7],
			"faces": {
				"north": {"uv": [12, 6, 10, 7], "texture": "#0"},
				"east": {"uv": [11, 6, 12, 7], "rotation": 90, "texture": "#0"},
				"south": {"uv": [10, 6, 12, 7], "texture": "#0"},
				"west": {"uv": [10, 6, 11, 7], "rotation": 270, "texture": "#0"},
				"up": {"uv": [10, 6, 12, 7], "texture": "#0"},
				"down": {"uv": [10, 7, 12, 6], "texture": "#0"}
			}
		},
		{
			"name": "knife_6",
			"from": [4, 0, 7],
			"to": [5, 1, 13],
			"faces": {
				"north": {"uv": [5, 7, 4, 8], "texture": "#0"},
				"east": {"uv": [4, 7, 5, 13], "rotation": 90, "texture": "#0"},
				"south": {"uv": [4, 12, 5, 13], "texture": "#0"},
				"west": {"uv": [4, 7, 5, 13], "rotation": 270, "texture": "#0"},
				"up": {"uv": [4, 7, 5, 13], "texture": "#0"},
				"down": {"uv": [4, 13, 5, 7], "texture": "#0"}
			}
		},
		{
			"name": "knife_7",
			"from": [6, 0, 7],
			"to": [7, 1, 13],
			"faces": {
				"north": {"uv": [7, 7, 6, 8], "texture": "#0"},
				"east": {"uv": [6, 7, 7, 13], "rotation": 90, "texture": "#0"},
				"south": {"uv": [6, 12, 7, 13], "texture": "#0"},
				"west": {"uv": [6, 7, 7, 13], "rotation": 270, "texture": "#0"},
				"up": {"uv": [6, 7, 7, 13], "texture": "#0"},
				"down": {"uv": [6, 13, 7, 7], "texture": "#0"}
			}
		},
		{
			"name": "knife_8",
			"from": [10, 0, 7],
			"to": [11, 1, 8],
			"faces": {
				"north": {"uv": [11, 7, 10, 8], "texture": "#0"},
				"east": {"uv": [10, 7, 11, 8], "rotation": 90, "texture": "#0"},
				"south": {"uv": [10, 7, 11, 8], "texture": "#0"},
				"west": {"uv": [10, 7, 11, 8], "rotation": 270, "texture": "#0"},
				"up": {"uv": [10, 7, 11, 8], "texture": "#0"},
				"down": {"uv": [10, 8, 11, 7], "texture": "#0"}
			}
		},
		{
			"name": "knife_9",
			"from": [3, 0, 8],
			"to": [4, 1, 10],
			"faces": {
				"north": {"uv": [4, 8, 3, 9], "texture": "#0"},
				"east": {"uv": [3, 8, 4, 10], "rotation": 90, "texture": "#0"},
				"south": {"uv": [3, 9, 4, 10], "texture": "#0"},
				"west": {"uv": [3, 8, 4, 10], "rotation": 270, "texture": "#0"},
				"up": {"uv": [3, 8, 4, 10], "texture": "#0"},
				"down": {"uv": [3, 10, 4, 8], "texture": "#0"}
			}
		},
		{
			"name": "knife_10",
			"from": [5, 0, 8],
			"to": [6, 1, 12],
			"faces": {
				"north": {"uv": [6, 8, 5, 9], "texture": "#0"},
				"east": {"uv": [5, 8, 6, 12], "rotation": 90, "texture": "#0"},
				"south": {"uv": [5, 11, 6, 12], "texture": "#0"},
				"west": {"uv": [5, 8, 6, 12], "rotation": 270, "texture": "#0"},
				"up": {"uv": [5, 8, 6, 12], "texture": "#0"},
				"down": {"uv": [5, 12, 6, 8], "texture": "#0"}
			}
		},
		{
			"name": "knife_11",
			"from": [3, 0, 11],
			"to": [4, 1, 14],
			"faces": {
				"north": {"uv": [4, 11, 3, 12], "texture": "#0"},
				"east": {"uv": [3, 11, 4, 14], "rotation": 90, "texture": "#0"},
				"south": {"uv": [3, 13, 4, 14], "texture": "#0"},
				"west": {"uv": [3, 11, 4, 14], "rotation": 270, "texture": "#0"},
				"up": {"uv": [3, 11, 4, 14], "texture": "#0"},
				"down": {"uv": [3, 14, 4, 11], "texture": "#0"}
			}
		},
		{
			"name": "knife_12",
			"from": [8, 0, 11],
			"to": [9, 1, 12],
			"faces": {
				"north": {"uv": [9, 11, 8, 12], "texture": "#0"},
				"east": {"uv": [8, 11, 9, 12], "rotation": 90, "texture": "#0"},
				"south": {"uv": [8, 11, 9, 12], "texture": "#0"},
				"west": {"uv": [8, 11, 9, 12], "rotation": 270, "texture": "#0"},
				"up": {"uv": [8, 11, 9, 12], "texture": "#0"},
				"down": {"uv": [8, 12, 9, 11], "texture": "#0"}
			}
		},
		{
			"name": "knife_13",
			"from": [2, 0, 12],
			"to": [3, 1, 15],
			"faces": {
				"north": {"uv": [3, 12, 2, 13], "texture": "#0"},
				"east": {"uv": [2, 12, 3, 15], "rotation": 90, "texture": "#0"},
				"south": {"uv": [2, 14, 3, 15], "texture": "#0"},
				"west": {"uv": [2, 12, 3, 15], "rotation": 270, "texture": "#0"},
				"up": {"uv": [2, 12, 3, 15], "texture": "#0"},
				"down": {"uv": [2, 15, 3, 12], "texture": "#0"}
			}
		},
		{
			"name": "knife_14",
			"from": [1, 0, 13],
			"to": [2, 1, 15],
			"faces": {
				"north": {"uv": [2, 13, 1, 14], "texture": "#0"},
				"east": {"uv": [1, 13, 2, 15], "rotation": 90, "texture": "#0"},
				"south": {"uv": [1, 14, 2, 15], "texture": "#0"},
				"west": {"uv": [1, 13, 2, 15], "rotation": 270, "texture": "#0"},
				"up": {"uv": [1, 13, 2, 15], "texture": "#0"},
				"down": {"uv": [1, 15, 2, 13], "texture": "#0"}
			}
		}
	],
	"gui_light": "front",
	"display": {
		"thirdperson_righthand": {
			"rotation": [48.64, -0.28, 91.7],
			"translation": [-4.75, 2, 0.75],
			"scale": [0.5, 0.5, 0.5]
		},
		"thirdperson_lefthand": {
			"rotation": [142.39, -0.28, 91.7],
			"translation": [-4.75, 2, 0.75],
			"scale": [0.5, 0.5, 0.5]
		},
		"firstperson_righthand": {
			"rotation": [90, 46, 0],
			"translation": [4.5, 0, 0]
		},
		"firstperson_lefthand": {
			"rotation": [90, -41, 0],
			"translation": [4.5, 0, 0]
		},
		"ground": {
			"translation": [0, 1.75, 0],
			"scale": [0.5, 0.5, 0.5]
		},
		"gui": {
			"rotation": [90, 0, 0]
		},
		"head": {
			"rotation": [-45, 0, 90],
			"translation": [-7.75, -9.25, 0]
		},
		"fixed": {
			"rotation": [90, 0, 0],
			"translation": [0, 0, 7.25]
		}
	},
	"groups": [
		{
			"name": "knife",
			"origin": [8, 8, 8],
			"color": 0,
			"children": [0, 1, 2, 3, 4, 5, 6, 7, 8, 9, 10, 11, 12, 13, 14]
		}
	]
}