{
	"credit": "Made with Blockbench",
	"textures": {
		"0": "luck_and_pluck",
		"particle": "luck_and_pluck"
	},
	"elements": [
		{
			"name": "luck_and_pluck_0",
			"from": [0, 0, 0],
			"to": [3, 1, 3],
			"faces": {
				"north": {"uv": [3, 0, 0, 1], "texture": "#0"},
				"east": {"uv": [2, 0, 3, 3], "rotation": 90, "texture": "#0"},
				"south": {"uv": [0, 2, 3, 3], "texture": "#0"},
				"west": {"uv": [0, 0, 1, 3], "rotation": 270, "texture": "#0"},
				"up": {"uv": [0, 0, 3, 3], "texture": "#0"},
				"down": {"uv": [0, 3, 3, 0], "texture": "#0"}
			}
		},
		{
			"name": "luck_and_pluck_1",
			"from": [3, 0, 1],
			"to": [4, 1, 6],
			"faces": {
				"north": {"uv": [4, 1, 3, 2], "texture": "#0"},
				"east": {"uv": [3, 1, 4, 6], "rotation": 90, "texture": "#0"},
				"south": {"uv": [3, 5, 4, 6], "texture": "#0"},
				"west": {"uv": [3, 1, 4, 6], "rotation": 270, "texture": "#0"},
				"up": {"uv": [3, 1, 4, 6], "texture": "#0"},
				"down": {"uv": [3, 6, 4, 1], "texture": "#0"}
			}
		},
		{
			"name": "luck_and_pluck_2",
			"from": [4, 0, 2],
			"to": [5, 1, 7],
			"faces": {
				"north": {"uv": [5, 2, 4, 3], "texture": "#0"},
				"east": {"uv": [4, 2, 5, 7], "rotation": 90, "texture": "#0"},
				"south": {"uv": [4, 6, 5, 7], "texture": "#0"},
				"west": {"uv": [4, 2, 5, 7], "rotation": 270, "texture": "#0"},
				"up": {"uv": [4, 2, 5, 7], "texture": "#0"},
				"down": {"uv": [4, 7, 5, 2], "texture": "#0"}
			}
		},
		{
			"name": "luck_and_pluck_3",
			"from": [1, 0, 3],
			"to": [3, 1, 4],
			"faces": {
				"north": {"uv": [3, 3, 1, 4], "texture": "#0"},
				"east": {"uv": [2, 3, 3, 4], "rotation": 90, "texture": "#0"},
				"south": {"uv": [1, 3, 3, 4], "texture": "#0"},
				"west": {"uv": [1, 3, 2, 4], "rotation": 270, "texture": "#0"},
				"up": {"uv": [1, 3, 3, 4], "texture": "#0"},
				"down": {"uv": [1, 4, 3, 3], "texture": "#0"}
			}
		},
		{
			"name": "luck_and_pluck_4",
			"from": [5, 0, 3],
			"to": [6, 1, 8],
			"faces": {
				"north": {"uv": [6, 3, 5, 4], "texture": "#0"},
				"east": {"uv": [5, 3, 6, 8], "rotation": 90, "texture": "#0"},
				"south": {"uv": [5, 7, 6, 8], "texture": "#0"},
				"west": {"uv": [5, 3, 6, 8], "rotation": 270, "texture": "#0"},
				"up": {"uv": [5, 3, 6, 8], "texture": "#0"},
				"down": {"uv": [5, 8, 6, 3], "texture": "#0"}
			}
		},
		{
			"name": "luck_and_pluck_5",
			"from": [2, 0, 4],
			"to": [3, 1, 5],
			"faces": {
				"north": {"uv": [3, 4, 2, 5], "texture": "#0"},
				"east": {"uv": [2, 4, 3, 5], "rotation": 90, "texture": "#0"},
				"south": {"uv": [2, 4, 3, 5], "texture": "#0"},
				"west": {"uv": [2, 4, 3, 5], "rotation": 270, "texture": "#0"},
				"up": {"uv": [2, 4, 3, 5], "texture": "#0"},
				"down": {"uv": [2, 5, 3, 4], "texture": "#0"}
			}
		},
		{
			"name": "luck_and_pluck_6",
			"from": [6, 0, 4],
			"to": [7, 1, 9],
			"faces": {
				"north": {"uv": [7, 4, 6, 5], "texture": "#0"},
				"east": {"uv": [6, 4, 7, 9], "rotation": 90, "texture": "#0"},
				"south": {"uv": [6, 8, 7, 9], "texture": "#0"},
				"west": {"uv": [6, 4, 7, 9], "rotation": 270, "texture": "#0"},
				"up": {"uv": [6, 4, 7, 9], "texture": "#0"},
				"down": {"uv": [6, 9, 7, 4], "texture": "#0"}
			}
		},
		{
			"name": "luck_and_pluck_7",
			"from": [7, 0, 5],
			"to": [8, 1, 10],
			"faces": {
				"north": {"uv": [8, 5, 7, 6], "texture": "#0"},
				"east": {"uv": [7, 5, 8, 10], "rotation": 90, "texture": "#0"},
				"south": {"uv": [7, 9, 8, 10], "texture": "#0"},
				"west": {"uv": [7, 5, 8, 10], "rotation": 270, "texture": "#0"},
				"up": {"uv": [7, 5, 8, 10], "texture": "#0"},
				"down": {"uv": [7, 10, 8, 5], "texture": "#0"}
			}
		},
		{
			"name": "luck_and_pluck_8",
			"from": [8, 0, 6],
			"to": [9, 1, 11],
			"faces": {
				"north": {"uv": [9, 6, 8, 7], "texture": "#0"},
				"east": {"uv": [8, 6, 9, 11], "rotation": 90, "texture": "#0"},
				"south": {"uv": [8, 10, 9, 11], "texture": "#0"},
				"west": {"uv": [8, 6, 9, 11], "rotation": 270, "texture": "#0"},
				"up": {"uv": [8, 6, 9, 11], "texture": "#0"},
				"down": {"uv": [8, 11, 9, 6], "texture": "#0"}
			}
		},
		{
			"name": "luck_and_pluck_9",
			"from": [9, 0, 7],
			"to": [10, 1, 12],
			"faces": {
				"north": {"uv": [10, 7, 9, 8], "texture": "#0"},
				"east": {"uv": [9, 7, 10, 12], "rotation": 90, "texture": "#0"},
				"south": {"uv": [9, 11, 10, 12], "texture": "#0"},
				"west": {"uv": [9, 7, 10, 12], "rotation": 270, "texture": "#0"},
				"up": {"uv": [9, 7, 10, 12], "texture": "#0"},
				"down": {"uv": [9, 12, 10, 7], "texture": "#0"}
			}
		},
		{
			"name": "luck_and_pluck_10",
			"from": [10, 0, 8],
			"to": [11, 1, 15],
			"faces": {
				"north": {"uv": [11, 8, 10, 9], "texture": "#0"},
				"east": {"uv": [10, 8, 11, 15], "rotation": 90, "texture": "#0"},
				"south": {"uv": [10, 14, 11, 15], "texture": "#0"},
				"west": {"uv": [10, 8, 11, 15], "rotation": 270, "texture": "#0"},
				"up": {"uv": [10, 8, 11, 15], "texture": "#0"},
				"down": {"uv": [10, 15, 11, 8], "texture": "#0"}
			}
		},
		{
			"name": "luck_and_pluck_11",
			"from": [15, 0, 8],
			"to": [16, 1, 10],
			"faces": {
				"north": {"uv": [16, 8, 15, 9], "texture": "#0"},
				"east": {"uv": [15, 8, 16, 10], "rotation": 90, "texture": "#0"},
				"south": {"uv": [15, 9, 16, 10], "texture": "#0"},
				"west": {"uv": [15, 8, 16, 10], "rotation": 270, "texture": "#0"},
				"up": {"uv": [15, 8, 16, 10], "texture": "#0"},
				"down": {"uv": [15, 10, 16, 8], "texture": "#0"}
			}
		},
		{
			"name": "luck_and_pluck_12",
			"from": [11, 0, 9],
			"to": [12, 1, 14],
			"faces": {
				"north": {"uv": [12, 9, 11, 10], "texture": "#0"},
				"east": {"uv": [11, 9, 12, 14], "rotation": 90, "texture": "#0"},
				"south": {"uv": [11, 13, 12, 14], "texture": "#0"},
				"west": {"uv": [11, 9, 12, 14], "rotation": 270, "texture": "#0"},
				"up": {"uv": [11, 9, 12, 14], "texture": "#0"},
				"down": {"uv": [11, 14, 12, 9], "texture": "#0"}
			}
		},
		{
			"name": "luck_and_pluck_13",
			"from": [14, 0, 9],
			"to": [15, 1, 11],
			"faces": {
				"north": {"uv": [15, 9, 14, 10], "texture": "#0"},
				"east": {"uv": [14, 9, 15, 11], "rotation": 90, "texture": "#0"},
				"south": {"uv": [14, 10, 15, 11], "texture": "#0"},
				"west": {"uv": [14, 9, 15, 11], "rotation": 270, "texture": "#0"},
				"up": {"uv": [14, 9, 15, 11], "texture": "#0"},
				"down": {"uv": [14, 11, 15, 9], "texture": "#0"}
			}
		},
		{
			"name": "luck_and_pluck_14",
			"from": [12, 0, 10],
			"to": [14, 1, 14],
			"faces": {
				"north": {"uv": [14, 10, 12, 11], "texture": "#0"},
				"east": {"uv": [13, 10, 14, 14], "rotation": 90, "texture": "#0"},
				"south": {"uv": [12, 13, 14, 14], "texture": "#0"},
				"west": {"uv": [12, 10, 13, 14], "rotation": 270, "texture": "#0"},
				"up": {"uv": [12, 10, 14, 14], "texture": "#0"},
				"down": {"uv": [12, 14, 14, 10], "texture": "#0"}
			}
		},
		{
			"name": "luck_and_pluck_15",
			"from": [14, 0, 13],
			"to": [15, 1, 16],
			"faces": {
				"north": {"uv": [15, 13, 14, 14], "texture": "#0"},
				"east": {"uv": [14, 13, 15, 16], "rotation": 90, "texture": "#0"},
				"south": {"uv": [14, 15, 15, 16], "texture": "#0"},
				"west": {"uv": [14, 13, 15, 16], "rotation": 270, "texture": "#0"},
				"up": {"uv": [14, 13, 15, 16], "texture": "#0"},
				"down": {"uv": [14, 16, 15, 13], "texture": "#0"}
			}
		},
		{
			"name": "luck_and_pluck_16",
			"from": [9, 0, 14],
			"to": [10, 1, 16],
			"faces": {
				"north": {"uv": [10, 14, 9, 15], "texture": "#0"},
				"east": {"uv": [9, 14, 10, 16], "rotation": 90, "texture": "#0"},
				"south": {"uv": [9, 15, 10, 16], "texture": "#0"},
				"west": {"uv": [9, 14, 10, 16], "rotation": 270, "texture": "#0"},
				"up": {"uv": [9, 14, 10, 16], "texture": "#0"},
				"down": {"uv": [9, 16, 10, 14], "texture": "#0"}
			}
		},
		{
			"name": "luck_and_pluck_17",
			"from": [13, 0, 14],
			"to": [14, 1, 15],
			"faces": {
				"north": {"uv": [14, 14, 13, 15], "texture": "#0"},
				"east": {"uv": [13, 14, 14, 15], "rotation": 90, "texture": "#0"},
				"south": {"uv": [13, 14, 14, 15], "texture": "#0"},
				"west": {"uv": [13, 14, 14, 15], "rotation": 270, "texture": "#0"},
				"up": {"uv": [13, 14, 14, 15], "texture": "#0"},
				"down": {"uv": [13, 15, 14, 14], "texture": "#0"}
			}
		},
		{
			"name": "luck_and_pluck_18",
			"from": [15, 0, 14],
			"to": [16, 1, 16],
			"faces": {
				"north": {"uv": [16, 14, 15, 15], "texture": "#0"},
				"east": {"uv": [15, 14, 16, 16], "rotation": 90, "texture": "#0"},
				"south": {"uv": [15, 15, 16, 16], "texture": "#0"},
				"west": {"uv": [15, 14, 16, 16], "rotation": 270, "texture": "#0"},
				"up": {"uv": [15, 14, 16, 16], "texture": "#0"},
				"down": {"uv": [15, 16, 16, 14], "texture": "#0"}
			}
		},
		{
			"name": "luck_and_pluck_19",
			"from": [8, 0, 15],
			"to": [9, 1, 16],
			"faces": {
				"north": {"uv": [9, 15, 8, 16], "texture": "#0"},
				"east": {"uv": [8, 15, 9, 16], "rotation": 90, "texture": "#0"},
				"south": {"uv": [8, 15, 9, 16], "texture": "#0"},
				"west": {"uv": [8, 15, 9, 16], "rotation": 270, "texture": "#0"},
				"up": {"uv": [8, 15, 9, 16], "texture": "#0"},
				"down": {"uv": [8, 16, 9, 15], "texture": "#0"}
			}
		}
	],
	"display": {
		"thirdperson_righthand": {
			"rotation": [45.27, 0.67, -89.6],
			"translation": [7.25, 7.25, 2.5]
		},
		"thirdperson_lefthand": {
			"rotation": [138.74, 0.78, -90.01],
			"translation": [8, 7.5, 2.75]
		},
		"firstperson_righthand": {
			"rotation": [113.59, -7.98, 79.01],
			"translation": [-7.75, 6.75, 2.5],
			"scale": [0.72852, 0.72852, 0.72852]
		},
		"firstperson_lefthand": {
			"rotation": [115.99, -9.22, -107.6],
			"translation": [1.75, 6.75, 0],
			"scale": [0.68164, 0.68164, 0.68164]
		},
		"ground": {
			"translation": [0, 4.25, 0]
		},
		"gui": {
			"rotation": [90, 0, 0]
		},
		"fixed": {
			"rotation": [90, 0, 0],
			"translation": [0, 0, 7.25]
		}
	},
	"groups": [
		{
			"name": "luck_and_pluck",
			"origin": [8, 8, 8],
			"color": 0,
			"children": [0, 1, 2, 3, 4, 5, 6, 7, 8, 9, 10, 11, 12, 13, 14, 15, 16, 17, 18, 19]
		}
	]
}