{
	"credit": "Made with Blockbench",
	"textures": {
		"0": "nw:item/paper",
		"particle": "nw:item/paper"
	},
	"elements": [
		{
			"name": "paper_0",
			"from": [9, 0, 2],
			"to": [11, 1, 12],
			"faces": {
				"north": {"uv": [11, 2, 9, 3], "texture": "#0"},
				"east": {"uv": [10, 2, 11, 12], "rotation": 90, "texture": "#0"},
				"south": {"uv": [9, 11, 11, 12], "texture": "#0"},
				"west": {"uv": [9, 2, 10, 12], "rotation": 270, "texture": "#0"},
				"up": {"uv": [9, 2, 11, 12], "texture": "#0"},
				"down": {"uv": [9, 12, 11, 2], "texture": "#0"}
			}
		},
		{
			"name": "paper_1",
			"from": [8, 0, 3],
			"to": [9, 1, 13],
			"faces": {
				"north": {"uv": [9, 3, 8, 4], "texture": "#0"},
				"east": {"uv": [8, 3, 9, 13], "rotation": 90, "texture": "#0"},
				"south": {"uv": [8, 12, 9, 13], "texture": "#0"},
				"west": {"uv": [8, 3, 9, 13], "rotation": 270, "texture": "#0"},
				"up": {"uv": [8, 3, 9, 13], "texture": "#0"},
				"down": {"uv": [8, 13, 9, 3], "texture": "#0"}
			}
		},
		{
			"name": "paper_2",
			"from": [11, 0, 3],
			"to": [12, 1, 11],
			"faces": {
				"north": {"uv": [12, 3, 11, 4], "texture": "#0"},
				"east": {"uv": [11, 3, 12, 11], "rotation": 90, "texture": "#0"},
				"south": {"uv": [11, 10, 12, 11], "texture": "#0"},
				"west": {"uv": [11, 3, 12, 11], "rotation": 270, "texture": "#0"},
				"up": {"uv": [11, 3, 12, 11], "texture": "#0"},
				"down": {"uv": [11, 11, 12, 3], "texture": "#0"}
			}
		},
		{
			"name": "paper_3",
			"from": [6, 0, 4],
			"to": [8, 1, 14],
			"faces": {
				"north": {"uv": [8, 4, 6, 5], "texture": "#0"},
				"east": {"uv": [7, 4, 8, 14], "rotation": 90, "texture": "#0"},
				"south": {"uv": [6, 13, 8, 14], "texture": "#0"},
				"west": {"uv": [6, 4, 7, 14], "rotation": 270, "texture": "#0"},
				"up": {"uv": [6, 4, 8, 14], "texture": "#0"},
				"down": {"uv": [6, 14, 8, 4], "texture": "#0"}
			}
		},
		{
			"name": "paper_4",
			"from": [12, 0, 4],
			"to": [13, 1, 11],
			"faces": {
				"north": {"uv": [13, 4, 12, 5], "texture": "#0"},
				"east": {"uv": [12, 4, 13, 11], "rotation": 90, "texture": "#0"},
				"south": {"uv": [12, 10, 13, 11], "texture": "#0"},
				"west": {"uv": [12, 4, 13, 11], "rotation": 270, "texture": "#0"},
				"up": {"uv": [12, 4, 13, 11], "texture": "#0"},
				"down": {"uv": [12, 11, 13, 4], "texture": "#0"}
			}
		},
		{
			"name": "paper_5",
			"from": [5, 0, 5],
			"to": [6, 1, 13],
			"faces": {
				"north": {"uv": [6, 5, 5, 6], "texture": "#0"},
				"east": {"uv": [5, 5, 6, 13], "rotation": 90, "texture": "#0"},
				"south": {"uv": [5, 12, 6, 13], "texture": "#0"},
				"west": {"uv": [5, 5, 6, 13], "rotation": 270, "texture": "#0"},
				"up": {"uv": [5, 5, 6, 13], "texture": "#0"},
				"down": {"uv": [5, 13, 6, 5], "texture": "#0"}
			}
		},
		{
			"name": "paper_6",
			"from": [13, 0, 5],
			"to": [14, 1, 10],
			"faces": {
				"north": {"uv": [14, 5, 13, 6], "texture": "#0"},
				"east": {"uv": [13, 5, 14, 10], "rotation": 90, "texture": "#0"},
				"south": {"uv": [13, 9, 14, 10], "texture": "#0"},
				"west": {"uv": [13, 5, 14, 10], "rotation": 270, "texture": "#0"},
				"up": {"uv": [13, 5, 14, 10], "texture": "#0"},
				"down": {"uv": [13, 10, 14, 5], "texture": "#0"}
			}
		},
		{
			"name": "paper_7",
			"from": [3, 0, 6],
			"to": [5, 1, 11],
			"faces": {
				"north": {"uv": [5, 6, 3, 7], "texture": "#0"},
				"east": {"uv": [4, 6, 5, 11], "rotation": 90, "texture": "#0"},
				"south": {"uv": [3, 10, 5, 11], "texture": "#0"},
				"west": {"uv": [3, 6, 4, 11], "rotation": 270, "texture": "#0"},
				"up": {"uv": [3, 6, 5, 11], "texture": "#0"},
				"down": {"uv": [3, 11, 5, 6], "texture": "#0"}
			}
		},
		{
			"name": "paper_8",
			"from": [14, 0, 6],
			"to": [15, 1, 9],
			"faces": {
				"north": {"uv": [15, 6, 14, 7], "texture": "#0"},
				"east": {"uv": [14, 6, 15, 9], "rotation": 90, "texture": "#0"},
				"south": {"uv": [14, 8, 15, 9], "texture": "#0"},
				"west": {"uv": [14, 6, 15, 9], "rotation": 270, "texture": "#0"},
				"up": {"uv": [14, 6, 15, 9], "texture": "#0"},
				"down": {"uv": [14, 9, 15, 6], "texture": "#0"}
			}
		},
		{
			"name": "paper_9",
			"from": [2, 0, 7],
			"to": [3, 1, 10],
			"faces": {
				"north": {"uv": [3, 7, 2, 8], "texture": "#0"},
				"east": {"uv": [2, 7, 3, 10], "rotation": 90, "texture": "#0"},
				"south": {"uv": [2, 9, 3, 10], "texture": "#0"},
				"west": {"uv": [2, 7, 3, 10], "rotation": 270, "texture": "#0"},
				"up": {"uv": [2, 7, 3, 10], "texture": "#0"},
				"down": {"uv": [2, 10, 3, 7], "texture": "#0"}
			}
		},
		{
			"name": "paper_10",
			"from": [15, 0, 7],
			"to": [16, 1, 8],
			"faces": {
				"north": {"uv": [16, 7, 15, 8], "texture": "#0"},
				"east": {"uv": [15, 7, 16, 8], "rotation": 90, "texture": "#0"},
				"south": {"uv": [15, 7, 16, 8], "texture": "#0"},
				"west": {"uv": [15, 7, 16, 8], "rotation": 270, "texture": "#0"},
				"up": {"uv": [15, 7, 16, 8], "texture": "#0"},
				"down": {"uv": [15, 8, 16, 7], "texture": "#0"}
			}
		},
		{
			"name": "paper_11",
			"from": [1, 0, 8],
			"to": [2, 1, 9],
			"faces": {
				"north": {"uv": [2, 8, 1, 9], "texture": "#0"},
				"east": {"uv": [1, 8, 2, 9], "rotation": 90, "texture": "#0"},
				"south": {"uv": [1, 8, 2, 9], "texture": "#0"},
				"west": {"uv": [1, 8, 2, 9], "rotation": 270, "texture": "#0"},
				"up": {"uv": [1, 8, 2, 9], "texture": "#0"},
				"down": {"uv": [1, 9, 2, 8], "texture": "#0"}
			}
		},
		{
			"name": "paper_12",
			"from": [4, 0, 11],
			"to": [5, 1, 12],
			"faces": {
				"north": {"uv": [5, 11, 4, 12], "texture": "#0"},
				"east": {"uv": [4, 11, 5, 12], "rotation": 90, "texture": "#0"},
				"south": {"uv": [4, 11, 5, 12], "texture": "#0"},
				"west": {"uv": [4, 11, 5, 12], "rotation": 270, "texture": "#0"},
				"up": {"uv": [4, 11, 5, 12], "texture": "#0"},
				"down": {"uv": [4, 12, 5, 11], "texture": "#0"}
			}
		},
		{
			"name": "paper_13",
			"from": [9, 0, 12],
			"to": [10, 1, 13],
			"faces": {
				"north": {"uv": [10, 12, 9, 13], "texture": "#0"},
				"east": {"uv": [9, 12, 10, 13], "rotation": 90, "texture": "#0"},
				"south": {"uv": [9, 12, 10, 13], "texture": "#0"},
				"west": {"uv": [9, 12, 10, 13], "rotation": 270, "texture": "#0"},
				"up": {"uv": [9, 12, 10, 13], "texture": "#0"},
				"down": {"uv": [9, 13, 10, 12], "texture": "#0"}
			}
		}
	],
	"gui_light": "front",
	"display": {
		"thirdperson_righthand": {
			"rotation": [90, 0, 0],
			"translation": [0, 2.25, 4.25],
			"scale": [0.5, 0.5, 0.5]
		},
		"thirdperson_lefthand": {
			"rotation": [90, 0, 0],
			"translation": [0, 2.25, 4.25],
			"scale": [0.5, 0.5, 0.5]
		},
		"firstperson_righthand": {
			"rotation": [90, 0, 0],
			"translation": [5, 0, 0]
		},
		"firstperson_lefthand": {
			"rotation": [90, 0, 0],
			"translation": [5, 0, 0]
		},
		"ground": {
			"scale": [0.5, 0.5, 0.5]
		},
		"gui": {
			"rotation": [90, 0, 0]
		},
		"fixed": {
			"rotation": [90, 0, 0],
			"translation": [0, 0, 7]
		}
	},
	"groups": [
		{
			"name": "paper",
			"origin": [8, 8, 8],
			"color": 0,
			"children": [0, 1, 2, 3, 4, 5, 6, 7, 8, 9, 10, 11, 12, 13]
		}
	]
}