{
	"credit": "Made with Blockbench",
	"ambientocclusion": false,
	"texture_size": [32, 32],
	"textures": {
		"0": "nw:item/pluck",
		"particle": "nw:item/pluck"
	},
	"elements": [
		{
			"from": [7.25, 0.25, 10],
			"to": [7.75, 0.75, 11],
			"rotation": {"angle": 0, "axis": "z", "origin": [7.48201, 6.48681, 10.50937]},
			"faces": {
				"north": {"uv": [8.5, 4.5, 9, 5], "texture": "#0"},
				"east": {"uv": [7, 6.5, 7.5, 7], "texture": "#0"},
				"south": {"uv": [5, 8.5, 5.5, 9], "texture": "#0"},
				"west": {"uv": [7, 7, 7.5, 7.5], "texture": "#0"},
				"up": {"uv": [8, 0.5, 7.5, 0], "texture": "#0"},
				"down": {"uv": [8, 0.5, 7.5, 1], "texture": "#0"}
			}
		},
		{
			"from": [9.15439, 0.63596, 10],
			"to": [9.65439, 1.13596, 11],
			"rotation": {"angle": -22.5, "axis": "z", "origin": [7.48201, 6.48681, 10.50937]},
			"faces": {
				"north": {"uv": [8.5, 5, 9, 5.5], "texture": "#0"},
				"east": {"uv": [1, 7.5, 1.5, 8], "texture": "#0"},
				"south": {"uv": [5.5, 8.5, 6, 9], "texture": "#0"},
				"west": {"uv": [1.5, 7.5, 2, 8], "texture": "#0"},
				"up": {"uv": [8, 2.5, 7.5, 2], "texture": "#0"},
				"down": {"uv": [8, 2.5, 7.5, 3], "texture": "#0"}
			}
		},
		{
			"from": [10.76611, 1.72133, 10],
			"to": [11.26611, 2.22133, 11],
			"rotation": {"angle": -45, "axis": "z", "origin": [7.48201, 6.48681, 10.50937]},
			"faces": {
				"north": {"uv": [8.5, 6, 9, 6.5], "texture": "#0"},
				"east": {"uv": [4, 7.5, 4.5, 8], "texture": "#0"},
				"south": {"uv": [6.5, 8.5, 7, 9], "texture": "#0"},
				"west": {"uv": [7.5, 4, 8, 4.5], "texture": "#0"},
				"up": {"uv": [5, 8, 4.5, 7.5], "texture": "#0"},
				"down": {"uv": [8, 4.5, 7.5, 5], "texture": "#0"}
			}
		},
		{
			"from": [4.33604, 1.62902, 10],
			"to": [4.83604, 2.12902, 11],
			"rotation": {"angle": 22.5, "axis": "z", "origin": [7.48201, 6.48681, 10.50937]},
			"faces": {
				"north": {"uv": [8.5, 5.5, 9, 6], "texture": "#0"},
				"east": {"uv": [3, 7.5, 3.5, 8], "texture": "#0"},
				"south": {"uv": [6, 8.5, 6.5, 9], "texture": "#0"},
				"west": {"uv": [7.5, 3, 8, 3.5], "texture": "#0"},
				"up": {"uv": [4, 8, 3.5, 7.5], "texture": "#0"},
				"down": {"uv": [8, 3.5, 7.5, 4], "texture": "#0"}
			}
		},
		{
			"from": [8.25683, 1.25683, 10],
			"to": [8.75683, 1.75683, 11],
			"rotation": {"angle": 0, "axis": "z", "origin": [7.48201, 6.48681, 10.50937]},
			"faces": {
				"north": {"uv": [8.5, 8, 9, 8.5], "texture": "#0"},
				"east": {"uv": [0.5, 8, 1, 8.5], "texture": "#0"},
				"south": {"uv": [8.5, 8.5, 9, 9], "texture": "#0"},
				"west": {"uv": [8, 0.5, 8.5, 1], "texture": "#0"},
				"up": {"uv": [1.5, 8.5, 1, 8], "texture": "#0"},
				"down": {"uv": [8.5, 1, 8, 1.5], "texture": "#0"}
			}
		},
		{
			"from": [6.50683, 0.73183, 10.1],
			"to": [8.50683, 2.25683, 10.9],
			"rotation": {"angle": 0, "axis": "z", "origin": [7.48201, 6.48681, 10.50937]},
			"faces": {
				"north": {"uv": [4, 3, 5, 4], "texture": "#0"},
				"east": {"uv": [5.5, 5.5, 6, 6.5], "texture": "#0"},
				"south": {"uv": [4.5, 4, 5.5, 5], "texture": "#0"},
				"west": {"uv": [2, 6, 2.5, 7], "texture": "#0"},
				"up": {"uv": [4.5, 6, 3.5, 5.5], "texture": "#0"},
				"down": {"uv": [6.5, 4, 5.5, 4.5], "texture": "#0"}
			}
		},
		{
			"from": [10.16122, 1.6428, 10],
			"to": [10.66122, 2.1428, 11],
			"rotation": {"angle": -22.5, "axis": "z", "origin": [7.48201, 6.48681, 10.50937]},
			"faces": {
				"north": {"uv": [8.5, 7.5, 9, 8], "texture": "#0"},
				"east": {"uv": [7.5, 7, 8, 7.5], "texture": "#0"},
				"south": {"uv": [8, 8.5, 8.5, 9], "texture": "#0"},
				"west": {"uv": [7.5, 7.5, 8, 8], "texture": "#0"},
				"up": {"uv": [0.5, 8.5, 0, 8], "texture": "#0"},
				"down": {"uv": [8.5, 0, 8, 0.5], "texture": "#0"}
			}
		},
		{
			"from": [11.77294, 2.72817, 10],
			"to": [12.27294, 3.22817, 11],
			"rotation": {"angle": -45, "axis": "z", "origin": [7.48201, 6.48681, 10.50937]},
			"faces": {
				"north": {"uv": [8.5, 7, 9, 7.5], "rotation": 90, "texture": "#0"},
				"east": {"uv": [7.5, 7.5, 7, 8], "rotation": 270, "texture": "#0"},
				"south": {"uv": [7.5, 8.5, 8, 9], "rotation": 270, "texture": "#0"},
				"west": {"uv": [8, 7, 7.5, 6.5], "rotation": 270, "texture": "#0"},
				"up": {"uv": [7.5, 6, 8, 6.5], "rotation": 270, "texture": "#0"},
				"down": {"uv": [6.5, 7.5, 7, 8], "rotation": 270, "texture": "#0"}
			}
		},
		{
			"from": [5.34287, 0.62219, 10],
			"to": [5.84287, 1.12219, 11],
			"rotation": {"angle": 22.5, "axis": "z", "origin": [7.48201, 6.48681, 10.50937]},
			"faces": {
				"north": {"uv": [8.5, 6.5, 9, 7], "texture": "#0"},
				"east": {"uv": [7.5, 5, 8, 5.5], "texture": "#0"},
				"south": {"uv": [7, 8.5, 7.5, 9], "texture": "#0"},
				"west": {"uv": [5.5, 7.5, 6, 8], "texture": "#0"},
				"up": {"uv": [8, 6, 7.5, 5.5], "texture": "#0"},
				"down": {"uv": [6.5, 7.5, 6, 8], "texture": "#0"}
			}
		},
		{
			"from": [7.25, 2.26367, 10],
			"to": [7.75, 2.76367, 11],
			"rotation": {"angle": 0, "axis": "z", "origin": [7.48201, 6.48681, 10.50937]},
			"faces": {
				"north": {"uv": [9, 1.5, 9.5, 2], "texture": "#0"},
				"east": {"uv": [4.5, 8, 5, 8.5], "texture": "#0"},
				"south": {"uv": [2, 9, 2.5, 9.5], "texture": "#0"},
				"west": {"uv": [8, 4.5, 8.5, 5], "texture": "#0"},
				"up": {"uv": [5.5, 8.5, 5, 8], "texture": "#0"},
				"down": {"uv": [8.5, 5, 8, 5.5], "texture": "#0"}
			}
		},
		{
			"from": [9.15439, 2.64963, 10],
			"to": [9.65439, 3.14963, 11],
			"rotation": {"angle": -22.5, "axis": "z", "origin": [7.48201, 6.48681, 10.50937]},
			"faces": {
				"north": {"uv": [1, 9, 1.5, 9.5], "texture": "#0"},
				"east": {"uv": [3.5, 8, 4, 8.5], "texture": "#0"},
				"south": {"uv": [1.5, 9, 2, 9.5], "texture": "#0"},
				"west": {"uv": [8, 3.5, 8.5, 4], "texture": "#0"},
				"up": {"uv": [4.5, 8.5, 4, 8], "texture": "#0"},
				"down": {"uv": [8.5, 4, 8, 4.5], "texture": "#0"}
			}
		},
		{
			"from": [5.34287, 2.63586, 10],
			"to": [5.84287, 3.13586, 11],
			"rotation": {"angle": 22.5, "axis": "z", "origin": [7.48201, 6.48681, 10.50937]},
			"faces": {
				"north": {"uv": [0.5, 9, 1, 9.5], "texture": "#0"},
				"east": {"uv": [2.5, 8, 3, 8.5], "texture": "#0"},
				"south": {"uv": [9, 0.5, 9.5, 1], "texture": "#0"},
				"west": {"uv": [8, 2.5, 8.5, 3], "texture": "#0"},
				"up": {"uv": [3.5, 8.5, 3, 8], "texture": "#0"},
				"down": {"uv": [8.5, 3, 8, 3.5], "texture": "#0"}
			}
		},
		{
			"from": [10.76611, 3.735, 10],
			"to": [11.26611, 4.235, 11],
			"rotation": {"angle": -45, "axis": "z", "origin": [7.48201, 6.48681, 10.50937]},
			"faces": {
				"north": {"uv": [0, 9, 0.5, 9.5], "texture": "#0"},
				"east": {"uv": [1.5, 8, 2, 8.5], "texture": "#0"},
				"south": {"uv": [9, 0, 9.5, 0.5], "texture": "#0"},
				"west": {"uv": [8, 1.5, 8.5, 2], "texture": "#0"},
				"up": {"uv": [2.5, 8.5, 2, 8], "texture": "#0"},
				"down": {"uv": [8.5, 2, 8, 2.5], "texture": "#0"}
			}
		},
		{
			"from": [6.34971, 1.62902, 10],
			"to": [6.84971, 2.12902, 11],
			"rotation": {"angle": 22.5, "axis": "z", "origin": [7.48201, 6.48681, 10.50937]},
			"faces": {
				"north": {"uv": [9, 2, 9.5, 2.5], "texture": "#0"},
				"east": {"uv": [5.5, 8, 6, 8.5], "texture": "#0"},
				"south": {"uv": [2.5, 9, 3, 9.5], "texture": "#0"},
				"west": {"uv": [8, 5.5, 8.5, 6], "texture": "#0"},
				"up": {"uv": [6.5, 8.5, 6, 8], "texture": "#0"},
				"down": {"uv": [8.5, 6, 8, 6.5], "texture": "#0"}
			}
		},
		{
			"from": [9.75927, 2.72817, 10],
			"to": [10.25927, 3.22817, 11],
			"rotation": {"angle": -45, "axis": "z", "origin": [7.48201, 6.48681, 10.50937]},
			"faces": {
				"north": {"uv": [9, 4, 9.5, 4.5], "rotation": 90, "texture": "#0"},
				"east": {"uv": [1.5, 8.5, 1, 9], "rotation": 270, "texture": "#0"},
				"south": {"uv": [9, 4.5, 9.5, 5], "rotation": 270, "texture": "#0"},
				"west": {"uv": [9, 1, 8.5, 0.5], "rotation": 270, "texture": "#0"},
				"up": {"uv": [8.5, 0, 9, 0.5], "rotation": 270, "texture": "#0"},
				"down": {"uv": [0.5, 8.5, 1, 9], "rotation": 270, "texture": "#0"}
			}
		},
		{
			"from": [13.37786, 19.99896, 10.325],
			"to": [14.12786, 20.49896, 10.775],
			"rotation": {"angle": 22.5, "axis": "z", "origin": [7.48201, 6.48681, 10.50937]},
			"faces": {
				"north": {"uv": [8.5, 1.5, 9, 2], "texture": "#0"},
				"east": {"uv": [5.5, 9, 6, 9.5], "texture": "#0"},
				"south": {"uv": [8.5, 2, 9, 2.5], "texture": "#0"},
				"west": {"uv": [9, 5.5, 9.5, 6], "texture": "#0"},
				"up": {"uv": [3, 9, 2.5, 8.5], "texture": "#0"},
				"down": {"uv": [9, 2.5, 8.5, 3], "texture": "#0"}
			}
		},
		{
			"from": [-4.06389, 16.84538, 10.325],
			"to": [-3.56389, 17.99538, 10.775],
			"rotation": {"angle": -45, "axis": "z", "origin": [7.48201, 6.48681, 10.50937]},
			"faces": {
				"north": {"uv": [7, 1, 8, 1.5], "rotation": 90, "texture": "#0"},
				"east": {"uv": [2.5, 8.5, 1.5, 9], "rotation": 270, "texture": "#0"},
				"south": {"uv": [7, 1.5, 8, 2], "rotation": 270, "texture": "#0"},
				"west": {"uv": [9.5, 1.5, 8.5, 1], "rotation": 270, "texture": "#0"},
				"up": {"uv": [7.5, 9, 8, 9.5], "rotation": 270, "texture": "#0"},
				"down": {"uv": [9, 7.5, 9.5, 8], "rotation": 270, "texture": "#0"}
			}
		},
		{
			"from": [-3.67028, 16.73899, 10.325],
			"to": [-2.92028, 17.98899, 10.775],
			"rotation": {"angle": -45, "axis": "z", "origin": [7.48201, 6.48681, 10.50937]},
			"faces": {
				"north": {"uv": [1, 6.5, 1.5, 7.5], "texture": "#0"},
				"east": {"uv": [0.5, 7, 1, 8], "texture": "#0"},
				"south": {"uv": [1.5, 6.5, 2, 7.5], "texture": "#0"},
				"west": {"uv": [2, 7, 2.5, 8], "texture": "#0"},
				"up": {"uv": [3.5, 9, 3, 8.5], "texture": "#0"},
				"down": {"uv": [9, 3, 8.5, 3.5], "texture": "#0"}
			}
		},
		{
			"from": [6.45109, 21.01367, 10.325],
			"to": [8.45109, 21.51367, 10.775],
			"rotation": {"angle": 0, "axis": "z", "origin": [7.48201, 6.48681, 10.50937]},
			"faces": {
				"north": {"uv": [3.5, 6, 4.5, 6.5], "texture": "#0"},
				"east": {"uv": [7, 9, 7.5, 9.5], "texture": "#0"},
				"south": {"uv": [4.5, 6, 5.5, 6.5], "texture": "#0"},
				"west": {"uv": [9, 7, 9.5, 7.5], "texture": "#0"},
				"up": {"uv": [7.5, 3.5, 6.5, 3], "texture": "#0"},
				"down": {"uv": [4.5, 6.5, 3.5, 7], "texture": "#0"}
			}
		},
		{
			"from": [0.77904, 19.9753, 10.325],
			"to": [1.27904, 20.4753, 10.775],
			"rotation": {"angle": -22.5, "axis": "z", "origin": [7.48201, 6.48681, 10.50937]},
			"faces": {
				"north": {"uv": [5, 9, 5.5, 9.5], "texture": "#0"},
				"east": {"uv": [6, 9, 6.5, 9.5], "texture": "#0"},
				"south": {"uv": [9, 5, 9.5, 5.5], "texture": "#0"},
				"west": {"uv": [9, 6, 9.5, 6.5], "texture": "#0"},
				"up": {"uv": [7, 9.5, 6.5, 9], "texture": "#0"},
				"down": {"uv": [9.5, 6.5, 9, 7], "texture": "#0"}
			}
		},
		{
			"from": [8.14755, 1.6428, 10],
			"to": [8.64755, 2.1428, 11],
			"rotation": {"angle": -22.5, "axis": "z", "origin": [7.48201, 6.48681, 10.50937]},
			"faces": {
				"north": {"uv": [9, 3, 9.5, 3.5], "texture": "#0"},
				"east": {"uv": [7.5, 8, 8, 8.5], "texture": "#0"},
				"south": {"uv": [9, 3.5, 9.5, 4], "texture": "#0"},
				"west": {"uv": [8, 7.5, 8.5, 8], "texture": "#0"},
				"up": {"uv": [8.5, 8.5, 8, 8], "texture": "#0"},
				"down": {"uv": [0.5, 8.5, 0, 9], "texture": "#0"}
			}
		},
		{
			"from": [6.24317, 1.25683, 10],
			"to": [6.74317, 1.75683, 11],
			"rotation": {"angle": 0, "axis": "z", "origin": [7.48201, 6.48681, 10.50937]},
			"faces": {
				"north": {"uv": [9, 2.5, 9.5, 3], "texture": "#0"},
				"east": {"uv": [6.5, 8, 7, 8.5], "texture": "#0"},
				"south": {"uv": [3, 9, 3.5, 9.5], "texture": "#0"},
				"west": {"uv": [8, 6.5, 8.5, 7], "texture": "#0"},
				"up": {"uv": [7.5, 8.5, 7, 8], "texture": "#0"},
				"down": {"uv": [8.5, 7, 8, 7.5], "texture": "#0"}
			}
		},
		{
			"from": [7, 2.51367, 10],
			"to": [8, 6.26367, 11],
			"rotation": {"angle": 0, "axis": "z", "origin": [7.48201, 6.48681, 10.50937]},
			"faces": {
				"north": {"uv": [3, 0, 3.5, 2], "texture": "#0"},
				"east": {"uv": [3, 2, 3.5, 4], "texture": "#0"},
				"south": {"uv": [3.5, 0, 4, 2], "texture": "#0"},
				"west": {"uv": [3.5, 2, 4, 4], "texture": "#0"},
				"up": {"uv": [3, 6.5, 2.5, 6], "texture": "#0"},
				"down": {"uv": [3.5, 6, 3, 6.5], "texture": "#0"}
			}
		},
		{
			"from": [6.45109, 7.26367, 10.325],
			"to": [8.45109, 21.01367, 10.775],
			"rotation": {"angle": 0, "axis": "z", "origin": [7.48201, 6.48681, 10.50937]},
			"faces": {
				"north": {"uv": [0, 0, 1, 5], "texture": "#0"},
				"east": {"uv": [2, 0, 2.5, 5], "texture": "#0"},
				"south": {"uv": [1, 0, 2, 5], "texture": "#0"},
				"west": {"uv": [2.5, 0, 3, 5], "texture": "#0"},
				"up": {"uv": [7.5, 1, 6.5, 0.5], "texture": "#0"},
				"down": {"uv": [3.5, 6.5, 2.5, 7], "texture": "#0"}
			}
		},
		{
			"from": [6.225, 6.26367, 9.875],
			"to": [8.75, 7.26367, 11.125],
			"rotation": {"angle": 0, "axis": "z", "origin": [7.48201, 6.48681, 10.50937]},
			"faces": {
				"north": {"uv": [5, 3.5, 6.5, 4], "texture": "#0"},
				"east": {"uv": [5.5, 4.5, 6.5, 5], "texture": "#0"},
				"south": {"uv": [5.5, 1, 7, 1.5], "texture": "#0"},
				"west": {"uv": [5.5, 5, 6.5, 5.5], "texture": "#0"},
				"up": {"uv": [5.5, 3, 4, 2], "texture": "#0"},
				"down": {"uv": [4.5, 4, 3, 5], "texture": "#0"}
			}
		},
		{
			"from": [5.975, 6.26367, 9.875],
			"to": [6.25, 7.01367, 11.125],
			"rotation": {"angle": 0, "axis": "z", "origin": [7.48201, 6.48681, 10.50937]},
			"faces": {
				"north": {"uv": [8, 9, 8.5, 9.5], "texture": "#0"},
				"east": {"uv": [0, 6.5, 1, 7], "texture": "#0"},
				"south": {"uv": [9, 8, 9.5, 8.5], "texture": "#0"},
				"west": {"uv": [6.5, 0, 7.5, 0.5], "texture": "#0"},
				"up": {"uv": [4, 9.5, 3.5, 8.5], "texture": "#0"},
				"down": {"uv": [9, 3.5, 8.5, 4.5], "texture": "#0"}
			}
		},
		{
			"from": [8.75, 6.26367, 9.875],
			"to": [9.025, 6.93867, 11.125],
			"rotation": {"angle": 0, "axis": "z", "origin": [7.48201, 6.48681, 10.50937]},
			"faces": {
				"north": {"uv": [8.5, 9, 9, 9.5], "texture": "#0"},
				"east": {"uv": [6.5, 3.5, 7.5, 4], "texture": "#0"},
				"south": {"uv": [9, 8.5, 9.5, 9], "texture": "#0"},
				"west": {"uv": [6.5, 4, 7.5, 4.5], "texture": "#0"},
				"up": {"uv": [4.5, 9.5, 4, 8.5], "texture": "#0"},
				"down": {"uv": [5, 8.5, 4.5, 9.5], "texture": "#0"}
			}
		},
		{
			"from": [8.70384, 5.31384, 9.775],
			"to": [9.10384, 7.08884, 11.225],
			"rotation": {"angle": 22.5, "axis": "z", "origin": [7.48201, 6.48681, 10.50937]},
			"faces": {
				"north": {"uv": [5.5, 6.5, 6, 7.5], "texture": "#0"},
				"east": {"uv": [4.5, 5, 5.5, 6], "texture": "#0"},
				"south": {"uv": [6, 6.5, 6.5, 7.5], "texture": "#0"},
				"west": {"uv": [0, 5.5, 1, 6.5], "texture": "#0"},
				"up": {"uv": [7.5, 3, 7, 2], "texture": "#0"},
				"down": {"uv": [3, 7, 2.5, 8], "texture": "#0"}
			}
		},
		{
			"from": [5.87032, 5.31805, 9.775],
			"to": [6.27032, 7.09305, 11.225],
			"rotation": {"angle": -22.5, "axis": "z", "origin": [7.48201, 6.48681, 10.50937]},
			"faces": {
				"north": {"uv": [6.5, 6.5, 7, 7.5], "texture": "#0"},
				"east": {"uv": [5.5, 0, 6.5, 1], "texture": "#0"},
				"south": {"uv": [0, 7, 0.5, 8], "texture": "#0"},
				"west": {"uv": [1, 5.5, 2, 6.5], "texture": "#0"},
				"up": {"uv": [7.5, 5.5, 7, 4.5], "texture": "#0"},
				"down": {"uv": [5.5, 7, 5, 8], "texture": "#0"}
			}
		},
		{
			"from": [6.225, 7.26367, 9.775],
			"to": [8.75, 7.66367, 11.225],
			"rotation": {"angle": 0, "axis": "z", "origin": [7.48201, 6.48681, 10.50937]},
			"faces": {
				"north": {"uv": [6, 5.5, 7.5, 6], "texture": "#0"},
				"east": {"uv": [3, 7, 4, 7.5], "texture": "#0"},
				"south": {"uv": [6, 6, 7.5, 6.5], "texture": "#0"},
				"west": {"uv": [4, 7, 5, 7.5], "texture": "#0"},
				"up": {"uv": [5.5, 1, 4, 0], "texture": "#0"},
				"down": {"uv": [5.5, 1, 4, 2], "texture": "#0"}
			}
		},
		{
			"from": [8.725, 6.58867, 10.025],
			"to": [11.5, 7.33867, 10.975],
			"rotation": {"angle": 0, "axis": "z", "origin": [7.48201, 6.48681, 10.50937]},
			"faces": {
				"north": {"uv": [5.5, 2, 7, 2.5], "texture": "#0"},
				"east": {"uv": [5, 6.5, 5.5, 7], "texture": "#0"},
				"south": {"uv": [5.5, 2.5, 7, 3], "texture": "#0"},
				"west": {"uv": [6.5, 5, 7, 5.5], "texture": "#0"},
				"up": {"uv": [4.5, 5.5, 3, 5], "texture": "#0"},
				"down": {"uv": [6.5, 3, 5, 3.5], "texture": "#0"}
			}
		},
		{
			"from": [3.5, 6.58867, 10.025],
			"to": [6.275, 7.33867, 10.975],
			"rotation": {"angle": 0, "axis": "z", "origin": [7.48201, 6.48681, 10.50937]},
			"faces": {
				"north": {"uv": [5.5, 1.5, 7, 2], "texture": "#0"},
				"east": {"uv": [4.5, 6.5, 5, 7], "texture": "#0"},
				"south": {"uv": [2, 5.5, 3.5, 6], "texture": "#0"},
				"west": {"uv": [6.5, 4.5, 7, 5], "texture": "#0"},
				"up": {"uv": [1.5, 5.5, 0, 5], "texture": "#0"},
				"down": {"uv": [3, 5, 1.5, 5.5], "texture": "#0"}
			}
		}
	],
	"gui_light": "front",
	"display": {
		"thirdperson_righthand": {
			"rotation": [-93.17, 87.1, 95.08],
			"translation": [-3, 1.75, 0.5]
		},
		"thirdperson_lefthand": {
			"rotation": [-93.17, 87.1, 95.08],
			"translation": [-3, 1.75, 1.25]
		},
		"firstperson_righthand": {
			"rotation": [-27, -78.25, 0],
			"translation": [0, 4, 1.25],
			"scale": [1.22461, 1.22461, 1.22461]
		},
		"firstperson_lefthand": {
			"rotation": [-27.75, -78.5, 0],
			"translation": [1.5, 4, 0],
			"scale": [1.22461, 1.22461, 1.22461]
		},
		"ground": {
			"rotation": [-75.47, 21.02, -27.04],
			"translation": [-2.5, 0, 3.75]
		},
		"gui": {
			"rotation": [0, 0, -43.75],
			"translation": [-1.75, -2.5, 0],
			"scale": [0.91992, 0.91992, 0.91992]
		},
		"fixed": {
			"rotation": [0, 0, 45],
			"translation": [3.25, -2.5, -4],
			"scale": [1.16602, 1.16602, 1.16602]
		}
	}
}