{
	"credit": "Made with Blockbench",
	"texture_size": [32, 32],
	"textures": {
		"0": "nw:item/stone_mask",
		"particle": "nw:item/stone_mask"
	},
	"elements": [
		{
			"from": [3, -2, 7],
			"to": [5, 11, 8],
			"rotation": {"angle": 0, "axis": "y", "origin": [11, 9, 15]},
			"faces": {
				"north": {"uv": [6.5, 6.5, 7.5, 11.5], "texture": "#0"},
				"east": {"uv": [6, 6.5, 6.5, 11.5], "texture": "#0"},
				"south": {"uv": [8, 6.5, 9, 11.5], "texture": "#0"},
				"west": {"uv": [7.5, 6.5, 8, 11.5], "texture": "#0"},
				"up": {"uv": [7.5, 6.5, 6.5, 6], "texture": "#0"},
				"down": {"uv": [8.5, 6, 7.5, 6.5], "texture": "#0"}
			}
		},
		{
			"from": [5, -2, 7],
			"to": [7, 6, 8],
			"rotation": {"angle": 0, "axis": "y", "origin": [13, 9, 15]},
			"faces": {
				"north": {"uv": [7.5, 12, 8.5, 14.5], "texture": "#0"},
				"east": {"uv": [7, 12, 7.5, 14.5], "texture": "#0"},
				"south": {"uv": [9, 12, 10, 14.5], "texture": "#0"},
				"west": {"uv": [8.5, 12, 9, 14.5], "texture": "#0"},
				"up": {"uv": [8.5, 12, 7.5, 11.5], "texture": "#0"},
				"down": {"uv": [9.5, 11.5, 8.5, 12], "texture": "#0"}
			}
		},
		{
			"from": [5, 6, 8],
			"to": [7, 7, 8],
			"rotation": {"angle": 0, "axis": "y", "origin": [13, 9, 15]},
			"faces": {
				"north": {"uv": [15.09375, 15.5, 16.04688, 16.04688], "texture": "#0"},
				"east": {"uv": [7, 12, 7.5, 14.5], "texture": "#0"},
				"south": {"uv": [9, 12, 10, 14.5], "texture": "#0"},
				"west": {"uv": [8.5, 12, 9, 14.5], "texture": "#0"},
				"up": {"uv": [8.5, 12, 7.5, 11.5], "texture": "#0"},
				"down": {"uv": [9.5, 11.5, 8.5, 12], "texture": "#0"}
			}
		},
		{
			"from": [9, 6, 8],
			"to": [11, 7, 8],
			"rotation": {"angle": 0, "axis": "y", "origin": [13, 9, 15]},
			"faces": {
				"north": {"uv": [15.09375, 15.5, 16.04688, 16.04688], "texture": "#0"},
				"east": {"uv": [7, 12, 7.5, 14.5], "texture": "#0"},
				"south": {"uv": [9, 12, 10, 14.5], "texture": "#0"},
				"west": {"uv": [8.5, 12, 9, 14.5], "texture": "#0"},
				"up": {"uv": [8.5, 12, 7.5, 11.5], "texture": "#0"},
				"down": {"uv": [9.5, 11.5, 8.5, 12], "texture": "#0"}
			}
		},
		{
			"from": [9, -2, 7],
			"to": [11, 6, 8],
			"rotation": {"angle": 0, "axis": "y", "origin": [17, 9, 15]},
			"faces": {
				"north": {"uv": [4.5, 12, 5.5, 14.5], "texture": "#0"},
				"east": {"uv": [4, 12, 4.5, 14.5], "texture": "#0"},
				"south": {"uv": [6, 12, 7, 14.5], "texture": "#0"},
				"west": {"uv": [5.5, 12, 6, 14.5], "texture": "#0"},
				"up": {"uv": [5.5, 12, 4.5, 11.5], "texture": "#0"},
				"down": {"uv": [6.5, 11.5, 5.5, 12], "texture": "#0"}
			}
		},
		{
			"from": [5, 7, 7],
			"to": [7, 11, 8],
			"rotation": {"angle": 0, "axis": "y", "origin": [13, 14, 15]},
			"faces": {
				"north": {"uv": [12.5, 8, 13.5, 10], "texture": "#0"},
				"east": {"uv": [12, 8, 12.5, 10], "texture": "#0"},
				"south": {"uv": [14, 8, 15, 10], "texture": "#0"},
				"west": {"uv": [13.5, 8, 14, 10], "texture": "#0"},
				"up": {"uv": [13.5, 8, 12.5, 7.5], "texture": "#0"},
				"down": {"uv": [14.5, 7.5, 13.5, 8], "texture": "#0"}
			}
		},
		{
			"from": [9, 7, 7],
			"to": [11, 11, 8],
			"rotation": {"angle": 0, "axis": "y", "origin": [17, 14, 15]},
			"faces": {
				"north": {"uv": [10.5, 12, 11.5, 14], "texture": "#0"},
				"east": {"uv": [10, 12, 10.5, 14], "texture": "#0"},
				"south": {"uv": [12, 12, 13, 14], "texture": "#0"},
				"west": {"uv": [11.5, 12, 12, 14], "texture": "#0"},
				"up": {"uv": [11.5, 12, 10.5, 11.5], "texture": "#0"},
				"down": {"uv": [12.5, 11.5, 11.5, 12], "texture": "#0"}
			}
		},
		{
			"from": [11, -2, 7],
			"to": [13, 11, 8],
			"rotation": {"angle": 0, "axis": "y", "origin": [18, 9, 15]},
			"faces": {
				"north": {"uv": [3.5, 3.5, 4.5, 8.5], "texture": "#0"},
				"east": {"uv": [3, 3.5, 3.5, 8.5], "texture": "#0"},
				"south": {"uv": [5, 3.5, 6, 8.5], "texture": "#0"},
				"west": {"uv": [4.5, 3.5, 5, 8.5], "texture": "#0"},
				"up": {"uv": [4.5, 3.5, 3.5, 3], "texture": "#0"},
				"down": {"uv": [5.5, 3, 4.5, 3.5], "texture": "#0"}
			}
		},
		{
			"from": [7, -2, 7],
			"to": [9, 11, 8],
			"rotation": {"angle": 0, "axis": "y", "origin": [14, 9, 15]},
			"faces": {
				"north": {"uv": [0.5, 2.5, 1.5, 7.5], "texture": "#0"},
				"east": {"uv": [0, 2.5, 0.5, 7.5], "texture": "#0"},
				"south": {"uv": [2, 2.5, 3, 7.5], "texture": "#0"},
				"west": {"uv": [1.5, 2.5, 2, 7.5], "texture": "#0"},
				"up": {"uv": [1.5, 2.5, 0.5, 2], "texture": "#0"},
				"down": {"uv": [2.5, 2, 1.5, 2.5], "texture": "#0"}
			}
		},
		{
			"from": [3, 11, 8],
			"to": [13, 12, 9],
			"rotation": {"angle": 0, "axis": "y", "origin": [11, 9, 16]},
			"faces": {
				"north": {"uv": [0.5, 1.5, 5.5, 2], "texture": "#0"},
				"east": {"uv": [0, 1.5, 0.5, 2], "texture": "#0"},
				"south": {"uv": [6, 1.5, 11, 2], "texture": "#0"},
				"west": {"uv": [5.5, 1.5, 6, 2], "texture": "#0"},
				"up": {"uv": [5.5, 1.5, 0.5, 1], "texture": "#0"},
				"down": {"uv": [10.5, 1, 5.5, 1.5], "texture": "#0"}
			}
		},
		{
			"from": [3, -3, 8],
			"to": [13, -2, 9],
			"rotation": {"angle": 0, "axis": "y", "origin": [11, -2, 16]},
			"faces": {
				"north": {"uv": [0.5, 0.5, 5.5, 1], "texture": "#0"},
				"east": {"uv": [0, 0.5, 0.5, 1], "texture": "#0"},
				"south": {"uv": [6, 0.5, 11, 1], "texture": "#0"},
				"west": {"uv": [5.5, 0.5, 6, 1], "texture": "#0"},
				"up": {"uv": [5.5, 0.5, 0.5, 0], "texture": "#0"},
				"down": {"uv": [10.5, 0, 5.5, 0.5], "texture": "#0"}
			}
		},
		{
			"from": [2, -2, 8],
			"to": [3, 11, 9],
			"rotation": {"angle": 0, "axis": "y", "origin": [10, 9, 16]},
			"faces": {
				"north": {"uv": [2.5, 10.5, 3, 15.5], "texture": "#0"},
				"east": {"uv": [2, 10.5, 2.5, 15.5], "texture": "#0"},
				"south": {"uv": [3.5, 10.5, 4, 15.5], "texture": "#0"},
				"west": {"uv": [3, 10.5, 3.5, 15.5], "texture": "#0"},
				"up": {"uv": [3, 10.5, 2.5, 10], "texture": "#0"},
				"down": {"uv": [3.5, 10, 3, 10.5], "texture": "#0"}
			}
		},
		{
			"from": [13, -2, 8],
			"to": [14, 11, 9],
			"rotation": {"angle": 0, "axis": "y", "origin": [21, 9, 16]},
			"faces": {
				"north": {"uv": [0.5, 10.5, 1, 15.5], "texture": "#0"},
				"east": {"uv": [0, 10.5, 0.5, 15.5], "texture": "#0"},
				"south": {"uv": [1.5, 10.5, 2, 15.5], "texture": "#0"},
				"west": {"uv": [1, 10.5, 1.5, 15.5], "texture": "#0"},
				"up": {"uv": [1, 10.5, 0.5, 10], "texture": "#0"},
				"down": {"uv": [1.5, 10, 1, 10.5], "texture": "#0"}
			}
		},
		{
			"from": [7.5, 3.8, 6.5],
			"to": [8.5, 6.8, 7.5],
			"rotation": {"angle": 0, "axis": "y", "origin": [15, 14, 14]},
			"faces": {
				"north": {"uv": [6.5, 2.5, 7, 4], "texture": "#0"},
				"east": {"uv": [6, 2.5, 6.5, 4], "texture": "#0"},
				"south": {"uv": [7.5, 2.5, 8, 4], "texture": "#0"},
				"west": {"uv": [7, 2.5, 7.5, 4], "texture": "#0"},
				"up": {"uv": [7, 2.5, 6.5, 2], "texture": "#0"},
				"down": {"uv": [7.5, 2, 7, 2.5], "texture": "#0"}
			}
		},
		{
			"from": [7.5, 2.8, 5.5],
			"to": [8.5, 5.8, 7.5],
			"rotation": {"angle": 0, "axis": "y", "origin": [15, 14, 14]},
			"faces": {
				"north": {"uv": [6.5, 2.5, 7, 4], "texture": "#0"},
				"east": {"uv": [6, 2.5, 6.5, 4], "texture": "#0"},
				"south": {"uv": [7.5, 2.5, 8, 4], "texture": "#0"},
				"west": {"uv": [7, 2.5, 7.5, 4], "texture": "#0"},
				"up": {"uv": [7, 2.5, 6.5, 2], "texture": "#0"},
				"down": {"uv": [7.5, 2, 7, 2.5], "texture": "#0"}
			}
		},
		{
			"from": [6.75, 0.8, 6.7],
			"to": [9.5, 1.3, 7.2],
			"rotation": {"angle": 0, "axis": "y", "origin": [15, 14, 14]},
			"faces": {
				"north": {"uv": [6.5, 2.5, 7, 4], "texture": "#0"},
				"east": {"uv": [6, 2.5, 6.5, 4], "texture": "#0"},
				"south": {"uv": [7.5, 2.5, 8, 4], "texture": "#0"},
				"west": {"uv": [7, 2.5, 7.5, 4], "texture": "#0"},
				"up": {"uv": [7, 2.5, 6.5, 2], "texture": "#0"},
				"down": {"uv": [7.5, 2, 7, 2.5], "texture": "#0"}
			}
		},
		{
			"from": [9, 0.3, 6.7],
			"to": [9.25, 0.8, 7.2],
			"rotation": {"angle": 0, "axis": "y", "origin": [15, 14, 14]},
			"faces": {
				"north": {"uv": [6.5, 2.5, 7, 4], "texture": "#0"},
				"east": {"uv": [6, 2.5, 6.5, 4], "texture": "#0"},
				"south": {"uv": [7.5, 2.5, 8, 4], "texture": "#0"},
				"west": {"uv": [7, 2.5, 7.5, 4], "texture": "#0"},
				"up": {"uv": [7, 2.5, 6.5, 2], "texture": "#0"},
				"down": {"uv": [7.5, 2, 7, 2.5], "texture": "#0"}
			}
		},
		{
			"from": [7, 0.3, 6.7],
			"to": [7.25, 0.8, 7.2],
			"rotation": {"angle": 0, "axis": "y", "origin": [15, 14, 14]},
			"faces": {
				"north": {"uv": [6.5, 2.5, 7, 4], "texture": "#0"},
				"east": {"uv": [6, 2.5, 6.5, 4], "texture": "#0"},
				"south": {"uv": [7.5, 2.5, 8, 4], "texture": "#0"},
				"west": {"uv": [7, 2.5, 7.5, 4], "texture": "#0"},
				"up": {"uv": [7, 2.5, 6.5, 2], "texture": "#0"},
				"down": {"uv": [7.5, 2, 7, 2.5], "texture": "#0"}
			}
		},
		{
			"from": [7.5, 6.9, 6],
			"to": [8.5, 7.9, 7],
			"rotation": {"angle": 0, "axis": "y", "origin": [15, 15, 14]},
			"faces": {
				"north": {"uv": [0.5, 8, 1, 8.5], "texture": "#0"},
				"east": {"uv": [0, 8, 0.5, 8.5], "texture": "#0"},
				"south": {"uv": [1.5, 8, 2, 8.5], "texture": "#0"},
				"west": {"uv": [1, 8, 1.5, 8.5], "texture": "#0"},
				"up": {"uv": [1, 8, 0.5, 7.5], "texture": "#0"},
				"down": {"uv": [1.5, 7.5, 1, 8], "texture": "#0"}
			}
		},
		{
			"from": [7.5, 8, 6],
			"to": [8.5, 9, 7],
			"rotation": {"angle": 0, "axis": "y", "origin": [15, 16, 14]},
			"faces": {
				"north": {"uv": [0.5, 9, 1, 9.5], "texture": "#0"},
				"east": {"uv": [0, 9, 0.5, 9.5], "texture": "#0"},
				"south": {"uv": [1.5, 9, 2, 9.5], "texture": "#0"},
				"west": {"uv": [1, 9, 1.5, 9.5], "texture": "#0"},
				"up": {"uv": [1, 9, 0.5, 8.5], "texture": "#0"},
				"down": {"uv": [1.5, 8.5, 1, 9], "texture": "#0"}
			}
		},
		{
			"from": [7.5, 9.1, 6],
			"to": [8.5, 10.1, 7],
			"rotation": {"angle": 0, "axis": "y", "origin": [15, 17, 14]},
			"faces": {
				"north": {"uv": [13.5, 12, 14, 12.5], "texture": "#0"},
				"east": {"uv": [13, 12, 13.5, 12.5], "texture": "#0"},
				"south": {"uv": [14.5, 12, 15, 12.5], "texture": "#0"},
				"west": {"uv": [14, 12, 14.5, 12.5], "texture": "#0"},
				"up": {"uv": [14, 12, 13.5, 11.5], "texture": "#0"},
				"down": {"uv": [14.5, 11.5, 14, 12], "texture": "#0"}
			}
		},
		{
			"from": [7.5, 10.2, 6],
			"to": [8.5, 11.2, 7],
			"rotation": {"angle": 0, "axis": "y", "origin": [15, 18, 14]},
			"faces": {
				"north": {"uv": [13.5, 13.5, 14, 14], "texture": "#0"},
				"east": {"uv": [13, 13.5, 13.5, 14], "texture": "#0"},
				"south": {"uv": [14.5, 13.5, 15, 14], "texture": "#0"},
				"west": {"uv": [14, 13.5, 14.5, 14], "texture": "#0"},
				"up": {"uv": [14, 13.5, 13.5, 13], "texture": "#0"},
				"down": {"uv": [14.5, 13, 14, 13.5], "texture": "#0"}
			}
		},
		{
			"from": [7.5, 11.2, 7],
			"to": [12.5, 12.2, 8],
			"rotation": {"angle": 0, "axis": "y", "origin": [15, 19, 15]},
			"faces": {
				"north": {"uv": [12.5, 10.5, 13, 11], "texture": "#0"},
				"east": {"uv": [12, 10.5, 12.5, 11], "texture": "#0"},
				"south": {"uv": [13.5, 10.5, 14, 11], "texture": "#0"},
				"west": {"uv": [13, 10.5, 13.5, 11], "texture": "#0"},
				"up": {"uv": [13, 10.5, 12.5, 10], "texture": "#0"},
				"down": {"uv": [13.5, 10, 13, 10.5], "texture": "#0"}
			}
		},
		{
			"from": [11.5, 9.2, 6],
			"to": [12.5, 10.2, 7],
			"rotation": {"angle": 0, "axis": "y", "origin": [19, 17, 14]},
			"faces": {
				"north": {"uv": [9.5, 10.5, 10, 11], "texture": "#0"},
				"east": {"uv": [9, 10.5, 9.5, 11], "texture": "#0"},
				"south": {"uv": [10.5, 10.5, 11, 11], "texture": "#0"},
				"west": {"uv": [10, 10.5, 10.5, 11], "texture": "#0"},
				"up": {"uv": [10, 10.5, 9.5, 10], "texture": "#0"},
				"down": {"uv": [10.5, 10, 10, 10.5], "texture": "#0"}
			}
		},
		{
			"from": [10.5, 8.2, 6],
			"to": [11.5, 9.2, 7],
			"rotation": {"angle": 0, "axis": "y", "origin": [18, 16, 14]},
			"faces": {
				"north": {"uv": [9.5, 6.5, 10, 7], "texture": "#0"},
				"east": {"uv": [9, 6.5, 9.5, 7], "texture": "#0"},
				"south": {"uv": [10.5, 6.5, 11, 7], "texture": "#0"},
				"west": {"uv": [10, 6.5, 10.5, 7], "texture": "#0"},
				"up": {"uv": [10, 6.5, 9.5, 6], "texture": "#0"},
				"down": {"uv": [10.5, 6, 10, 6.5], "texture": "#0"}
			}
		},
		{
			"from": [9.5, 8.2, 6],
			"to": [10.5, 9.2, 7],
			"rotation": {"angle": 0, "axis": "y", "origin": [17, 16, 14]},
			"faces": {
				"north": {"uv": [9.5, 9.5, 10, 10], "texture": "#0"},
				"east": {"uv": [9, 9.5, 9.5, 10], "texture": "#0"},
				"south": {"uv": [10.5, 9.5, 11, 10], "texture": "#0"},
				"west": {"uv": [10, 9.5, 10.5, 10], "texture": "#0"},
				"up": {"uv": [10, 9.5, 9.5, 9], "texture": "#0"},
				"down": {"uv": [10.5, 9, 10, 9.5], "texture": "#0"}
			}
		},
		{
			"from": [9.5, 9.2, 6],
			"to": [10.5, 10.2, 7],
			"rotation": {"angle": 0, "axis": "y", "origin": [17, 17, 14]},
			"faces": {
				"north": {"uv": [9, 5.5, 9.5, 6], "texture": "#0"},
				"east": {"uv": [8.5, 5.5, 9, 6], "texture": "#0"},
				"south": {"uv": [10, 5.5, 10.5, 6], "texture": "#0"},
				"west": {"uv": [9.5, 5.5, 10, 6], "texture": "#0"},
				"up": {"uv": [9.5, 5.5, 9, 5], "texture": "#0"},
				"down": {"uv": [10, 5, 9.5, 5.5], "texture": "#0"}
			}
		},
		{
			"from": [11.5, 8.2, 6],
			"to": [12.5, 9.2, 7],
			"rotation": {"angle": 0, "axis": "y", "origin": [19, 16, 14]},
			"faces": {
				"north": {"uv": [9.5, 3, 10, 3.5], "texture": "#0"},
				"east": {"uv": [9, 3, 9.5, 3.5], "texture": "#0"},
				"south": {"uv": [10.5, 3, 11, 3.5], "texture": "#0"},
				"west": {"uv": [10, 3, 10.5, 3.5], "texture": "#0"},
				"up": {"uv": [10, 3, 9.5, 2.5], "texture": "#0"},
				"down": {"uv": [10.5, 2.5, 10, 3], "texture": "#0"}
			}
		},
		{
			"from": [11.5, 10.2, 6],
			"to": [12.5, 11.2, 7],
			"rotation": {"angle": 0, "axis": "y", "origin": [19, 18, 14]},
			"faces": {
				"north": {"uv": [4.5, 10.5, 5, 11], "texture": "#0"},
				"east": {"uv": [4, 10.5, 4.5, 11], "texture": "#0"},
				"south": {"uv": [5.5, 10.5, 6, 11], "texture": "#0"},
				"west": {"uv": [5, 10.5, 5.5, 11], "texture": "#0"},
				"up": {"uv": [5, 10.5, 4.5, 10], "texture": "#0"},
				"down": {"uv": [5.5, 10, 5, 10.5], "texture": "#0"}
			}
		}
	],
	"display": {
		"thirdperson_righthand": {
			"rotation": [46.75, 0, 0],
			"translation": [0, 1, 0.75],
			"scale": [0.5, 0.5, 0.5]
		},
		"thirdperson_lefthand": {
			"rotation": [46.75, 0, 0],
			"translation": [0, 1, 0.75],
			"scale": [0.5, 0.5, 0.5]
		},
		"ground": {
			"translation": [0, 4.25, 0]
		},
		"gui": {
			"rotation": [0, -180, 0],
			"translation": [0, 3.75, -1.5]
		},
		"head": {
			"translation": [0, 3.75, -7.25],
			"scale": [1.25977, 0.99805, 1]
		},
		"fixed": {
			"translation": [0, 3.75, -1.5]
		}
	},
	"groups": [
		{
			"name": "bone",
			"origin": [0, 0, 0],
			"color": 0,
			"children": [0, 1, 2, 3, 4, 5, 6, 7, 8, 9, 10, 11, 12, 13, 14, 15, 16, 17, 18, 19, 20, 21, 22, 23, 24, 25, 26, 27, 28]
		}
	]
}