{
	"credit": "Made with Blockbench",
	"texture_size": [64, 64],
	"textures": {
		"0": "nw:stand/base/cream",
		"1": "nw:stand/base/special/cream_void",
		"particle": "nw:stand/base/special/cream_void"
	},
	"elements": [
		{
			"name": "Head",
			"from": [4, 18, -6],
			"to": [12, 26, 2],
			"rotation": {"angle": 0, "axis": "y", "origin": [0, -6, -10]},
			"faces": {
				"north": {"uv": [2, 2, 4, 4], "texture": "#0"},
				"east": {"uv": [0, 2, 2, 4], "texture": "#0"},
				"south": {"uv": [6, 2, 8, 4], "texture": "#0"},
				"west": {"uv": [4, 2, 6, 4], "texture": "#0"},
				"up": {"uv": [4, 2, 2, 0], "texture": "#0"},
				"down": {"uv": [6, 0, 4, 2], "texture": "#0"}
			}
		},
		{
			"name": "Hat Layer",
			"from": [3.5, 17.5, -6.5],
			"to": [12.5, 26.5, 2.5],
			"rotation": {"angle": 0, "axis": "y", "origin": [0, -6, -10]},
			"faces": {
				"north": {"uv": [10, 2, 12, 4], "texture": "#0"},
				"east": {"uv": [8, 2, 10, 4], "texture": "#0"},
				"south": {"uv": [14, 2, 16, 4], "texture": "#0"},
				"west": {"uv": [12, 2, 14, 4], "texture": "#0"},
				"up": {"uv": [12, 2, 10, 0], "texture": "#0"},
				"down": {"uv": [14, 0, 12, 2], "texture": "#0"}
			}
		},
		{
			"from": [0, 20, -3],
			"to": [4, 22, -1],
			"rotation": {"angle": -22.5, "axis": "z", "origin": [8, 21, -2]},
			"faces": {
				"north": {"uv": [8.75, 2.5, 9.25, 3], "texture": "#0"},
				"east": {"uv": [8.75, 2.5, 9.25, 3], "texture": "#0"},
				"south": {"uv": [8.75, 2.5, 9.25, 3], "texture": "#0"},
				"west": {"uv": [8.75, 2.5, 9.25, 3], "texture": "#0"},
				"up": {"uv": [8.75, 2.5, 9.25, 3], "texture": "#0"},
				"down": {"uv": [8.75, 2.5, 9.25, 3], "texture": "#0"}
			}
		},
		{
			"from": [2, 24, -2],
			"to": [3, 26, -1],
			"rotation": {"angle": 0, "axis": "y", "origin": [0, -5, -10]},
			"faces": {
				"north": {"uv": [8.75, 2.5, 9.25, 3], "texture": "#0"},
				"east": {"uv": [8.75, 2.5, 9.25, 3], "texture": "#0"},
				"south": {"uv": [8.75, 2.5, 9.25, 3], "texture": "#0"},
				"west": {"uv": [8.75, 2.5, 9.25, 3], "texture": "#0"},
				"up": {"uv": [8.75, 2.5, 9.25, 3], "texture": "#0"},
				"down": {"uv": [8.75, 2.5, 9.25, 3], "texture": "#0"}
			}
		},
		{
			"from": [13, 24, -2],
			"to": [14, 26, -1],
			"rotation": {"angle": 0, "axis": "y", "origin": [0, -5, -10]},
			"faces": {
				"north": {"uv": [8.75, 2.5, 9.25, 3], "texture": "#0"},
				"east": {"uv": [8.75, 2.5, 9.25, 3], "texture": "#0"},
				"south": {"uv": [8.75, 2.5, 9.25, 3], "texture": "#0"},
				"west": {"uv": [8.75, 2.5, 9.25, 3], "texture": "#0"},
				"up": {"uv": [8.75, 2.5, 9.25, 3], "texture": "#0"},
				"down": {"uv": [8.75, 2.5, 9.25, 3], "texture": "#0"}
			}
		},
		{
			"from": [12, 20, -3],
			"to": [16, 22, -1],
			"rotation": {"angle": 22.5, "axis": "z", "origin": [8, 21, -2]},
			"faces": {
				"north": {"uv": [8.75, 2.5, 9.25, 3], "texture": "#0"},
				"east": {"uv": [8.75, 2.5, 9.25, 3], "texture": "#0"},
				"south": {"uv": [8.75, 2.5, 9.25, 3], "texture": "#0"},
				"west": {"uv": [8.75, 2.5, 9.25, 3], "texture": "#0"},
				"up": {"uv": [8.75, 2.5, 9.25, 3], "texture": "#0"},
				"down": {"uv": [8.75, 2.5, 9.25, 3], "texture": "#0"}
			}
		},
		{
			"name": "Body",
			"from": [4, 11, -9],
			"to": [12, 15, 3],
			"rotation": {"angle": 22.5, "axis": "x", "origin": [8, -1, 8]},
			"faces": {
				"north": {"uv": [7, 5, 5, 4], "rotation": 180, "texture": "#0"},
				"east": {"uv": [4, 5, 5, 8], "rotation": 90, "texture": "#0"},
				"south": {"uv": [9, 4, 7, 5], "texture": "#0"},
				"west": {"uv": [7, 5, 8, 8], "rotation": 270, "texture": "#0"},
				"up": {"uv": [8, 5, 10, 8], "texture": "#0"},
				"down": {"uv": [5, 5, 7, 8], "rotation": 180, "texture": "#0"}
			}
		},
		{
			"name": "Body Layer",
			"from": [3.75, 10.75, -9.25],
			"to": [12.25, 15.25, 3.25],
			"rotation": {"angle": 22.5, "axis": "x", "origin": [8, -1, 8]},
			"faces": {
				"north": {"uv": [7, 9, 5, 8], "rotation": 180, "texture": "#0"},
				"east": {"uv": [4, 9, 5, 12], "rotation": 90, "texture": "#0"},
				"south": {"uv": [9, 8, 7, 9], "texture": "#0"},
				"west": {"uv": [7, 9, 8, 12], "rotation": 270, "texture": "#0"},
				"up": {"uv": [8, 9, 10, 12], "texture": "#0"},
				"down": {"uv": [5, 9, 7, 12], "rotation": 180, "texture": "#0"}
			}
		},
		{
			"name": "Right Arm",
			"from": [12.75, 15.75, -7.5],
			"to": [15.75, 19.75, -1.5],
			"rotation": {"angle": -45, "axis": "y", "origin": [13.75, 17.75, -3]},
			"faces": {
				"north": {"uv": [12.5, 4, 11.75, 5], "rotation": 180, "texture": "#0"},
				"east": {"uv": [10, 5, 11, 6.5], "rotation": 270, "texture": "#0"},
				"south": {"uv": [11.75, 5, 11, 4], "texture": "#0"},
				"west": {"uv": [11.75, 5, 12.75, 6.5], "rotation": 90, "texture": "#0"},
				"up": {"uv": [11, 5, 11.75, 6.5], "rotation": 180, "texture": "#0"},
				"down": {"uv": [12.75, 5, 13.5, 6.5], "texture": "#0"}
			}
		},
		{
			"name": "Right Arm Layer",
			"from": [12.5, 15.5, -7.75],
			"to": [16, 20, -1.25],
			"rotation": {"angle": -45, "axis": "y", "origin": [13.75, 17.75, -3]},
			"faces": {
				"north": {"uv": [12.5, 8, 11.75, 9], "rotation": 180, "texture": "#0"},
				"east": {"uv": [10, 9, 11, 10.5], "rotation": 270, "texture": "#0"},
				"south": {"uv": [11.75, 9, 11, 8], "texture": "#0"},
				"west": {"uv": [11.75, 9, 12.75, 10.5], "rotation": 90, "texture": "#0"},
				"up": {"uv": [11, 9, 11.75, 10.5], "rotation": 180, "texture": "#0"},
				"down": {"uv": [12.75, 9, 13.5, 10.5], "texture": "#0"}
			}
		},
		{
			"name": "Right Arm",
			"from": [15.34619, 15.75, -10.76777],
			"to": [18.34619, 19.75, -4.76777],
			"rotation": {"angle": 0, "axis": "y", "origin": [16.34619, 17.75, 0.05723]},
			"faces": {
				"north": {"uv": [12.5, 4, 11.75, 5], "rotation": 180, "texture": "#0"},
				"east": {"uv": [10, 6.5, 11, 8], "rotation": 270, "texture": "#0"},
				"south": {"uv": [11.75, 5, 11, 4], "texture": "#0"},
				"west": {"uv": [11.75, 6.5, 12.75, 8], "rotation": 90, "texture": "#0"},
				"up": {"uv": [11, 6.5, 11.75, 8], "rotation": 180, "texture": "#0"},
				"down": {"uv": [12.75, 6.5, 13.5, 8], "texture": "#0"}
			}
		},
		{
			"name": "Right Arm Layer",
			"from": [15.09619, 15.5, -11.01777],
			"to": [18.59619, 20, -4.51777],
			"rotation": {"angle": 0, "axis": "y", "origin": [16.34619, 17.75, 0.05723]},
			"faces": {
				"north": {"uv": [12.5, 9.5, 11.75, 10.5], "rotation": 180, "texture": "#0"},
				"east": {"uv": [10, 10.5, 11, 12], "rotation": 270, "texture": "#0"},
				"south": {"uv": [11.75, 10.5, 11, 9.5], "texture": "#0"},
				"west": {"uv": [11.75, 10.5, 12.75, 12], "rotation": 90, "texture": "#0"},
				"up": {"uv": [11, 10.5, 11.75, 12], "rotation": 180, "texture": "#0"},
				"down": {"uv": [12.75, 10.5, 13.5, 12], "texture": "#0"}
			}
		},
		{
			"name": "Left Arm",
			"from": [-7.5, 15.75, -8.5],
			"to": [-4.5, 19.75, -2.5],
			"rotation": {"angle": 45, "axis": "y", "origin": [-0.5, 17.75, -13]},
			"faces": {
				"north": {"uv": [9.75, 13, 9, 12], "rotation": 180, "texture": "#0"},
				"east": {"uv": [8, 13, 9, 14.5], "rotation": 90, "texture": "#0"},
				"south": {"uv": [10.5, 12, 9.75, 13], "texture": "#0"},
				"west": {"uv": [9.75, 13, 10.75, 14.5], "rotation": 270, "texture": "#0"},
				"up": {"uv": [10.75, 13, 11.5, 14.5], "texture": "#0"},
				"down": {"uv": [9, 13, 9.75, 14.5], "rotation": 180, "texture": "#0"}
			}
		},
		{
			"name": "Left Arm Layer",
			"from": [-7.75, 15.5, -8.75],
			"to": [-4.25, 20, -2.25],
			"rotation": {"angle": 45, "axis": "y", "origin": [-0.5, 17.75, -13]},
			"faces": {
				"north": {"uv": [13.75, 13, 13, 12], "rotation": 180, "texture": "#0"},
				"east": {"uv": [12, 13, 13, 14.5], "rotation": 90, "texture": "#0"},
				"south": {"uv": [14.5, 12, 13.75, 13], "texture": "#0"},
				"west": {"uv": [13.75, 13, 14.75, 14.5], "rotation": 270, "texture": "#0"},
				"up": {"uv": [14.75, 13, 15.5, 14.5], "texture": "#0"},
				"down": {"uv": [13, 13, 13.75, 14.5], "rotation": 180, "texture": "#0"}
			}
		},
		{
			"name": "Left Arm",
			"from": [-2.26777, 15.75, -10.86827],
			"to": [0.73223, 19.75, -4.86827],
			"rotation": {"angle": 0, "axis": "y", "origin": [4.73223, 17.75, -9.11827]},
			"faces": {
				"north": {"uv": [9.75, 13, 9, 12], "rotation": 180, "texture": "#0"},
				"east": {"uv": [8, 14.5, 9, 16], "rotation": 90, "texture": "#0"},
				"south": {"uv": [10.5, 12, 9.75, 13], "texture": "#0"},
				"west": {"uv": [9.75, 14.5, 10.75, 16], "rotation": 270, "texture": "#0"},
				"up": {"uv": [10.75, 14.5, 11.5, 16], "texture": "#0"},
				"down": {"uv": [9, 14.5, 9.75, 16], "rotation": 180, "texture": "#0"}
			}
		},
		{
			"name": "Left Arm Layer",
			"from": [-2.51777, 15.5, -11.11827],
			"to": [0.98223, 20, -4.61827],
			"rotation": {"angle": 0, "axis": "y", "origin": [4.73223, 17.75, -9.11827]},
			"faces": {
				"north": {"uv": [13.75, 14.5, 13, 13.5], "rotation": 180, "texture": "#0"},
				"east": {"uv": [12, 14.5, 13, 16], "rotation": 90, "texture": "#0"},
				"south": {"uv": [14.5, 13.5, 13.75, 14.5], "texture": "#0"},
				"west": {"uv": [13.75, 14.5, 14.75, 16], "rotation": 270, "texture": "#0"},
				"up": {"uv": [14.75, 14.5, 15.5, 16], "texture": "#0"},
				"down": {"uv": [13, 14.5, 13.75, 16], "rotation": 180, "texture": "#0"}
			}
		},
		{
			"from": [1.25, 8, 1.5],
			"to": [14.25, 21, 14.5],
			"rotation": {"angle": 0, "axis": "y", "origin": [7.75, 11, 8]},
			"faces": {
				"north": {"uv": [0, 0, 6.75, 6.9375], "texture": "#1"},
				"east": {"uv": [0, 0, 6.6875, 6.9375], "texture": "#1"},
				"south": {"uv": [0, 0, 6.6875, 7.0625], "texture": "#1"},
				"west": {"uv": [0, 0, 6.6875, 6.9375], "texture": "#1"},
				"up": {"uv": [0, 0, 6.75, 6.9375], "texture": "#1"},
				"down": {"uv": [0, 0, 6.625, 7], "texture": "#1"}
			}
		},
		{
			"from": [1.25, 8, 1.5],
			"to": [14.25, 21, 14.5],
			"rotation": {"angle": -45, "axis": "y", "origin": [7.75, 11, 8]},
			"faces": {
				"north": {"uv": [0, 0, 6.75, 6.9375], "texture": "#1"},
				"east": {"uv": [0, 0, 6.6875, 6.9375], "texture": "#1"},
				"south": {"uv": [0, 0, 6.6875, 7.0625], "texture": "#1"},
				"west": {"uv": [0, 0, 6.6875, 6.9375], "texture": "#1"},
				"up": {"uv": [0, 0, 6.75, 6.9375], "texture": "#1"},
				"down": {"uv": [0, 0, 6.625, 7], "texture": "#1"}
			}
		},
		{
			"from": [1.25, 7.25, -1],
			"to": [14.25, 20.25, 12],
			"rotation": {"angle": 45, "axis": "x", "origin": [7.75, 11, 8]},
			"faces": {
				"north": {"uv": [0, 0, 6.75, 6.9375], "texture": "#1"},
				"east": {"uv": [0, 0, 6.6875, 6.9375], "texture": "#1"},
				"south": {"uv": [0, 0, 6.6875, 7.0625], "texture": "#1"},
				"west": {"uv": [0, 0, 6.6875, 6.9375], "texture": "#1"},
				"up": {"uv": [0, 0, 6.75, 6.9375], "texture": "#1"},
				"down": {"uv": [0, 0, 6.625, 7], "texture": "#1"}
			}
		}
	],
	"display": {
		"head": {
			"translation": [0.25, -30.5, 0.5],
			"scale": [1.6, 1.6, 1.6]
		}
	},
	"groups": [
		{
			"name": "Head",
			"origin": [0, 24, 0],
			"color": 0,
			"children": [0, 1, 2, 3, 4, 5]
		},
		{
			"name": "Body",
			"origin": [0, 24, 0],
			"color": 0,
			"children": [6, 7]
		},
		{
			"name": "RightArm",
			"origin": [5, 21.5, 0],
			"color": 0,
			"children": [
				8,
				9,
				{
					"name": "RightArm",
					"origin": [5, 21.5, 0],
					"color": 0,
					"children": [10, 11]
				}
			]
		},
		{
			"name": "LeftArm",
			"origin": [-5, 21.5, 0],
			"color": 0,
			"children": [
				12,
				13,
				{
					"name": "LeftArm",
					"origin": [-5, 21.5, 0],
					"color": 0,
					"children": [14, 15]
				}
			]
		},
		{
			"name": "Void",
			"origin": [8, 8, 8],
			"color": 0,
			"children": [16, 17, 18]
		}
	]
}