{
	"credit": "Made with Blockbench",
	"texture_size": [128, 128],
	"textures": {
		"1": "nw:stand/base/death_13",
		"particle": "nw:stand/base/deathscythe"
	},
	"elements": [
		{
			"from": [6.77304, 6.72129, 20.8569],
			"to": [9.77304, 8.52129, 23.2569],
			"rotation": {"angle": -45, "axis": "y", "origin": [8.77304, 7.32129, 22.2569]},
			"faces": {
				"north": {"uv": [1.125, 11, 0.5, 11.375], "texture": "#1"},
				"east": {"uv": [4, 6.75, 3.5, 7.125], "texture": "#1"},
				"south": {"uv": [5.5, 7.125, 4.875, 7.5], "texture": "#1"},
				"west": {"uv": [8.625, 11, 8.125, 11.375], "texture": "#1"},
				"up": {"uv": [9.25, 10.375, 8.625, 10.875], "texture": "#1"},
				"down": {"uv": [9.875, 10.875, 9.25, 10.375], "texture": "#1"}
			}
		},
		{
			"from": [6.17304, 8.52129, 19.8069],
			"to": [10.37304, 12.72129, 24.3069],
			"rotation": {"angle": -45, "axis": "y", "origin": [8.77304, 7.32129, 22.2569]},
			"faces": {
				"north": {"uv": [11, 9.625, 9.875, 10.75], "texture": "#1"},
				"east": {"uv": [1.25, 9, 0, 10.125], "texture": "#1"},
				"south": {"uv": [11, 8.5, 9.875, 9.625], "texture": "#1"},
				"west": {"uv": [10.375, 0, 9.125, 1.125], "texture": "#1"},
				"up": {"uv": [10.625, 7.25, 9.5, 8.5], "texture": "#1"},
				"down": {"uv": [3.875, 11, 2.75, 9.75], "texture": "#1"}
			}
		},
		{
			"from": [5.87304, 12.72129, 19.3569],
			"to": [10.67304, 13.32129, 24.7569],
			"rotation": {"angle": -45, "axis": "y", "origin": [8.77304, 7.32129, 22.2569]},
			"faces": {
				"north": {"uv": [12.5, 8.125, 11.125, 8.25], "texture": "#1"},
				"east": {"uv": [12.5, 9.75, 11, 9.875], "texture": "#1"},
				"south": {"uv": [12.5, 8, 11.125, 8.125], "texture": "#1"},
				"west": {"uv": [12.5, 9.875, 11, 10], "texture": "#1"},
				"up": {"uv": [10, 5.75, 8.625, 7.25], "texture": "#1"},
				"down": {"uv": [7.625, 10.25, 6.25, 8.75], "texture": "#1"}
			}
		},
		{
			"from": [6.32304, 13.32129, 19.8069],
			"to": [10.22304, 18.30399, 24.3069],
			"rotation": {"angle": -45, "axis": "y", "origin": [8.77304, 7.32129, 22.2569]},
			"faces": {
				"north": {"uv": [9.875, 8.75, 8.75, 10.375], "texture": "#1"},
				"east": {"uv": [9.875, 2.5, 8.625, 4.125], "texture": "#1"},
				"south": {"uv": [8.75, 8.75, 7.625, 10.375], "texture": "#1"},
				"west": {"uv": [9.875, 4.125, 8.625, 5.75], "texture": "#1"},
				"up": {"uv": [11, 2.5, 9.875, 3.75], "texture": "#1"},
				"down": {"uv": [11, 5, 9.875, 3.75], "texture": "#1"}
			}
		},
		{
			"from": [-1.77254, 6.72129, 18.91132],
			"to": [6.02746, 7.92129, 24.91132],
			"rotation": {"angle": 0, "axis": "y", "origin": [9.62746, 6.42129, 22.13632]},
			"faces": {
				"north": {"uv": [11.875, 1.375, 10.25, 1.625], "texture": "#1"},
				"east": {"uv": [11.5, 2.125, 10.25, 2.375], "texture": "#1"},
				"south": {"uv": [11.875, 1.125, 10.25, 1.375], "texture": "#1"},
				"west": {"uv": [7.5, 10.25, 6.25, 10.5], "texture": "#1"},
				"up": {"uv": [9.5, 7.5, 7.875, 8.75], "texture": "#1"},
				"down": {"uv": [10.25, 2.5, 8.625, 1.25], "texture": "#1"}
			}
		},
		{
			"from": [5.3973, 6.72129, 17.03853],
			"to": [7.7973, 7.92129, 20.63853],
			"rotation": {"angle": -45, "axis": "y", "origin": [6.5973, 7.32129, 17.63853]},
			"faces": {
				"north": {"uv": [11.875, 0.75, 11.375, 1], "texture": "#1"},
				"east": {"uv": [11.75, 8.75, 11, 9], "texture": "#1"},
				"south": {"uv": [11.875, 0.5, 11.375, 0.75], "texture": "#1"},
				"west": {"uv": [11.75, 9, 11, 9.25], "texture": "#1"},
				"up": {"uv": [3.25, 7.5, 2.75, 8.25], "texture": "#1"},
				"down": {"uv": [3.25, 9, 2.75, 8.25], "texture": "#1"}
			}
		},
		{
			"from": [6.17763, 6.72129, 16.36574],
			"to": [10.37763, 7.92129, 18.76574],
			"rotation": {"angle": 0, "axis": "y", "origin": [9.77763, 7.32129, 17.56574]},
			"faces": {
				"north": {"uv": [11.875, 2.5, 11, 2.75], "texture": "#1"},
				"east": {"uv": [1.375, 11.375, 0.875, 11.625], "texture": "#1"},
				"south": {"uv": [9.5, 7.25, 8.625, 7.5], "texture": "#1"},
				"west": {"uv": [1.875, 11.375, 1.375, 11.625], "texture": "#1"},
				"up": {"uv": [8.375, 1.25, 7.5, 1.75], "texture": "#1"},
				"down": {"uv": [8.375, 2.25, 7.5, 1.75], "texture": "#1"}
			}
		},
		{
			"from": [8.75337, 6.72129, 17.03853],
			"to": [11.15337, 7.92129, 20.63853],
			"rotation": {"angle": 45, "axis": "y", "origin": [9.95337, 7.32129, 17.63853]},
			"faces": {
				"north": {"uv": [11.25, 11.25, 10.75, 11.5], "texture": "#1"},
				"east": {"uv": [11.75, 4.5, 11, 4.75], "texture": "#1"},
				"south": {"uv": [10.75, 11.25, 10.25, 11.5], "texture": "#1"},
				"west": {"uv": [11.75, 4.75, 11, 5], "texture": "#1"},
				"up": {"uv": [2.125, 3.75, 1.625, 4.5], "texture": "#1"},
				"down": {"uv": [2.125, 5.25, 1.625, 4.5], "texture": "#1"}
			}
		},
		{
			"from": [10.52321, 6.72129, 18.91132],
			"to": [18.32321, 7.92129, 24.91132],
			"rotation": {"angle": 0, "axis": "y", "origin": [6.92321, 6.42129, 22.13632]},
			"faces": {
				"north": {"uv": [2.5, 10.125, 0.875, 10.375], "texture": "#1"},
				"east": {"uv": [11.5, 1.625, 10.25, 1.875], "texture": "#1"},
				"south": {"uv": [11.625, 7, 10, 7.25], "texture": "#1"},
				"west": {"uv": [11.5, 1.875, 10.25, 2.125], "texture": "#1"},
				"up": {"uv": [9.125, 0, 7.5, 1.25], "texture": "#1"},
				"down": {"uv": [7.875, 8.75, 6.25, 7.5], "texture": "#1"}
			}
		},
		{
			"from": [5.3973, 6.72129, 23.18411],
			"to": [7.7973, 7.92129, 26.78411],
			"rotation": {"angle": 45, "axis": "y", "origin": [6.5973, 7.32129, 26.18411]},
			"faces": {
				"north": {"uv": [9.125, 11.375, 8.625, 11.625], "texture": "#1"},
				"east": {"uv": [11.75, 9.25, 11, 9.5], "texture": "#1"},
				"south": {"uv": [8.625, 11.375, 8.125, 11.625], "texture": "#1"},
				"west": {"uv": [11.75, 9.5, 11, 9.75], "texture": "#1"},
				"up": {"uv": [3.25, 9, 2.75, 9.75], "texture": "#1"},
				"down": {"uv": [5.25, 10.875, 4.75, 10.125], "texture": "#1"}
			}
		},
		{
			"from": [6.17304, 6.72129, 25.0569],
			"to": [10.37304, 7.92129, 27.4569],
			"rotation": {"angle": 0, "axis": "y", "origin": [9.77304, 7.32129, 26.2569]},
			"faces": {
				"north": {"uv": [11.875, 2.75, 11, 3], "texture": "#1"},
				"east": {"uv": [5, 11.375, 4.5, 11.625], "texture": "#1"},
				"south": {"uv": [3.625, 11, 2.75, 11.25], "texture": "#1"},
				"west": {"uv": [7.875, 11.375, 7.375, 11.625], "texture": "#1"},
				"up": {"uv": [4.75, 9.75, 3.875, 10.25], "texture": "#1"},
				"down": {"uv": [0.875, 10.625, 0, 10.125], "texture": "#1"}
			}
		},
		{
			"from": [8.75337, 6.72129, 23.18411],
			"to": [11.15337, 7.92129, 26.78411],
			"rotation": {"angle": -45, "axis": "y", "origin": [9.95337, 7.32129, 26.18411]},
			"faces": {
				"north": {"uv": [0.875, 11.375, 0.375, 11.625], "texture": "#1"},
				"east": {"uv": [7.25, 11, 6.5, 11.25], "texture": "#1"},
				"south": {"uv": [11.75, 11.25, 11.25, 11.5], "texture": "#1"},
				"west": {"uv": [11.75, 8.5, 11, 8.75], "texture": "#1"},
				"up": {"uv": [4, 5.25, 3.5, 6], "texture": "#1"},
				"down": {"uv": [4, 6.75, 3.5, 6], "texture": "#1"}
			}
		},
		{
			"from": [2.7362, 4.41012, 17.41132],
			"to": [13.8362, 6.81012, 25.21132],
			"rotation": {"angle": 0, "axis": "y", "origin": [7.0862, 2.91012, 22.13632]},
			"faces": {
				"north": {"uv": [12.375, 5.5, 10, 6], "texture": "#1"},
				"east": {"uv": [11.875, 6, 10, 6.5], "texture": "#1"},
				"south": {"uv": [12.25, 5, 9.875, 5.5], "texture": "#1"},
				"west": {"uv": [11.875, 6.5, 10, 7], "texture": "#1"},
				"up": {"uv": [2.375, 0, 0, 1.875], "texture": "#1"},
				"down": {"uv": [2.375, 3.75, 0, 1.875], "texture": "#1"}
			}
		},
		{
			"from": [-0.97782, -10.49601, 24.91132],
			"to": [16.42218, 7.0095, 25.51132],
			"rotation": {"angle": 0, "axis": "z", "origin": [14.12218, -2.8905, 21.01132]},
			"faces": {
				"north": {"uv": [6.25, 7.5, 4.875, 10.125], "texture": "#1"},
				"east": {"uv": [4, 10.25, 3.875, 12.875], "texture": "#1"},
				"south": {"uv": [2.75, 7.5, 1.375, 10.125], "texture": "#1"},
				"west": {"uv": [4.125, 10.25, 4, 12.875], "texture": "#1"},
				"up": {"uv": [12.5, 7.25, 11.125, 7.375], "texture": "#1"},
				"down": {"uv": [12.5, 7.5, 11.125, 7.375], "texture": "#1"}
			}
		},
		{
			"from": [-0.47151, -10.49601, 18.91132],
			"to": [0.12849, 7.0095, 24.91132],
			"rotation": {"angle": 0, "axis": "z", "origin": [2.42849, -2.8905, 21.91132]},
			"faces": {
				"north": {"uv": [6.125, 10.125, 6.25, 12.75], "texture": "#1"},
				"east": {"uv": [4, 0, 5.625, 2.625], "texture": "#1"},
				"south": {"uv": [6, 10.125, 6.125, 12.75], "texture": "#1"},
				"west": {"uv": [0, 3.75, 1.625, 6.375], "texture": "#1"},
				"up": {"uv": [8, 10.875, 8.125, 12.5], "texture": "#1"},
				"down": {"uv": [9.625, 12.5, 9.75, 10.875], "texture": "#1"}
			}
		},
		{
			"from": [-0.37782, -10.49601, 18.31132],
			"to": [16.42218, 7.0095, 18.91132],
			"rotation": {"angle": 0, "axis": "z", "origin": [14.12218, -2.8905, 22.81132]},
			"faces": {
				"north": {"uv": [8.625, 2.25, 7.25, 4.875], "texture": "#1"},
				"east": {"uv": [8.625, 2.25, 7.25, 4.875], "texture": "#1"},
				"south": {"uv": [8.625, 2.25, 7.25, 4.875], "texture": "#1"},
				"west": {"uv": [8.625, 2.25, 7.25, 4.875], "texture": "#1"},
				"up": {"uv": [7.25, 4.875, 8.625, 2.25], "texture": "#1"},
				"down": {"uv": [7.25, 4.875, 8.625, 2.25], "texture": "#1"}
			}
		},
		{
			"from": [4.0104, -10.49601, 17.41132],
			"to": [12.5604, 4.34352, 18.01132],
			"rotation": {"angle": 0, "axis": "z", "origin": [8.3604, -7.35648, 25.81132]},
			"faces": {
				"north": {"uv": [7.5, 0, 5.625, 2.25], "texture": "#1"},
				"east": {"uv": [6.375, 10.5, 6.25, 12.75], "texture": "#1"},
				"south": {"uv": [3.5, 5.25, 1.625, 7.5], "texture": "#1"},
				"west": {"uv": [6.5, 10.5, 6.375, 12.75], "texture": "#1"},
				"up": {"uv": [12.5, 8.375, 10.625, 8.5], "texture": "#1"},
				"down": {"uv": [12.75, 1.125, 10.875, 1], "texture": "#1"}
			}
		},
		{
			"from": [15.82218, -10.49601, 18.91132],
			"to": [16.42218, 7.0095, 24.91132],
			"rotation": {"angle": 0, "axis": "z", "origin": [14.12218, -2.8905, 21.91132]},
			"faces": {
				"north": {"uv": [6.25, 10.125, 6.125, 12.75], "texture": "#1"},
				"east": {"uv": [1.625, 3.75, 0, 6.375], "texture": "#1"},
				"south": {"uv": [6.125, 10.125, 6, 12.75], "texture": "#1"},
				"west": {"uv": [5.625, 0, 4, 2.625], "texture": "#1"},
				"up": {"uv": [8.125, 10.875, 8, 12.5], "texture": "#1"},
				"down": {"uv": [9.75, 12.5, 9.625, 10.875], "texture": "#1"}
			}
		},
		{
			"from": [7.46166, 4.34169, 13.77102],
			"to": [9.56166, 6.44169, 15.57102],
			"rotation": {"angle": 0, "axis": "z", "origin": [-2.10757, 1.08455, 15.39959]},
			"faces": {
				"north": {"uv": [11.5, 4.5, 11, 4], "rotation": 180, "texture": "#1"},
				"east": {"uv": [6.875, 11.75, 6.5, 11.25], "rotation": 180, "texture": "#1"},
				"south": {"uv": [11.5, 4, 11, 3.5], "rotation": 180, "texture": "#1"},
				"west": {"uv": [4.5, 11.75, 4.125, 11.25], "rotation": 180, "texture": "#1"},
				"up": {"uv": [7.375, 11.625, 6.875, 11.25], "rotation": 180, "texture": "#1"},
				"down": {"uv": [10.25, 11.25, 9.75, 11.625], "rotation": 180, "texture": "#1"}
			}
		},
		{
			"from": [7.31166, 4.19169, 14.97102],
			"to": [9.71166, 6.59169, 17.97102],
			"rotation": {"angle": 0, "axis": "z", "origin": [-2.10757, 1.08455, 15.39959]},
			"faces": {
				"north": {"uv": [1.875, 11.375, 1.375, 10.875], "rotation": 180, "texture": "#1"},
				"east": {"uv": [8.125, 10.875, 7.5, 10.375], "rotation": 180, "texture": "#1"},
				"south": {"uv": [11.375, 1, 10.875, 0.5], "rotation": 180, "texture": "#1"},
				"west": {"uv": [2, 10.875, 1.375, 10.375], "rotation": 180, "texture": "#1"},
				"up": {"uv": [2.5, 11, 2, 10.375], "rotation": 180, "texture": "#1"},
				"down": {"uv": [8.625, 10.375, 8.125, 11], "rotation": 180, "texture": "#1"}
			}
		},
		{
			"from": [7.16166, 4.19998, 11.08138],
			"to": [9.56166, 6.59998, 13.48138],
			"rotation": {"angle": 22.5, "axis": "x", "origin": [-2.28834, -0.24002, 12.0283]},
			"faces": {
				"north": {"uv": [9.125, 11.375, 8.625, 10.875], "rotation": 180, "texture": "#1"},
				"east": {"uv": [9.625, 11.375, 9.125, 10.875], "rotation": 180, "texture": "#1"},
				"south": {"uv": [5.125, 11.375, 4.625, 10.875], "rotation": 180, "texture": "#1"},
				"west": {"uv": [8, 11.375, 7.5, 10.875], "rotation": 180, "texture": "#1"},
				"up": {"uv": [11.375, 11.25, 10.875, 10.75], "rotation": 180, "texture": "#1"},
				"down": {"uv": [11.5, 0, 11, 0.5], "rotation": 180, "texture": "#1"}
			}
		},
		{
			"from": [8.96166, 2.99998, 11.23138],
			"to": [9.56166, 4.19998, 11.83138],
			"rotation": {"angle": 22.5, "axis": "x", "origin": [-2.28834, -0.24002, 12.0283]},
			"faces": {
				"north": {"uv": [8.5, 1.75, 8.375, 1.5], "rotation": 180, "texture": "#1"},
				"east": {"uv": [8.5, 2, 8.375, 1.75], "rotation": 180, "texture": "#1"},
				"south": {"uv": [5.875, 7.375, 5.75, 7.125], "rotation": 180, "texture": "#1"},
				"west": {"uv": [8.5, 1.5, 8.375, 1.25], "rotation": 180, "texture": "#1"},
				"up": {"uv": [9.375, 1.25, 9.25, 1.125], "rotation": 180, "texture": "#1"},
				"down": {"uv": [1.375, 9.25, 1.25, 9.375], "rotation": 180, "texture": "#1"}
			}
		},
		{
			"from": [8.06166, 2.99998, 11.23138],
			"to": [8.66166, 4.19998, 11.83138],
			"rotation": {"angle": 22.5, "axis": "x", "origin": [-2.28834, -0.24002, 12.0283]},
			"faces": {
				"north": {"uv": [5.625, 7.375, 5.5, 7.125], "rotation": 180, "texture": "#1"},
				"east": {"uv": [5.75, 7.375, 5.625, 7.125], "rotation": 180, "texture": "#1"},
				"south": {"uv": [1.5, 7.375, 1.375, 7.125], "rotation": 180, "texture": "#1"},
				"west": {"uv": [1.625, 7.375, 1.5, 7.125], "rotation": 180, "texture": "#1"},
				"up": {"uv": [9.25, 1.25, 9.125, 1.125], "rotation": 180, "texture": "#1"},
				"down": {"uv": [1.375, 9.125, 1.25, 9.25], "rotation": 180, "texture": "#1"}
			}
		},
		{
			"from": [7.16166, 2.99998, 11.23138],
			"to": [7.76166, 4.19998, 11.83138],
			"rotation": {"angle": 22.5, "axis": "x", "origin": [-2.28834, -0.24002, 12.0283]},
			"faces": {
				"north": {"uv": [1.5, 7.125, 1.375, 6.875], "rotation": 180, "texture": "#1"},
				"east": {"uv": [1.625, 7.125, 1.5, 6.875], "rotation": 180, "texture": "#1"},
				"south": {"uv": [1.5, 6.875, 1.375, 6.625], "rotation": 180, "texture": "#1"},
				"west": {"uv": [1.625, 6.875, 1.5, 6.625], "rotation": 180, "texture": "#1"},
				"up": {"uv": [8.625, 2.25, 8.5, 2.125], "rotation": 180, "texture": "#1"},
				"down": {"uv": [1.375, 9, 1.25, 9.125], "rotation": 180, "texture": "#1"}
			}
		},
		{
			"from": [7.31166, 2.99998, 12.81597],
			"to": [7.91166, 4.19998, 13.41597],
			"rotation": {"angle": 22.5, "axis": "x", "origin": [-2.28834, -0.24002, 12.0283]},
			"faces": {
				"north": {"uv": [8.625, 1.75, 8.5, 1.5], "rotation": 180, "texture": "#1"},
				"east": {"uv": [8.625, 2, 8.5, 1.75], "rotation": 180, "texture": "#1"},
				"south": {"uv": [8.5, 2.25, 8.375, 2], "rotation": 180, "texture": "#1"},
				"west": {"uv": [8.625, 1.5, 8.5, 1.25], "rotation": 180, "texture": "#1"},
				"up": {"uv": [9.5, 1.25, 9.375, 1.125], "rotation": 180, "texture": "#1"},
				"down": {"uv": [1.375, 9.375, 1.25, 9.5], "rotation": 180, "texture": "#1"}
			}
		},
		{
			"from": [7.22321, -0.2726, 13.77102],
			"to": [9.32321, 1.8274, 15.57102],
			"rotation": {"angle": 0, "axis": "y", "origin": [8.09243, 0.88455, 15.39959]},
			"faces": {
				"north": {"uv": [11.5, 3.5, 11, 3], "rotation": 180, "texture": "#1"},
				"east": {"uv": [11.5, 8, 11.125, 7.5], "rotation": 180, "texture": "#1"},
				"south": {"uv": [2.5, 11.5, 2, 11], "rotation": 180, "texture": "#1"},
				"west": {"uv": [0.375, 11.625, 0, 11.125], "rotation": 180, "texture": "#1"},
				"up": {"uv": [3.25, 11.625, 2.75, 11.25], "rotation": 180, "texture": "#1"},
				"down": {"uv": [3.75, 11.25, 3.25, 11.625], "rotation": 180, "texture": "#1"}
			}
		},
		{
			"from": [7.07321, -0.4226, 14.97102],
			"to": [9.47321, 1.9774, 17.97102],
			"rotation": {"angle": 0, "axis": "y", "origin": [8.09243, 0.88455, 15.39959]},
			"faces": {
				"north": {"uv": [7.5, 11, 7, 10.5], "rotation": 180, "texture": "#1"},
				"east": {"uv": [11, 0.5, 10.375, 0], "rotation": 180, "texture": "#1"},
				"south": {"uv": [7, 11, 6.5, 10.5], "rotation": 180, "texture": "#1"},
				"west": {"uv": [4.75, 10.75, 4.125, 10.25], "rotation": 180, "texture": "#1"},
				"up": {"uv": [10.875, 1.125, 10.375, 0.5], "rotation": 180, "texture": "#1"},
				"down": {"uv": [1.375, 10.375, 0.875, 11], "rotation": 180, "texture": "#1"}
			}
		},
		{
			"from": [6.92321, -0.11118, 12.68865],
			"to": [9.32321, 2.28882, 15.08865],
			"rotation": {"angle": -22.5, "axis": "x", "origin": [7.97321, 2.52882, 13.63557]},
			"faces": {
				"north": {"uv": [11.125, 8.25, 10.625, 7.75], "rotation": 180, "texture": "#1"},
				"east": {"uv": [4.625, 11.25, 4.125, 10.75], "rotation": 180, "texture": "#1"},
				"south": {"uv": [0.5, 11.125, 0, 10.625], "rotation": 180, "texture": "#1"},
				"west": {"uv": [11.125, 7.75, 10.625, 7.25], "rotation": 180, "texture": "#1"},
				"up": {"uv": [10.375, 11.25, 9.875, 10.75], "rotation": 180, "texture": "#1"},
				"down": {"uv": [10.875, 10.75, 10.375, 11.25], "rotation": 180, "texture": "#1"}
			}
		},
		{
			"from": [6.92321, 2.28882, 12.83865],
			"to": [7.52321, 3.48882, 13.43865],
			"rotation": {"angle": -22.5, "axis": "x", "origin": [7.97321, 2.52882, 13.63557]},
			"faces": {
				"north": {"uv": [2.25, 4.25, 2.125, 4], "rotation": 180, "texture": "#1"},
				"east": {"uv": [2.375, 4.25, 2.25, 4], "rotation": 180, "texture": "#1"},
				"south": {"uv": [2.25, 4, 2.125, 3.75], "rotation": 180, "texture": "#1"},
				"west": {"uv": [2.375, 4, 2.25, 3.75], "rotation": 180, "texture": "#1"},
				"up": {"uv": [5.75, 2.625, 5.625, 2.5], "rotation": 180, "texture": "#1"},
				"down": {"uv": [5.875, 2.5, 5.75, 2.625], "rotation": 180, "texture": "#1"}
			}
		},
		{
			"from": [7.07321, 2.28882, 14.57324],
			"to": [7.67321, 3.48882, 15.17324],
			"rotation": {"angle": -22.5, "axis": "x", "origin": [7.97321, 2.52882, 13.63557]},
			"faces": {
				"north": {"uv": [2.25, 4.75, 2.125, 4.5], "rotation": 180, "texture": "#1"},
				"east": {"uv": [2.375, 4.75, 2.25, 4.5], "rotation": 180, "texture": "#1"},
				"south": {"uv": [2.25, 4.5, 2.125, 4.25], "rotation": 180, "texture": "#1"},
				"west": {"uv": [2.375, 4.5, 2.25, 4.25], "rotation": 180, "texture": "#1"},
				"up": {"uv": [1.5, 7.5, 1.375, 7.375], "rotation": 180, "texture": "#1"},
				"down": {"uv": [1.625, 7.375, 1.5, 7.5], "rotation": 180, "texture": "#1"}
			}
		},
		{
			"from": [7.82321, 2.28882, 12.83865],
			"to": [8.42321, 3.48882, 13.43865],
			"rotation": {"angle": -22.5, "axis": "x", "origin": [7.97321, 2.52882, 13.63557]},
			"faces": {
				"north": {"uv": [2.25, 5.25, 2.125, 5], "rotation": 180, "texture": "#1"},
				"east": {"uv": [2.375, 5.25, 2.25, 5], "rotation": 180, "texture": "#1"},
				"south": {"uv": [2.25, 5, 2.125, 4.75], "rotation": 180, "texture": "#1"},
				"west": {"uv": [2.375, 5, 2.25, 4.75], "rotation": 180, "texture": "#1"},
				"up": {"uv": [5.625, 7.5, 5.5, 7.375], "rotation": 180, "texture": "#1"},
				"down": {"uv": [5.75, 7.375, 5.625, 7.5], "rotation": 180, "texture": "#1"}
			}
		},
		{
			"from": [8.72321, 2.28882, 12.83865],
			"to": [9.32321, 3.48882, 13.43865],
			"rotation": {"angle": -22.5, "axis": "x", "origin": [7.97321, 2.52882, 13.63557]},
			"faces": {
				"north": {"uv": [1.5, 6.625, 1.375, 6.375], "rotation": 180, "texture": "#1"},
				"east": {"uv": [1.625, 6.625, 1.5, 6.375], "rotation": 180, "texture": "#1"},
				"south": {"uv": [5.75, 2.5, 5.625, 2.25], "rotation": 180, "texture": "#1"},
				"west": {"uv": [5.875, 2.5, 5.75, 2.25], "rotation": 180, "texture": "#1"},
				"up": {"uv": [5.875, 7.5, 5.75, 7.375], "rotation": 180, "texture": "#1"},
				"down": {"uv": [8.625, 2, 8.5, 2.125], "rotation": 180, "texture": "#1"}
			}
		},
		{
			"name": "scythe_0",
			"from": [-13.51957, 2.80686, 12.75473],
			"to": [-11.11957, 3.40686, 18.15473],
			"rotation": {"angle": -22.5, "axis": "y", "origin": [7.41188, 5.80686, 13.51132]},
			"faces": {
				"north": {"uv": [0, 0, 1, 4], "rotation": 90, "texture": "#particle"},
				"east": {"uv": [8, 4, 0, 3], "texture": "#particle"},
				"south": {"uv": [7, 0, 8, 4], "rotation": 270, "texture": "#particle"},
				"west": {"uv": [0, 1, 8, 0], "texture": "#particle"},
				"up": {"uv": [8, 0, 0, 4], "rotation": 270, "texture": "#particle"},
				"down": {"uv": [8, 4, 0, 0], "rotation": 90, "texture": "#particle"}
			}
		},
		{
			"name": "scythe_1",
			"from": [-12.91957, 2.80686, 18.15473],
			"to": [-10.51957, 3.40686, 21.15473],
			"rotation": {"angle": -22.5, "axis": "y", "origin": [7.41188, 5.80686, 13.51132]},
			"faces": {
				"north": {"uv": [8, 1, 9, 5], "rotation": 90, "texture": "#particle"},
				"east": {"uv": [12, 5, 8, 4], "texture": "#particle"},
				"south": {"uv": [11, 1, 12, 5], "rotation": 270, "texture": "#particle"},
				"west": {"uv": [8, 2, 12, 1], "texture": "#particle"},
				"up": {"uv": [12, 1, 8, 5], "rotation": 270, "texture": "#particle"},
				"down": {"uv": [12, 5, 8, 1], "rotation": 90, "texture": "#particle"}
			}
		},
		{
			"name": "scythe_2",
			"from": [-12.31957, 2.80686, 21.15473],
			"to": [-9.91957, 3.40686, 22.35473],
			"rotation": {"angle": -22.5, "axis": "y", "origin": [7.41188, 5.80686, 13.51132]},
			"faces": {
				"north": {"uv": [12, 2, 13, 6], "rotation": 90, "texture": "#particle"},
				"east": {"uv": [13, 6, 12, 5], "texture": "#particle"},
				"south": {"uv": [12, 2, 13, 6], "rotation": 270, "texture": "#particle"},
				"west": {"uv": [12, 3, 13, 2], "texture": "#particle"},
				"up": {"uv": [13, 2, 12, 6], "rotation": 270, "texture": "#particle"},
				"down": {"uv": [13, 6, 12, 2], "rotation": 90, "texture": "#particle"}
			}
		},
		{
			"name": "scythe_3",
			"from": [-11.71957, 2.80686, 22.35473],
			"to": [-9.31957, 3.40686, 22.95473],
			"rotation": {"angle": -22.5, "axis": "y", "origin": [7.41188, 5.80686, 13.51132]},
			"faces": {
				"north": {"uv": [13, 3, 14, 7], "rotation": 90, "texture": "#particle"},
				"east": {"uv": [14, 7, 13, 6], "texture": "#particle"},
				"south": {"uv": [13, 3, 14, 7], "rotation": 270, "texture": "#particle"},
				"west": {"uv": [13, 4, 14, 3], "texture": "#particle"},
				"up": {"uv": [14, 3, 13, 7], "rotation": 270, "texture": "#particle"},
				"down": {"uv": [14, 7, 13, 3], "rotation": 90, "texture": "#particle"}
			}
		},
		{
			"name": "scythe_4",
			"from": [-11.11957, 2.80686, 12.75473],
			"to": [9.88043, 3.40686, 13.95473],
			"rotation": {"angle": -22.5, "axis": "y", "origin": [7.41188, 5.80686, 13.51132]},
			"faces": {
				"north": {"uv": [0, 4, 1, 16], "rotation": 90, "texture": "#particle"},
				"east": {"uv": [2, 16, 0, 15], "texture": "#particle"},
				"south": {"uv": [1, 4, 2, 16], "rotation": 270, "texture": "#particle"},
				"west": {"uv": [0, 5, 2, 4], "texture": "#particle"},
				"up": {"uv": [2, 4, 0, 16], "rotation": 270, "texture": "#particle"},
				"down": {"uv": [2, 16, 0, 4], "rotation": 90, "texture": "#particle"}
			}
		},
		{
			"name": "scythe_5",
			"from": [-11.11957, 2.80686, 14.55473],
			"to": [-9.91957, 3.40686, 15.75473],
			"rotation": {"angle": -22.5, "axis": "y", "origin": [7.41188, 5.80686, 13.51132]},
			"faces": {
				"north": {"uv": [3, 4, 4, 6], "rotation": 90, "texture": "#particle"},
				"east": {"uv": [5, 6, 3, 5], "texture": "#particle"},
				"south": {"uv": [4, 4, 5, 6], "rotation": 270, "texture": "#particle"},
				"west": {"uv": [3, 5, 5, 4], "texture": "#particle"},
				"up": {"uv": [5, 4, 3, 6], "rotation": 270, "texture": "#particle"},
				"down": {"uv": [5, 6, 3, 4], "rotation": 90, "texture": "#particle"}
			}
		},
		{
			"name": "scythe_6",
			"from": [-11.11957, 2.80686, 15.75473],
			"to": [-10.51957, 3.40686, 18.15473],
			"rotation": {"angle": -22.5, "axis": "y", "origin": [7.41188, 5.80686, 13.51132]},
			"faces": {
				"north": {"uv": [5, 4, 6, 5], "rotation": 90, "texture": "#particle"},
				"east": {"uv": [8, 5, 5, 4], "texture": "#particle"},
				"south": {"uv": [7, 4, 8, 5], "rotation": 270, "texture": "#particle"},
				"west": {"uv": [5, 5, 8, 4], "texture": "#particle"},
				"up": {"uv": [8, 4, 5, 5], "rotation": 270, "texture": "#particle"},
				"down": {"uv": [8, 5, 5, 4], "rotation": 90, "texture": "#particle"}
			}
		},
		{
			"name": "scythe_7",
			"from": [-11.11957, 2.80686, 22.95473],
			"to": [-8.71957, 3.40686, 23.55473],
			"rotation": {"angle": -22.5, "axis": "y", "origin": [7.41188, 5.80686, 13.51132]},
			"faces": {
				"north": {"uv": [14, 4, 15, 8], "rotation": 90, "texture": "#particle"},
				"east": {"uv": [15, 8, 14, 7], "texture": "#particle"},
				"south": {"uv": [14, 4, 15, 8], "rotation": 270, "texture": "#particle"},
				"west": {"uv": [14, 5, 15, 4], "texture": "#particle"},
				"up": {"uv": [15, 4, 14, 8], "rotation": 270, "texture": "#particle"},
				"down": {"uv": [15, 8, 14, 4], "rotation": 90, "texture": "#particle"}
			}
		},
		{
			"name": "scythe_8",
			"from": [-10.51957, 2.80686, 18.75473],
			"to": [-9.91957, 3.40686, 21.15473],
			"rotation": {"angle": -22.5, "axis": "y", "origin": [7.41188, 5.80686, 13.51132]},
			"faces": {
				"north": {"uv": [10, 5, 11, 6], "rotation": 90, "texture": "#particle"},
				"east": {"uv": [12, 6, 10, 5], "texture": "#particle"},
				"south": {"uv": [11, 5, 12, 6], "rotation": 270, "texture": "#particle"},
				"west": {"uv": [10, 6, 12, 5], "texture": "#particle"},
				"up": {"uv": [12, 5, 10, 6], "rotation": 270, "texture": "#particle"},
				"down": {"uv": [12, 6, 10, 5], "rotation": 90, "texture": "#particle"}
			}
		},
		{
			"name": "scythe_9",
			"from": [-9.91957, 2.80686, 13.95473],
			"to": [-9.31957, 3.40686, 15.15473],
			"rotation": {"angle": -22.5, "axis": "y", "origin": [7.41188, 5.80686, 13.51132]},
			"faces": {
				"north": {"uv": [2, 6, 3, 7], "rotation": 90, "texture": "#particle"},
				"east": {"uv": [4, 7, 2, 6], "texture": "#particle"},
				"south": {"uv": [3, 6, 4, 7], "rotation": 270, "texture": "#particle"},
				"west": {"uv": [2, 7, 4, 6], "texture": "#particle"},
				"up": {"uv": [4, 6, 2, 7], "rotation": 270, "texture": "#particle"},
				"down": {"uv": [4, 7, 2, 6], "rotation": 90, "texture": "#particle"}
			}
		},
		{
			"name": "scythe_10",
			"from": [-9.31957, 2.80686, 13.95473],
			"to": [-8.71957, 3.40686, 14.55473],
			"rotation": {"angle": -22.5, "axis": "y", "origin": [7.41188, 5.80686, 13.51132]},
			"faces": {
				"north": {"uv": [2, 7, 3, 8], "rotation": 90, "texture": "#particle"},
				"east": {"uv": [3, 8, 2, 7], "texture": "#particle"},
				"south": {"uv": [2, 7, 3, 8], "rotation": 270, "texture": "#particle"},
				"west": {"uv": [2, 8, 3, 7], "texture": "#particle"},
				"up": {"uv": [3, 7, 2, 8], "rotation": 270, "texture": "#particle"},
				"down": {"uv": [3, 8, 2, 7], "rotation": 90, "texture": "#particle"}
			}
		}
	],
	"display": {
		"head": {
			"rotation": [0, 45, 0],
			"translation": [-32.25, -2.5, -30],
			"scale": [3.2, 3.2, 3.2]
		}
	},
	"groups": [
		{
			"name": "head",
			"origin": [10.49618, 13.69549, 16.74264],
			"color": 0,
			"children": [0, 1, 2, 3]
		},
		{
			"name": "shoulders",
			"origin": [10.79672, 13.69549, 16.62132],
			"color": 0,
			"children": [4, 5, 6, 7, 8, 9, 10, 11]
		},
		{
			"name": "body",
			"origin": [17.74474, -3.32415, 9.5],
			"color": 0,
			"children": [12, 13, 14, 15, 16, 17]
		},
		{
			"name": "left hand",
			"origin": [18.68834, -2.24002, -6.9717],
			"color": 0,
			"children": [18, 19, 20, 21, 22, 23, 24]
		},
		{
			"name": "right hand",
			"origin": [16.58576, 10.70804, -4.29292],
			"color": 0,
			"children": [25, 26, 27, 28, 29, 30, 31]
		},
		{
			"name": "scythe",
			"origin": [8, 8, 8],
			"color": 0,
			"children": [32, 33, 34, 35, 36, 37, 38, 39, 40, 41, 42]
		}
	]
}