{
	"credit": "Made with Blockbench",
	"textures": {
		"0": "killerqueenstand",
		"particle": "killerqueenstand"
	},
	"elements": [
		{
			"name": "head",
			"from": [4, 22.5, 0],
			"to": [12, 30.5, 8],
			"faces": {
				"north": {"uv": [2, 2, 4, 4], "texture": "#0"},
				"east": {"uv": [0, 2, 2, 4], "texture": "#0"},
				"south": {"uv": [6, 2, 8, 4], "texture": "#0"},
				"west": {"uv": [4, 2, 6, 4], "texture": "#0"},
				"up": {"uv": [4, 2, 2, 0], "texture": "#0"},
				"down": {"uv": [6, 0, 4, 2], "texture": "#0"}
			}
		},
		{
			"name": "body",
			"from": [4, 11.5, 6],
			"to": [12, 23.5, 10],
			"rotation": {"angle": -22.5, "axis": "x", "origin": [7, 11.5125, 8]},
			"faces": {
				"north": {"uv": [5, 5, 7, 7.98], "texture": "#0"},
				"east": {"uv": [4, 5, 5, 8], "texture": "#0"},
				"south": {"uv": [8, 5, 10, 8], "texture": "#0"},
				"west": {"uv": [7, 5, 8, 7.98], "texture": "#0"},
				"up": {"uv": [7, 5, 5, 4], "texture": "#0"},
				"down": {"uv": [9, 4, 7, 5], "texture": "#0"}
			}
		},
		{
			"name": "right_arm",
			"from": [12.2475, 13.4975, -3.5],
			"to": [16.2475, 17.4975, 2.5],
			"rotation": {"angle": 22.5, "axis": "x", "origin": [14.2475, 15.5, 2]},
			"faces": {
				"north": {"uv": [13, 4, 12, 5], "rotation": 90, "texture": "#0"},
				"east": {"uv": [11, 6.5, 12, 8], "rotation": 270, "texture": "#0"},
				"south": {"uv": [12, 5, 11, 4], "rotation": 90, "texture": "#0"},
				"west": {"uv": [13, 6.5, 14, 8], "rotation": 90, "texture": "#0"},
				"up": {"uv": [12, 6.5, 13, 8], "rotation": 180, "texture": "#0"},
				"down": {"uv": [10, 6.5, 11, 8], "texture": "#0"}
			}
		},
		{
			"name": "right_leg",
			"from": [9.9655, 7.11991, 6],
			"to": [15.9655, 11.11991, 10],
			"rotation": {"angle": 22.5, "axis": "z", "origin": [21.9655, 9.11991, 8]},
			"faces": {
				"north": {"uv": [1, 6.5, 2, 8], "rotation": 270, "texture": "#0"},
				"east": {"uv": [2, 5, 1, 4], "rotation": 90, "texture": "#0"},
				"south": {"uv": [3, 6.5, 4, 8], "rotation": 90, "texture": "#0"},
				"west": {"uv": [3, 4, 2, 5], "rotation": 90, "texture": "#0"},
				"up": {"uv": [2, 6.5, 3, 8], "rotation": 90, "texture": "#0"},
				"down": {"uv": [0, 6.5, 1, 8], "rotation": 90, "texture": "#0"}
			}
		},
		{
			"name": "right_leg",
			"from": [8, 5.5, 6],
			"to": [12, 11.5, 10],
			"rotation": {"angle": 45, "axis": "z", "origin": [10, 11.5, 8]},
			"faces": {
				"north": {"uv": [1, 5, 2, 6.5], "texture": "#0"},
				"east": {"uv": [0, 5, 1, 6.5], "texture": "#0"},
				"south": {"uv": [3, 5, 4, 6.5], "texture": "#0"},
				"west": {"uv": [2, 5, 3, 6.5], "texture": "#0"},
				"up": {"uv": [2, 5, 1, 4], "texture": "#0"},
				"down": {"uv": [3, 4, 2, 5], "texture": "#0"}
			}
		},
		{
			"name": "head_2nd_layer",
			"from": [3.5, 22, -0.5],
			"to": [12.5, 31, 8.5],
			"faces": {
				"north": {"uv": [10, 2, 12, 4], "texture": "#0"},
				"east": {"uv": [8, 2, 10, 4], "texture": "#0"},
				"south": {"uv": [14, 2, 16, 4], "texture": "#0"},
				"west": {"uv": [12, 2, 14, 4], "texture": "#0"},
				"up": {"uv": [12, 2, 10, 0], "texture": "#0"},
				"down": {"uv": [14, 0, 12, 2], "texture": "#0"}
			}
		},
		{
			"name": "body_2nd_layer",
			"from": [4, 11.02, 5.5],
			"to": [12, 24.03, 10.5],
			"rotation": {"angle": -22.5, "axis": "x", "origin": [7, 11.5125, 8]},
			"faces": {
				"north": {"uv": [5, 9, 7, 12], "texture": "#0"},
				"east": {"uv": [4, 9, 5, 12], "texture": "#0"},
				"south": {"uv": [8, 9, 10, 12], "texture": "#0"},
				"west": {"uv": [7, 9, 8, 12], "texture": "#0"},
				"up": {"uv": [7, 9, 5, 8], "texture": "#0"},
				"down": {"uv": [9, 8, 7, 9], "texture": "#0"}
			}
		},
		{
			"name": "right_arm_2nd_layer",
			"from": [11.7475, 13.0075, -3.5],
			"to": [16.7475, 17.9975, 3],
			"rotation": {"angle": 22.5, "axis": "x", "origin": [14.2475, 15.5, 2]},
			"faces": {
				"north": {"uv": [13, 8, 12, 9], "rotation": 90, "texture": "#0"},
				"east": {"uv": [11, 10.5, 12, 12], "rotation": 270, "texture": "#0"},
				"south": {"uv": [12, 9, 11, 8], "rotation": 90, "texture": "#0"},
				"west": {"uv": [13, 10.5, 14, 12], "rotation": 90, "texture": "#0"},
				"up": {"uv": [12, 10.5, 13, 12], "rotation": 180, "texture": "#0"},
				"down": {"uv": [10, 10.5, 11, 12], "texture": "#0"}
			}
		},
		{
			"name": "right_arm",
			"from": [12.2475, 16, 0.0025],
			"to": [16.2475, 22, 4.0025],
			"rotation": {"angle": 45, "axis": "x", "origin": [14.2475, 15.5, 2]},
			"faces": {
				"north": {"uv": [12, 5, 13, 6.5], "texture": "#0"},
				"east": {"uv": [11, 5, 12, 6.5], "texture": "#0"},
				"south": {"uv": [10, 5, 11, 6.5], "texture": "#0"},
				"west": {"uv": [13, 5, 14, 6.5], "texture": "#0"},
				"up": {"uv": [12, 5, 11, 4], "rotation": 90, "texture": "#0"},
				"down": {"uv": [13, 4, 12, 5], "rotation": 270, "texture": "#0"}
			}
		},
		{
			"name": "right_arm_2nd_layer",
			"from": [11.7475, 15.5, -0.4975],
			"to": [16.7475, 22, 4.4925],
			"rotation": {"angle": 45, "axis": "x", "origin": [14.2475, 15.5, 2]},
			"faces": {
				"north": {"uv": [12, 9, 13, 10.5], "texture": "#0"},
				"east": {"uv": [11, 9, 12, 10.5], "texture": "#0"},
				"south": {"uv": [10, 9, 11, 10.5], "texture": "#0"},
				"west": {"uv": [13, 9, 14, 10.5], "texture": "#0"},
				"up": {"uv": [12, 9, 11, 8], "rotation": 90, "texture": "#0"},
				"down": {"uv": [13, 8, 12, 9], "rotation": 270, "texture": "#0"}
			}
		},
		{
			"name": "right_leg_2nd_layer",
			"from": [9.4655, 6.61991, 5.5],
			"to": [15.9655, 11.61991, 10.5],
			"rotation": {"angle": 22.5, "axis": "z", "origin": [21.9655, 9.11991, 8]},
			"faces": {
				"north": {"uv": [1, 10.5, 2, 12], "rotation": 270, "texture": "#0"},
				"east": {"uv": [2, 9, 1, 8], "rotation": 90, "texture": "#0"},
				"south": {"uv": [3, 10.5, 4, 12], "rotation": 90, "texture": "#0"},
				"west": {"uv": [3, 8, 2, 9], "rotation": 90, "texture": "#0"},
				"up": {"uv": [2, 10.5, 3, 12], "rotation": 90, "texture": "#0"},
				"down": {"uv": [0, 10.5, 1, 12], "rotation": 90, "texture": "#0"}
			}
		},
		{
			"name": "right_leg_2nd_layer",
			"from": [7.5, 5.5, 5.5],
			"to": [12.5, 12, 10.5],
			"rotation": {"angle": 45, "axis": "z", "origin": [10, 11.5, 8]},
			"faces": {
				"north": {"uv": [1, 9, 2, 10.5], "texture": "#0"},
				"east": {"uv": [0, 9, 1, 10.5], "texture": "#0"},
				"south": {"uv": [3, 9, 4, 10.5], "texture": "#0"},
				"west": {"uv": [2, 9, 3, 10.5], "texture": "#0"},
				"up": {"uv": [2, 9, 1, 8], "texture": "#0"},
				"down": {"uv": [3, 8, 2, 9], "texture": "#0"}
			}
		},
		{
			"name": "right_leg_2nd_layer",
			"from": [3.5, 5.5, 5.5],
			"to": [8.5, 12, 10.5],
			"rotation": {"angle": -45, "axis": "z", "origin": [6, 11.5, 8]},
			"faces": {
				"north": {"uv": [2, 9, 1, 10.5], "texture": "#0"},
				"east": {"uv": [3, 9, 2, 10.5], "texture": "#0"},
				"south": {"uv": [4, 9, 3, 10.5], "texture": "#0"},
				"west": {"uv": [1, 9, 0, 10.5], "texture": "#0"},
				"up": {"uv": [1, 9, 2, 8], "texture": "#0"},
				"down": {"uv": [2, 8, 3, 9], "texture": "#0"}
			}
		},
		{
			"name": "right_leg_2nd_layer",
			"from": [0.0345, 6.61991, 5.5],
			"to": [6.5345, 11.61991, 10.5],
			"rotation": {"angle": -22.5, "axis": "z", "origin": [-5.9655, 9.11991, 8]},
			"faces": {
				"north": {"uv": [1, 12, 2, 10.5], "rotation": 270, "texture": "#0"},
				"east": {"uv": [3, 9, 2, 8], "rotation": 90, "texture": "#0"},
				"south": {"uv": [3, 12, 4, 10.5], "rotation": 90, "texture": "#0"},
				"west": {"uv": [2, 8, 1, 9], "rotation": 90, "texture": "#0"},
				"up": {"uv": [2, 12, 3, 10.5], "rotation": 90, "texture": "#0"},
				"down": {"uv": [0, 12, 1, 10.5], "rotation": 90, "texture": "#0"}
			}
		},
		{
			"name": "right_leg",
			"from": [4, 5.5, 6],
			"to": [8, 11.5, 10],
			"rotation": {"angle": -45, "axis": "z", "origin": [6, 11.5, 8]},
			"faces": {
				"north": {"uv": [2, 5, 1, 6.5], "texture": "#0"},
				"east": {"uv": [3, 5, 2, 6.5], "texture": "#0"},
				"south": {"uv": [4, 5, 3, 6.5], "texture": "#0"},
				"west": {"uv": [1, 5, 0, 6.5], "texture": "#0"},
				"up": {"uv": [1, 5, 2, 4], "texture": "#0"},
				"down": {"uv": [2, 4, 3, 5], "texture": "#0"}
			}
		},
		{
			"name": "right_leg",
			"from": [0.0345, 7.11991, 6],
			"to": [6.0345, 11.11991, 10],
			"rotation": {"angle": -22.5, "axis": "z", "origin": [-5.9655, 9.11991, 8]},
			"faces": {
				"north": {"uv": [1, 8, 2, 6.5], "rotation": 270, "texture": "#0"},
				"east": {"uv": [3, 5, 2, 4], "rotation": 90, "texture": "#0"},
				"south": {"uv": [3, 8, 4, 6.5], "rotation": 90, "texture": "#0"},
				"west": {"uv": [2, 4, 1, 5], "rotation": 90, "texture": "#0"},
				"up": {"uv": [2, 8, 3, 6.5], "rotation": 90, "texture": "#0"},
				"down": {"uv": [0, 8, 1, 6.5], "rotation": 90, "texture": "#0"}
			}
		},
		{
			"name": "right_arm_2nd_layer",
			"from": [-0.74, 15.5, 1.5],
			"to": [4.25, 22, 6.5],
			"rotation": {"angle": 0, "axis": "x", "origin": [2.0025, 21.625, 8]},
			"faces": {
				"north": {"uv": [12, 9, 11, 10.5], "texture": "#0"},
				"east": {"uv": [13, 9, 12, 10.5], "texture": "#0"},
				"south": {"uv": [14, 9, 13, 10.5], "texture": "#0"},
				"west": {"uv": [11, 9, 10, 10.5], "texture": "#0"},
				"up": {"uv": [11, 9, 12, 8], "texture": "#0"},
				"down": {"uv": [12, 8, 13, 9], "texture": "#0"}
			}
		},
		{
			"name": "right_arm",
			"from": [-0.25, 16, 2],
			"to": [3.75, 22, 6],
			"rotation": {"angle": 0, "axis": "x", "origin": [2.0025, 21.625, 8]},
			"faces": {
				"north": {"uv": [12, 5, 11, 6.5], "texture": "#0"},
				"east": {"uv": [13, 5, 12, 6.5], "texture": "#0"},
				"south": {"uv": [14, 5, 13, 6.5], "texture": "#0"},
				"west": {"uv": [11, 5, 10, 6.5], "texture": "#0"},
				"up": {"uv": [11, 5, 12, 4], "texture": "#0"},
				"down": {"uv": [12, 4, 13, 5], "texture": "#0"}
			}
		},
		{
			"name": "right_arm_2nd_layer",
			"from": [-1.79898, 11.07386, 1.5],
			"to": [3.19102, 17.57386, 6.5],
			"rotation": {"angle": 22.5, "axis": "z", "origin": [3.94352, 19.19886, 3]},
			"faces": {
				"north": {"uv": [12, 10.5, 11, 12], "texture": "#0"},
				"east": {"uv": [13, 10.5, 12, 12], "texture": "#0"},
				"south": {"uv": [14, 10.5, 13, 12], "texture": "#0"},
				"west": {"uv": [11, 10.5, 10, 12], "texture": "#0"},
				"up": {"uv": [11, 9, 12, 8], "texture": "#0"},
				"down": {"uv": [12, 8, 13, 9], "texture": "#0"}
			}
		},
		{
			"name": "right_arm",
			"from": [-1.30898, 11.07386, 2],
			"to": [2.69102, 17.07386, 6],
			"rotation": {"angle": 22.5, "axis": "z", "origin": [3.94352, 19.19886, 3]},
			"faces": {
				"north": {"uv": [12, 6.5, 11, 8], "texture": "#0"},
				"east": {"uv": [13, 6.5, 12, 8], "texture": "#0"},
				"south": {"uv": [14, 6.5, 13, 8], "texture": "#0"},
				"west": {"uv": [11, 6.5, 10, 8], "texture": "#0"},
				"up": {"uv": [11, 5, 12, 4], "texture": "#0"},
				"down": {"uv": [12, 4, 13, 5], "texture": "#0"}
			}
		}
	],
	"display": {},
	"groups": [
		{
			"name": "steve",
			"origin": [8, 8, 8],
			"color": 0,
			"children": [0, 1, 2, 3, 4, 5, 6, 7, 8, 9, 10, 11, 12, 13, 14, 15, 16, 17, 18, 19]
		}
	]
}