{
	"credit": "Made with Blockbench",
	"texture_size": [64, 64],
	"textures": {
		"0": "nw:stand/base/magicians_red"
	},
	"elements": [
		{
			"name": "Head",
			"from": [4.25, 22, 11],
			"to": [11.75, 29, 18.5],
			"rotation": {"angle": 0, "axis": "y", "origin": [8, 18, 15]},
			"faces": {
				"north": {"uv": [1.75, 2, 4.25, 4], "texture": "#0"},
				"east": {"uv": [6, 2, 8, 4], "texture": "#0"},
				"south": {"uv": [4, 2, 6, 4], "texture": "#0"},
				"west": {"uv": [4, 2, 6, 4], "texture": "#0"},
				"up": {"uv": [4, 2, 2, 0], "rotation": 270, "texture": "#0"},
				"down": {"uv": [6, 0, 4, 2], "rotation": 90, "texture": "#0"}
			}
		},
		{
			"name": "Face_layer",
			"from": [4.125, 21.75, 10.9],
			"to": [11.875, 29.5, 18.9],
			"rotation": {"angle": 0, "axis": "y", "origin": [8, 18, 15]},
			"faces": {
				"north": {"uv": [14, 0, 16, 2], "texture": "#0"},
				"east": {"uv": [8, 2, 10, 4], "texture": "#0"},
				"south": {"uv": [14, 2, 16, 4], "texture": "#0"},
				"west": {"uv": [12, 2, 14, 4], "texture": "#0"},
				"up": {"uv": [12, 2, 10, 0], "texture": "#0"},
				"down": {"uv": [14, 0, 12, 2], "texture": "#0"}
			}
		},
		{
			"name": "Beak",
			"from": [6.5, 24.99853, 11.46365],
			"to": [9.5, 26.24853, 14.46365],
			"rotation": {"angle": -22.5, "axis": "x", "origin": [8, 18, 15]},
			"faces": {
				"north": {"uv": [16, 5, 14, 7], "rotation": 180, "texture": "#0"},
				"east": {"uv": [14, 5, 14.25, 7], "rotation": 270, "texture": "#0"},
				"south": {"uv": [12, 2, 10, 0], "texture": "#0"},
				"west": {"uv": [15.75, 5, 16, 7], "rotation": 90, "texture": "#0"},
				"up": {"uv": [14, 5.25, 16, 7], "rotation": 180, "texture": "#0"},
				"down": {"uv": [14, 5, 16, 7], "texture": "#0"}
			}
		},
		{
			"name": "Beak",
			"from": [7.25, 25.90076, 13.90076],
			"to": [8.75, 26.90076, 15.15076],
			"rotation": {"angle": -45, "axis": "x", "origin": [8, 18, 15]},
			"faces": {
				"north": {"uv": [15.5, 6.5, 14.5, 7], "rotation": 180, "texture": "#0"},
				"east": {"uv": [14, 5, 14.25, 7], "rotation": 270, "texture": "#0"},
				"south": {"uv": [12, 2, 10, 0], "texture": "#0"},
				"west": {"uv": [15.75, 5, 16, 7], "rotation": 90, "texture": "#0"},
				"up": {"uv": [14.5, 6.75, 15.5, 7], "rotation": 180, "texture": "#0"},
				"down": {"uv": [14, 5, 16, 7], "texture": "#0"}
			}
		},
		{
			"name": "Beak",
			"from": [6.5, 24.45076, 14.65076],
			"to": [9.4, 24.95076, 17.65076],
			"rotation": {"angle": -45, "axis": "x", "origin": [8, 18, 15]},
			"faces": {
				"north": {"uv": [16, 6.75, 14, 7], "rotation": 180, "texture": "#0"},
				"east": {"uv": [15.75, 5, 16, 7], "rotation": 270, "texture": "#0"},
				"south": {"uv": [12, 2, 10, 0], "texture": "#0"},
				"west": {"uv": [14, 5, 14.25, 7], "rotation": 90, "texture": "#0"},
				"up": {"uv": [14, 5, 16, 7], "rotation": 180, "texture": "#0"},
				"down": {"uv": [14, 5, 16, 7], "texture": "#0"}
			}
		},
		{
			"name": "Ear?(2)",
			"from": [7.5, 28, 12.78635],
			"to": [8.5, 29, 17.78635],
			"rotation": {"angle": 22.5, "axis": "x", "origin": [8, 18, 15]},
			"faces": {
				"north": {"uv": [11, 1.75, 11.25, 2.25], "rotation": 90, "texture": "#0"},
				"east": {"uv": [11, 0, 10.75, 0.5], "rotation": 270, "texture": "#0"},
				"south": {"uv": [10.75, 0, 11, 0.25], "rotation": 270, "texture": "#0"},
				"west": {"uv": [11, 0.5, 10.75, 0], "rotation": 270, "texture": "#0"},
				"up": {"uv": [10.75, 0, 11, 0.5], "rotation": 180, "texture": "#0"},
				"down": {"uv": [10.75, 0, 11, 0.5], "rotation": 270, "texture": "#0"}
			}
		},
		{
			"name": "Ear?(2)",
			"from": [7.625, 18, 25.25],
			"to": [8.375, 20, 26.25],
			"rotation": {"angle": -45, "axis": "x", "origin": [8, 18, 15]},
			"faces": {
				"north": {"uv": [10.75, 0, 11, 0.5], "rotation": 90, "texture": "#0"},
				"east": {"uv": [11, 0, 10.75, 0.5], "rotation": 180, "texture": "#0"},
				"south": {"uv": [10.75, 0, 11, 0.5], "rotation": 180, "texture": "#0"},
				"west": {"uv": [11, 0.5, 10.75, 0], "texture": "#0"},
				"up": {"uv": [11, 1.75, 11.25, 2.25], "rotation": 270, "texture": "#0"},
				"down": {"uv": [10.75, 0, 11, 0.25], "rotation": 270, "texture": "#0"}
			}
		},
		{
			"name": "Ear?(2)",
			"from": [7.625, 15.15076, 24.15076],
			"to": [8.375, 18.15076, 25.15076],
			"rotation": {"angle": -45, "axis": "x", "origin": [8, 18, 15]},
			"faces": {
				"north": {"uv": [10.75, 0, 11, 0.5], "rotation": 90, "texture": "#0"},
				"east": {"uv": [11, 0, 10.75, 0.5], "rotation": 180, "texture": "#0"},
				"south": {"uv": [10.75, 0, 11, 0.5], "rotation": 180, "texture": "#0"},
				"west": {"uv": [11, 0.5, 10.75, 0], "texture": "#0"},
				"up": {"uv": [11, 1.75, 11.25, 2.25], "rotation": 270, "texture": "#0"},
				"down": {"uv": [10.75, 0, 11, 0.25], "rotation": 270, "texture": "#0"}
			}
		},
		{
			"name": "Ear?(2)",
			"from": [7.5, 26.39853, 13.78635],
			"to": [8.5, 27.39853, 18.78635],
			"rotation": {"angle": 22.5, "axis": "x", "origin": [8, 18, 15]},
			"faces": {
				"north": {"uv": [11, 1.75, 11.25, 2.25], "rotation": 90, "texture": "#0"},
				"east": {"uv": [11, 0, 10.75, 0.5], "rotation": 270, "texture": "#0"},
				"south": {"uv": [10.75, 0, 11, 0.25], "rotation": 270, "texture": "#0"},
				"west": {"uv": [11, 0.5, 10.75, 0], "rotation": 270, "texture": "#0"},
				"up": {"uv": [10.75, 0, 11, 0.5], "rotation": 180, "texture": "#0"},
				"down": {"uv": [10.75, 0, 11, 0.5], "rotation": 270, "texture": "#0"}
			}
		},
		{
			"name": "Body",
			"from": [4, 11, 4],
			"to": [12, 23, 8],
			"rotation": {"angle": 22.5, "axis": "x", "origin": [8, -1, 9]},
			"faces": {
				"north": {"uv": [5, 5, 7, 8], "texture": "#0"},
				"east": {"uv": [4, 5, 5, 8], "texture": "#0"},
				"south": {"uv": [8, 5, 10, 8], "texture": "#0"},
				"west": {"uv": [7, 5, 8, 8], "texture": "#0"},
				"up": {"uv": [7, 5, 5, 4], "texture": "#0"},
				"down": {"uv": [9, 4, 7, 5], "texture": "#0"}
			}
		},
		{
			"name": "Body Layer",
			"from": [3.75, 10.75, 3.75],
			"to": [12.25, 23.25, 8.25],
			"rotation": {"angle": 22.5, "axis": "x", "origin": [8, -1, 9]},
			"faces": {
				"north": {"uv": [5, 9, 7, 12], "texture": "#0"},
				"east": {"uv": [4, 9, 5, 12], "texture": "#0"},
				"south": {"uv": [8, 9, 10, 12], "texture": "#0"},
				"west": {"uv": [7, 9, 8, 12], "texture": "#0"},
				"up": {"uv": [7, 9, 5, 8], "texture": "#0"},
				"down": {"uv": [9, 8, 7, 9], "texture": "#0"}
			}
		},
		{
			"name": "Left Arm",
			"from": [10.34084, 9.68838, 12],
			"to": [14.34084, 15.68838, 16],
			"rotation": {"angle": 22.5, "axis": "z", "origin": [13, 21, 9]},
			"faces": {
				"north": {"uv": [11, 14.25, 12, 16], "texture": "#0"},
				"east": {"uv": [10, 14.25, 11, 16], "texture": "#0"},
				"south": {"uv": [9, 14.25, 10, 16], "texture": "#0"},
				"west": {"uv": [8, 14.25, 9, 16], "texture": "#0"},
				"up": {"uv": [10, 13, 9, 12], "rotation": 180, "texture": "#0"},
				"down": {"uv": [11, 12, 10, 13], "rotation": 180, "texture": "#0"}
			}
		},
		{
			"name": "Left Arm",
			"from": [10.34084, 15.68838, 12],
			"to": [14.59084, 22.18838, 16.25],
			"rotation": {"angle": 22.5, "axis": "z", "origin": [13, 21, 9]},
			"faces": {
				"north": {"uv": [9, 13, 10, 14.75], "texture": "#0"},
				"east": {"uv": [8, 13, 9, 14.5], "texture": "#0"},
				"south": {"uv": [11, 13, 12, 14.5], "texture": "#0"},
				"west": {"uv": [10, 13, 11, 14.5], "texture": "#0"},
				"up": {"uv": [10, 13, 9, 12], "texture": "#0"},
				"down": {"uv": [11, 12, 10, 13], "texture": "#0"}
			}
		},
		{
			"name": "Left Arm Layer",
			"from": [10.09084, 10.43838, 11.75],
			"to": [14.59084, 16.93838, 16.25],
			"rotation": {"angle": 22.5, "axis": "z", "origin": [13, 21, 9]},
			"faces": {
				"north": {"uv": [13, 13, 14, 16], "texture": "#0"},
				"east": {"uv": [12, 13, 13, 16], "texture": "#0"},
				"south": {"uv": [15, 13, 16, 16], "texture": "#0"},
				"west": {"uv": [14, 13, 15, 16], "texture": "#0"},
				"up": {"uv": [14, 13, 13, 12], "texture": "#0"},
				"down": {"uv": [15, 12, 14, 13], "texture": "#0"}
			}
		},
		{
			"name": "Left Arm",
			"from": [1.40916, 15.68838, 12],
			"to": [5.65916, 22.18838, 16.25],
			"rotation": {"angle": -22.5, "axis": "z", "origin": [3, 21, 9]},
			"faces": {
				"north": {"uv": [10, 13, 9, 14.75], "texture": "#0"},
				"east": {"uv": [11, 13, 10, 14.5], "texture": "#0"},
				"south": {"uv": [12, 13, 11, 14.5], "texture": "#0"},
				"west": {"uv": [9, 13, 8, 14.5], "texture": "#0"},
				"up": {"uv": [9, 13, 10, 12], "texture": "#0"},
				"down": {"uv": [10, 12, 11, 13], "texture": "#0"}
			}
		},
		{
			"name": "Left Arm Layer",
			"from": [1.40916, 10.43838, 11.75],
			"to": [5.90916, 16.93838, 16.25],
			"rotation": {"angle": -22.5, "axis": "z", "origin": [3, 21, 9]},
			"faces": {
				"north": {"uv": [14, 13, 13, 16], "texture": "#0"},
				"east": {"uv": [15, 13, 14, 16], "texture": "#0"},
				"south": {"uv": [16, 13, 15, 16], "texture": "#0"},
				"west": {"uv": [13, 13, 12, 16], "texture": "#0"},
				"up": {"uv": [13, 13, 14, 12], "texture": "#0"},
				"down": {"uv": [14, 12, 15, 13], "texture": "#0"}
			}
		},
		{
			"name": "Left Arm",
			"from": [1.65916, 9.68838, 12],
			"to": [5.65916, 15.68838, 16],
			"rotation": {"angle": -22.5, "axis": "z", "origin": [3, 21, 9]},
			"faces": {
				"north": {"uv": [12, 14.25, 11, 16], "texture": "#0"},
				"east": {"uv": [9, 14.25, 8, 16], "texture": "#0"},
				"south": {"uv": [10, 14.25, 9, 16], "texture": "#0"},
				"west": {"uv": [11, 14.25, 10, 16], "texture": "#0"},
				"up": {"uv": [9, 13, 10, 12], "rotation": 180, "texture": "#0"},
				"down": {"uv": [10, 12, 11, 13], "rotation": 180, "texture": "#0"}
			}
		},
		{
			"name": "Right Leg",
			"from": [7.9, 8, -3],
			"to": [11.9, 12, 9],
			"rotation": {"angle": 45, "axis": "z", "origin": [8, 12, 9]},
			"faces": {
				"north": {"uv": [3, 4, 2, 5], "rotation": 180, "texture": "#0"},
				"east": {"uv": [0, 5, 1, 8], "rotation": 270, "texture": "#0"},
				"south": {"uv": [2, 5, 1, 4], "texture": "#0"},
				"west": {"uv": [2, 5, 3, 8], "rotation": 90, "texture": "#0"},
				"up": {"uv": [1, 5, 2, 8], "rotation": 180, "texture": "#0"},
				"down": {"uv": [3, 5, 4, 8], "texture": "#0"}
			}
		},
		{
			"name": "bracers",
			"from": [7.89, 7.85, -3.75],
			"to": [12.14, 12.1, -2.5],
			"rotation": {"angle": 45, "axis": "z", "origin": [8, 12, 9]},
			"faces": {
				"north": {"uv": [3, 15, 2, 15.25], "rotation": 180, "texture": "#0"},
				"east": {"uv": [2, 15, 3, 15.25], "rotation": 270, "texture": "#0"},
				"south": {"uv": [15.5, 6.75, 14.5, 5.75], "texture": "#0"},
				"west": {"uv": [1, 15, 2, 15.25], "rotation": 90, "texture": "#0"},
				"up": {"uv": [5.75, 15.5, 6.75, 15.75], "rotation": 180, "texture": "#0"},
				"down": {"uv": [1.5, 15, 2.5, 15.25], "texture": "#0"}
			}
		},
		{
			"name": "bracers",
			"from": [7.75, 7.85, -1.5],
			"to": [12, 12.1, 1.75],
			"rotation": {"angle": 45, "axis": "z", "origin": [8, 12, 9]},
			"faces": {
				"north": {"uv": [3, 15, 2, 15.25], "rotation": 180, "texture": "#0"},
				"east": {"uv": [2.5, 14.25, 3.25, 15.25], "rotation": 270, "texture": "#0"},
				"south": {"uv": [15.5, 6.75, 14.5, 5.75], "texture": "#0"},
				"west": {"uv": [2.5, 14.25, 3.25, 15.25], "rotation": 90, "texture": "#0"},
				"up": {"uv": [2.5, 14.25, 3.25, 15.25], "rotation": 180, "texture": "#0"},
				"down": {"uv": [2.5, 14.25, 3.25, 15.25], "texture": "#0"}
			}
		},
		{
			"name": "bracers",
			"from": [4, -0.05, 8.9],
			"to": [8.25, 1.2, 13.15],
			"rotation": {"angle": 0, "axis": "y", "origin": [8, -1, 9]},
			"faces": {
				"north": {"uv": [5.75, 15.5, 6.75, 15.75], "texture": "#0"},
				"east": {"uv": [2, 15, 3, 15.25], "texture": "#0"},
				"south": {"uv": [1.5, 15, 2.5, 15.25], "texture": "#0"},
				"west": {"uv": [1, 15, 2, 15.25], "texture": "#0"},
				"up": {"uv": [15.5, 6.75, 14.5, 5.75], "texture": "#0"},
				"down": {"uv": [3, 15, 2, 15.25], "texture": "#0"}
			}
		},
		{
			"name": "bracers",
			"from": [4, 1.95, 8.9],
			"to": [8.25, 5.2, 13.15],
			"rotation": {"angle": 0, "axis": "y", "origin": [8, -1, 9]},
			"faces": {
				"north": {"uv": [2.5, 14.25, 3.25, 15.25], "texture": "#0"},
				"east": {"uv": [2.5, 14.25, 3.25, 15.25], "texture": "#0"},
				"south": {"uv": [2.5, 14.25, 3.25, 15.25], "texture": "#0"},
				"west": {"uv": [2.5, 14.25, 3.25, 15.25], "texture": "#0"},
				"up": {"uv": [15.5, 6.75, 14.5, 5.75], "texture": "#0"},
				"down": {"uv": [3, 15, 2, 15.25], "texture": "#0"}
			}
		},
		{
			"name": "Left Leg",
			"from": [4.1, 0.5, 9],
			"to": [8.1, 12, 13],
			"rotation": {"angle": 0, "axis": "y", "origin": [8, -1, 9]},
			"faces": {
				"north": {"uv": [5, 13, 6, 16], "texture": "#0"},
				"east": {"uv": [4, 13, 5, 16], "texture": "#0"},
				"south": {"uv": [7, 13, 8, 16], "texture": "#0"},
				"west": {"uv": [6, 13, 7, 16], "texture": "#0"},
				"up": {"uv": [6, 13, 5, 12], "texture": "#0"},
				"down": {"uv": [7, 12, 6, 13], "texture": "#0"}
			}
		}
	],
	"display": {
		"thirdperson_righthand": {
			"rotation": [45.5, 0, 0],
			"translation": [-2, -13.5, 17.75]
		},
		"head": {
			"translation": [1, -30.5, -6],
			"scale": [1.6, 1.6, 1.6]
		}
	},
	"groups": [
		{
			"name": "Head",
			"origin": [0, 24, 0],
			"color": 0,
			"children": [0, 1, 2, 3, 4, 5, 6, 7, 8]
		},
		{
			"name": "Body",
			"origin": [0, 24, 0],
			"color": 0,
			"children": [9, 10]
		},
		{
			"name": "LeftArm",
			"origin": [-5, 22, 0],
			"color": 0,
			"children": [11, 12, 13, 14, 15, 16]
		},
		{
			"name": "RightLeg",
			"origin": [1.9, 12, 0],
			"color": 0,
			"children": [17, 18, 19]
		},
		{
			"name": "LeftLeg",
			"origin": [-1.9, 12, 0],
			"color": 0,
			"children": [20, 21, 22]
		},
		{
			"name": "LeftArm",
			"origin": [-5, 22, 0],
			"color": 0,
			"children": []
		}
	]
}