{
	"credit": "Made with Blockbench",
	"textures": {
		"0": "nw:stand/base/special/sand",
		"particle": "nw:stand/base/special/sand"
	},
	"elements": [
		{
			"from": [-16, -0.4594, 17.43982],
			"to": [32, 15.8126, 19.94862],
			"rotation": {"angle": 0, "axis": "y", "origin": [-2.0352, 14.5406, -2.12178]},
			"faces": {
				"north": {"uv": [0, 8, 16, 16], "texture": "#0"},
				"east": {"uv": [0, 0, 2, 5], "texture": "#0"},
				"south": {"uv": [0, 0, 16, 8], "texture": "#0"},
				"west": {"uv": [0, 0, 2, 5], "texture": "#0"},
				"up": {"uv": [0, 0, 16, 2], "texture": "#0"},
				"down": {"uv": [0, 0, 16, 2], "texture": "#0"}
			}
		},
		{
			"from": [-16, 8.3243, 19.9344],
			"to": [32, 19.5963, 22.4432],
			"rotation": {"angle": -22.5, "axis": "x", "origin": [-2.0352, 5.7979, 2.3728]},
			"faces": {
				"north": {"uv": [0, 8, 16, 16], "texture": "#0"},
				"east": {"uv": [0, 0, 2, 5], "texture": "#0"},
				"south": {"uv": [0, 0, 16, 8], "texture": "#0"},
				"west": {"uv": [0, 0, 2, 5], "texture": "#0"},
				"up": {"uv": [0, 0, 16, 2], "texture": "#0"},
				"down": {"uv": [0, 0, 16, 2], "texture": "#0"}
			}
		},
		{
			"from": [-16, 16.07611, 28.76164],
			"to": [32, 26.34811, 31.27044],
			"rotation": {"angle": -45, "axis": "x", "origin": [-2.0352, 2.27771, 11.20004]},
			"faces": {
				"north": {"uv": [0, 8, 16, 16], "texture": "#0"},
				"east": {"uv": [0, 0, 2, 5], "texture": "#0"},
				"south": {"uv": [0, 0, 16, 8], "texture": "#0"},
				"west": {"uv": [0, 0, 2, 5], "texture": "#0"},
				"up": {"uv": [0, 0, 16, 2], "texture": "#0"},
				"down": {"uv": [0, 0, 16, 2], "texture": "#0"}
			}
		}
	],
	"display": {
		"head": {
			"translation": [0, -12.25, -40.75],
			"scale": [4, 4, 4]
		}
	}
}