{
	"credit": "Made with Blockbench",
	"textures": {
		"0": "nw:stand/base/special/sand",
		"particle": "nw:stand/base/special/sand"
	},
	"elements": [
		{
			"from": [17.25, 0, -1],
			"to": [19, 16, 17],
			"rotation": {"angle": 0, "axis": "y", "origin": [16, 0, 0]},
			"faces": {
				"north": {"uv": [1, 0, 2, 16], "texture": "#0"},
				"east": {"uv": [1, 0, 16, 16], "texture": "#0"},
				"south": {"uv": [1, 0, 2, 16], "texture": "#0"},
				"west": {"uv": [1, 0, 16, 16], "texture": "#0"},
				"up": {"uv": [1, 0, 2, 16], "texture": "#0"},
				"down": {"uv": [1, 0, 2, 16], "texture": "#0"}
			}
		},
		{
			"from": [-3, 0, -1],
			"to": [-1.25, 16, 17],
			"faces": {
				"north": {"uv": [2, 0, 1, 16], "texture": "#0"},
				"east": {"uv": [16, 0, 1, 16], "texture": "#0"},
				"south": {"uv": [2, 0, 1, 16], "texture": "#0"},
				"west": {"uv": [16, 0, 1, 16], "texture": "#0"},
				"up": {"uv": [2, 0, 1, 16], "texture": "#0"},
				"down": {"uv": [2, 0, 1, 16], "texture": "#0"}
			}
		},
		{
			"from": [-2, 0, -2],
			"to": [18, 16, 0.75],
			"rotation": {"angle": 0, "axis": "y", "origin": [16, 0, -1]},
			"faces": {
				"north": {"uv": [0, 0, 16, 16], "texture": "#0"},
				"east": {"uv": [0, 0, 16, 16], "texture": "#0"},
				"south": {"uv": [0, 0, 16, 16], "texture": "#0"},
				"west": {"uv": [0, 0, 16, 16], "texture": "#0"},
				"up": {"uv": [0, 0, 16, 16], "texture": "#0"},
				"down": {"uv": [0, 15, 16, 16], "texture": "#0"}
			}
		},
		{
			"from": [-2, 0, 17],
			"to": [18, 16, 18],
			"rotation": {"angle": 0, "axis": "y", "origin": [0, 0, 17]},
			"faces": {
				"north": {"uv": [0, 0, 16, 16], "texture": "#0"},
				"east": {"uv": [0, 0, 16, 16], "texture": "#0"},
				"south": {"uv": [0, 0, 16, 16], "texture": "#0"},
				"west": {"uv": [0, 0, 16, 16], "texture": "#0"},
				"up": {"uv": [0, 0, 16, 16], "texture": "#0"},
				"down": {"uv": [0, 15, 16, 16], "texture": "#0"}
			}
		},
		{
			"from": [-2, 16, -1],
			"to": [18, 17, 17],
			"rotation": {"angle": 0, "axis": "z", "origin": [1, 14, 0]},
			"faces": {
				"north": {"uv": [1, 0, 2, 16], "rotation": 270, "texture": "#0"},
				"east": {"uv": [1, 0, 2, 16], "rotation": 270, "texture": "#0"},
				"south": {"uv": [1, 0, 2, 16], "rotation": 270, "texture": "#0"},
				"west": {"uv": [1, 0, 2, 16], "rotation": 270, "texture": "#0"},
				"up": {"uv": [1, 0, 16, 16], "rotation": 270, "texture": "#0"},
				"down": {"uv": [1, 0, 16, 16], "rotation": 270, "texture": "#0"}
			}
		},
		{
			"from": [1.5, 7, -4],
			"to": [14.25, 14, -3],
			"rotation": {"angle": 0, "axis": "y", "origin": [7.77581, 11, -2.12186]},
			"faces": {
				"north": {"uv": [6.125, 2, 14.375, 16], "texture": "#0"},
				"east": {"uv": [6.125, 2, 14.375, 16], "texture": "#0"},
				"south": {"uv": [6.125, 2, 14.375, 16], "texture": "#0"},
				"west": {"uv": [6.125, 2, 14.375, 16], "texture": "#0"},
				"up": {"uv": [6.125, 2, 14.375, 16], "texture": "#0"},
				"down": {"uv": [6.125, 2, 14.375, 16], "texture": "#0"}
			}
		},
		{
			"from": [10.2, 10, -4.75],
			"to": [14.55, 12.5, -0.5],
			"rotation": {"angle": 0, "axis": "y", "origin": [7.77581, 11, -2.12186]},
			"faces": {
				"north": {"uv": [0.125, 0.5, 7.2, 13.125], "texture": "#0"},
				"east": {"uv": [0.125, 0.5, 7.2, 13.125], "texture": "#0"},
				"south": {"uv": [0.125, 0.5, 7.2, 13.125], "texture": "#0"},
				"west": {"uv": [0.125, 0.5, 7.2, 13.125], "texture": "#0"},
				"up": {"uv": [0.125, 0.5, 7.2, 13.125], "texture": "#0"},
				"down": {"uv": [0.125, 0.5, 7.2, 13.125], "texture": "#0"}
			}
		},
		{
			"from": [6.2, 10, -2.75],
			"to": [11.8, 12.5, 1.5],
			"rotation": {"angle": -45, "axis": "y", "origin": [11.375, 11.25, -2.625]},
			"faces": {
				"north": {"uv": [0.125, 0.5, 7.2, 13.125], "texture": "#0"},
				"east": {"uv": [0.125, 0.5, 7.2, 13.125], "texture": "#0"},
				"south": {"uv": [0.125, 0.5, 7.2, 13.125], "texture": "#0"},
				"west": {"uv": [0.125, 0.5, 7.2, 13.125], "texture": "#0"},
				"up": {"uv": [0.125, 0.5, 7.2, 13.125], "rotation": 180, "texture": "#0"},
				"down": {"uv": [0.125, 0.5, 7.2, 13.125], "rotation": 180, "texture": "#0"}
			}
		},
		{
			"from": [6.7, 7.25, -2.25],
			"to": [11.8, 8.5, 1.5],
			"rotation": {"angle": -45, "axis": "y", "origin": [11.375, 11.25, -2.625]},
			"faces": {
				"north": {"uv": [0.125, 0.5, 7.2, 13.125], "texture": "#0"},
				"east": {"uv": [0.125, 0.5, 7.2, 13.125], "texture": "#0"},
				"south": {"uv": [0.125, 0.5, 7.2, 13.125], "texture": "#0"},
				"west": {"uv": [0.125, 0.5, 7.2, 13.125], "texture": "#0"},
				"up": {"uv": [0.125, 0.5, 7.2, 13.125], "rotation": 180, "texture": "#0"},
				"down": {"uv": [0.125, 0.5, 7.2, 13.125], "rotation": 180, "texture": "#0"}
			}
		},
		{
			"from": [0.95, 10, -4.75],
			"to": [5.3, 12.5, -0.5],
			"rotation": {"angle": 0, "axis": "y", "origin": [8.72419, 11, -2.12186]},
			"faces": {
				"north": {"uv": [7.2, 0.5, 0.125, 13.125], "texture": "#0"},
				"east": {"uv": [7.2, 0.5, 0.125, 13.125], "texture": "#0"},
				"south": {"uv": [7.2, 0.5, 0.125, 13.125], "texture": "#0"},
				"west": {"uv": [7.2, 0.5, 0.125, 13.125], "texture": "#0"},
				"up": {"uv": [7.2, 0.5, 0.125, 13.125], "texture": "#0"},
				"down": {"uv": [7.2, 0.5, 0.125, 13.125], "texture": "#0"}
			}
		},
		{
			"from": [-5.05772, 0.70245, -4.66513],
			"to": [-0.05772, 3.70245, -1.66513],
			"rotation": {"angle": 22.5, "axis": "y", "origin": [0.9375, 13.13995, -5.13856]},
			"faces": {
				"north": {"uv": [8.25, 5.625, 0.25, 15.625], "rotation": 90, "texture": "#0"},
				"east": {"uv": [8.25, 5.625, 0.25, 15.625], "rotation": 270, "texture": "#0"},
				"south": {"uv": [8.25, 5.625, 0.25, 15.625], "rotation": 270, "texture": "#0"},
				"west": {"uv": [8.25, 5.625, 0.25, 15.625], "rotation": 270, "texture": "#0"},
				"up": {"uv": [8.25, 5.625, 0.25, 15.625], "rotation": 270, "texture": "#0"},
				"down": {"uv": [8.25, 5.625, 0.25, 15.625], "rotation": 270, "texture": "#0"}
			}
		},
		{
			"from": [-0.10422, 0.45245, -4.35942],
			"to": [1.39578, 3.95245, -1.35942],
			"rotation": {"angle": 0, "axis": "z", "origin": [0.9375, 13.13995, -5.13856]},
			"faces": {
				"north": {"uv": [16, 0, 11, 6.5], "rotation": 90, "texture": "#0"},
				"east": {"uv": [16, 0, 11, 6.5], "rotation": 270, "texture": "#0"},
				"south": {"uv": [16, 0, 11, 6.5], "rotation": 270, "texture": "#0"},
				"west": {"uv": [16, 0, 11, 6.5], "rotation": 270, "texture": "#0"},
				"up": {"uv": [16, 0, 11, 6.5], "rotation": 270, "texture": "#0"},
				"down": {"uv": [16, 0, 11, 6.5], "rotation": 270, "texture": "#0"}
			}
		},
		{
			"from": [0.35177, 0.70245, -4.23806],
			"to": [4.05177, 3.70245, -1.53806],
			"rotation": {"angle": 0, "axis": "z", "origin": [0.9375, 13.13995, -5.13856]},
			"faces": {
				"north": {"uv": [8.15, 5.625, 0.25, 15.525], "rotation": 90, "texture": "#0"},
				"east": {"uv": [8.15, 5.625, 0.25, 15.525], "rotation": 270, "texture": "#0"},
				"south": {"uv": [8.15, 5.625, 0.25, 15.525], "rotation": 270, "texture": "#0"},
				"west": {"uv": [8.15, 5.625, 0.25, 15.525], "rotation": 270, "texture": "#0"},
				"up": {"uv": [8.15, 5.625, 0.25, 15.525], "rotation": 270, "texture": "#0"},
				"down": {"uv": [8.15, 5.625, 0.25, 15.525], "rotation": 270, "texture": "#0"}
			}
		},
		{
			"from": [3.23366, 0.45245, -4.59292],
			"to": [6.23366, 3.95245, -3.59292],
			"rotation": {"angle": 0, "axis": "z", "origin": [0.9375, 13.13995, -5.13856]},
			"faces": {
				"north": {"uv": [16, 0, 11, 7], "rotation": 270, "texture": "#0"},
				"east": {"uv": [16, 0, 11, 7], "rotation": 90, "texture": "#0"},
				"south": {"uv": [16, 0, 11, 7], "rotation": 270, "texture": "#0"},
				"west": {"uv": [16, 0, 11, 7], "rotation": 270, "texture": "#0"},
				"up": {"uv": [16, 0, 11, 7], "texture": "#0"},
				"down": {"uv": [16, 0, 11, 7], "rotation": 180, "texture": "#0"}
			}
		},
		{
			"from": [3.23366, 0.70245, -3.54292],
			"to": [9.23366, 3.70245, -1.59292],
			"rotation": {"angle": 0, "axis": "z", "origin": [0.9375, 13.13995, -5.13856]},
			"faces": {
				"north": {"uv": [9.25, 5.625, 0.25, 15.275], "rotation": 270, "texture": "#0"},
				"east": {"uv": [9.25, 5.625, 0.25, 15.275], "rotation": 90, "texture": "#0"},
				"south": {"uv": [9.25, 5.625, 0.25, 15.275], "rotation": 270, "texture": "#0"},
				"west": {"uv": [9.25, 5.625, 0.25, 15.275], "rotation": 270, "texture": "#0"},
				"up": {"uv": [9.25, 5.625, 0.25, 15.275], "texture": "#0"},
				"down": {"uv": [9.25, 5.625, 0.25, 15.275], "rotation": 180, "texture": "#0"}
			}
		},
		{
			"from": [0.32606, 0.20245, -0.27851],
			"to": [5.57606, 3.45245, 4.97149],
			"rotation": {"angle": -45, "axis": "y", "origin": [0.9375, 13.13995, -5.13856]},
			"faces": {
				"north": {"uv": [9, 6.25, 16, 16], "rotation": 270, "texture": "#0"},
				"east": {"uv": [9, 6.25, 16, 16], "rotation": 270, "texture": "#0"},
				"south": {"uv": [9, 6.25, 16, 16], "rotation": 270, "texture": "#0"},
				"west": {"uv": [9, 6.25, 16, 16], "rotation": 90, "texture": "#0"},
				"up": {"uv": [9, 6.25, 16, 16], "rotation": 180, "texture": "#0"},
				"down": {"uv": [9, 6.25, 16, 16], "texture": "#0"}
			}
		},
		{
			"from": [6.76634, 0.70245, -3.54292],
			"to": [12.76634, 3.70245, -1.59292],
			"rotation": {"angle": 0, "axis": "z", "origin": [15.0625, 13.13995, -5.13856]},
			"faces": {
				"north": {"uv": [9.25, 15.275, 0.25, 5.625], "rotation": 270, "texture": "#0"},
				"east": {"uv": [9.25, 15.275, 0.25, 5.625], "rotation": 270, "texture": "#0"},
				"south": {"uv": [9.25, 15.275, 0.25, 5.625], "rotation": 270, "texture": "#0"},
				"west": {"uv": [9.25, 15.275, 0.25, 5.625], "rotation": 90, "texture": "#0"},
				"up": {"uv": [0.25, 5.625, 9.25, 15.275], "texture": "#0"},
				"down": {"uv": [0.25, 5.625, 9.25, 15.275], "rotation": 180, "texture": "#0"}
			}
		},
		{
			"from": [9.76634, 0.45245, -4.59292],
			"to": [12.76634, 3.95245, -3.59292],
			"rotation": {"angle": 0, "axis": "z", "origin": [15.0625, 13.13995, -5.13856]},
			"faces": {
				"north": {"uv": [16, 7, 11, 0], "rotation": 270, "texture": "#0"},
				"east": {"uv": [16, 7, 11, 0], "rotation": 270, "texture": "#0"},
				"south": {"uv": [16, 7, 11, 0], "rotation": 270, "texture": "#0"},
				"west": {"uv": [16, 7, 11, 0], "rotation": 90, "texture": "#0"},
				"up": {"uv": [11, 0, 16, 7], "texture": "#0"},
				"down": {"uv": [11, 0, 16, 7], "rotation": 180, "texture": "#0"}
			}
		},
		{
			"from": [11.94823, 0.70245, -4.23806],
			"to": [15.64823, 3.70245, -1.53806],
			"rotation": {"angle": 0, "axis": "z", "origin": [15.0625, 13.13995, -5.13856]},
			"faces": {
				"north": {"uv": [8.15, 15.525, 0.25, 5.625], "rotation": 90, "texture": "#0"},
				"east": {"uv": [8.15, 15.525, 0.25, 5.625], "rotation": 270, "texture": "#0"},
				"south": {"uv": [8.15, 15.525, 0.25, 5.625], "rotation": 270, "texture": "#0"},
				"west": {"uv": [8.15, 15.525, 0.25, 5.625], "rotation": 270, "texture": "#0"},
				"up": {"uv": [8.15, 15.525, 0.25, 5.625], "rotation": 270, "texture": "#0"},
				"down": {"uv": [8.15, 15.525, 0.25, 5.625], "rotation": 270, "texture": "#0"}
			}
		},
		{
			"from": [14.60422, 0.45245, -4.35942],
			"to": [16.10422, 3.95245, -1.35942],
			"rotation": {"angle": 0, "axis": "z", "origin": [15.0625, 13.13995, -5.13856]},
			"faces": {
				"north": {"uv": [16, 6.5, 11, 0], "rotation": 90, "texture": "#0"},
				"east": {"uv": [16, 6.5, 11, 0], "rotation": 270, "texture": "#0"},
				"south": {"uv": [16, 6.5, 11, 0], "rotation": 270, "texture": "#0"},
				"west": {"uv": [16, 6.5, 11, 0], "rotation": 270, "texture": "#0"},
				"up": {"uv": [16, 6.5, 11, 0], "rotation": 270, "texture": "#0"},
				"down": {"uv": [16, 6.5, 11, 0], "rotation": 270, "texture": "#0"}
			}
		},
		{
			"from": [16.05772, 0.70245, -4.66513],
			"to": [21.05772, 3.70245, -1.66513],
			"rotation": {"angle": -22.5, "axis": "y", "origin": [15.0625, 13.13995, -5.13856]},
			"faces": {
				"north": {"uv": [8.25, 15.625, 0.25, 5.625], "rotation": 90, "texture": "#0"},
				"east": {"uv": [8.25, 15.625, 0.25, 5.625], "rotation": 270, "texture": "#0"},
				"south": {"uv": [8.25, 15.625, 0.25, 5.625], "rotation": 270, "texture": "#0"},
				"west": {"uv": [8.25, 15.625, 0.25, 5.625], "rotation": 270, "texture": "#0"},
				"up": {"uv": [8.25, 15.625, 0.25, 5.625], "rotation": 270, "texture": "#0"},
				"down": {"uv": [8.25, 15.625, 0.25, 5.625], "rotation": 270, "texture": "#0"}
			}
		},
		{
			"from": [10.42394, 0.20245, -0.27851],
			"to": [15.67394, 3.45245, 4.97149],
			"rotation": {"angle": 45, "axis": "y", "origin": [15.0625, 13.13995, -5.13856]},
			"faces": {
				"north": {"uv": [9, 16, 16, 6.25], "rotation": 270, "texture": "#0"},
				"east": {"uv": [9, 16, 16, 6.25], "rotation": 90, "texture": "#0"},
				"south": {"uv": [9, 16, 16, 6.25], "rotation": 270, "texture": "#0"},
				"west": {"uv": [9, 16, 16, 6.25], "rotation": 270, "texture": "#0"},
				"up": {"uv": [16, 6.25, 9, 16], "rotation": 180, "texture": "#0"},
				"down": {"uv": [16, 6.25, 9, 16], "texture": "#0"}
			}
		}
	],
	"display": {
		"head": {
			"translation": [0.75, -13.25, 0],
			"scale": [4, 4, 4]
		}
	},
	"groups": [
		0,
		1,
		2,
		3,
		4,
		{
			"name": "the_fool",
			"origin": [8, 8, 8],
			"color": 0,
			"children": [
				{
					"name": "head",
					"origin": [7.875, 3.25, 4.25],
					"color": 0,
					"children": [5, 6, 7, 8, 9]
				},
				{
					"name": "right front leg",
					"origin": [8, 4.5, 8],
					"color": 0,
					"children": [10, 11, 12, 13, 14, 15, 16, 17, 18, 19, 20, 21]
				}
			]
		}
	]
}