{
	"credit": "Made with Blockbench",
	"texture_size": [64, 64],
	"textures": {
		"0": "nw:stand/base/star_platinum"
	},
	"elements": [
		{
			"name": "Head",
			"from": [4, 12, 23],
			"to": [12, 20, 31],
			"rotation": {"angle": 0, "axis": "y", "origin": [8, 11, 27]},
			"faces": {
				"north": {"uv": [2, 2, 4, 4], "texture": "#0"},
				"east": {"uv": [0, 2, 2, 4], "texture": "#0"},
				"south": {"uv": [6, 2, 8, 4], "texture": "#0"},
				"west": {"uv": [4, 2, 6, 4], "texture": "#0"},
				"up": {"uv": [4, 2, 2, 0], "texture": "#0"},
				"down": {"uv": [6, 0, 4, 2], "texture": "#0"}
			}
		},
		{
			"name": "Hat Layer",
			"from": [3.5, 11.5, 22.5],
			"to": [12.5, 20.5, 31.5],
			"rotation": {"angle": 0, "axis": "y", "origin": [8, 11, 27]},
			"faces": {
				"north": {"uv": [10, 2, 12, 4], "texture": "#0"},
				"east": {"uv": [8, 2, 10, 4], "texture": "#0"},
				"south": {"uv": [14, 2, 16, 4], "texture": "#0"},
				"west": {"uv": [12, 2, 14, 4], "texture": "#0"},
				"up": {"uv": [12, 2, 10, 0], "texture": "#0"},
				"down": {"uv": [14, 0, 12, 2], "texture": "#0"}
			}
		},
		{
			"name": "Body",
			"from": [4, 6, 24.75],
			"to": [12, 12, 29.25],
			"rotation": {"angle": 0, "axis": "y", "origin": [8, 11, 27]},
			"faces": {
				"north": {"uv": [5, 5, 7, 6.5], "texture": "#0"},
				"east": {"uv": [4, 5, 5, 6.5], "texture": "#0"},
				"south": {"uv": [8, 5, 10, 6.5], "texture": "#0"},
				"west": {"uv": [7, 5, 8, 6.5], "texture": "#0"},
				"up": {"uv": [7, 5, 5, 4], "texture": "#0"},
				"down": {"uv": [9, 4, 7, 5], "texture": "#0"}
			}
		},
		{
			"name": "Body Layer",
			"from": [3.75, 5.75, 24.5],
			"to": [12.25, 12.25, 29.5],
			"rotation": {"angle": 0, "axis": "y", "origin": [8, 11, 27]},
			"faces": {
				"north": {"uv": [5, 9, 7, 10.5], "texture": "#0"},
				"east": {"uv": [4, 9, 5, 10.5], "texture": "#0"},
				"south": {"uv": [8, 9, 10, 10.5], "texture": "#0"},
				"west": {"uv": [7, 9, 8, 10.5], "texture": "#0"},
				"up": {"uv": [7, 9, 5, 8], "texture": "#0"},
				"down": {"uv": [2, 0, 0, 1], "texture": "#0"}
			}
		},
		{
			"name": "Body",
			"from": [4.25, 0, 25],
			"to": [11.75, 6, 29],
			"rotation": {"angle": 0, "axis": "y", "origin": [8, 11, 27]},
			"faces": {
				"north": {"uv": [5, 6.5, 7, 8], "texture": "#0"},
				"east": {"uv": [4, 6.5, 5, 8], "texture": "#0"},
				"south": {"uv": [8, 6.5, 10, 8], "texture": "#0"},
				"west": {"uv": [7, 6.5, 8, 8], "texture": "#0"},
				"up": {"uv": [7, 6.5, 5, 5.5], "texture": "#0"},
				"down": {"uv": [9, 5.5, 7, 6.5], "texture": "#0"}
			}
		},
		{
			"name": "Body Layer",
			"from": [4, -0.25, 24.75],
			"to": [12, 6.25, 29.25],
			"rotation": {"angle": 0, "axis": "y", "origin": [8, 11, 27]},
			"faces": {
				"north": {"uv": [5, 10.5, 7, 12], "texture": "#0"},
				"east": {"uv": [4, 10.5, 5, 12], "texture": "#0"},
				"south": {"uv": [8, 10.5, 10, 12], "texture": "#0"},
				"west": {"uv": [7, 10.5, 8, 12], "texture": "#0"},
				"up": {"uv": [2, 1, 0, 0], "texture": "#0"},
				"down": {"uv": [9, 9.5, 7, 10.5], "texture": "#0"}
			}
		},
		{
			"name": "Right Arm",
			"from": [12, 8, 21],
			"to": [16, 12, 27],
			"rotation": {"angle": -45, "axis": "z", "origin": [14, 10, 25]},
			"faces": {
				"north": {"uv": [13, 4, 12, 5], "rotation": 270, "texture": "#0"},
				"east": {"uv": [13, 5, 14, 6.5], "rotation": 270, "texture": "#0"},
				"south": {"uv": [12, 5, 11, 4], "rotation": 270, "texture": "#0"},
				"west": {"uv": [11, 5, 12, 6.5], "rotation": 90, "texture": "#0"},
				"up": {"uv": [10, 5, 11, 6.5], "rotation": 180, "texture": "#0"},
				"down": {"uv": [12, 5, 13, 6.5], "texture": "#0"}
			}
		},
		{
			"name": "Right Arm Layer",
			"from": [11.75, 7.75, 20.75],
			"to": [16.25, 12.25, 27.25],
			"rotation": {"angle": -45, "axis": "z", "origin": [14, 10, 25]},
			"faces": {
				"north": {"uv": [1, 0, 0, 1], "rotation": 270, "texture": "#0"},
				"east": {"uv": [13, 9, 14, 10.5], "rotation": 270, "texture": "#0"},
				"south": {"uv": [12, 9, 11, 8], "rotation": 270, "texture": "#0"},
				"west": {"uv": [11, 9, 12, 10.5], "rotation": 90, "texture": "#0"},
				"up": {"uv": [10, 9, 11, 10.5], "rotation": 180, "texture": "#0"},
				"down": {"uv": [12, 9, 13, 10.5], "texture": "#0"}
			}
		},
		{
			"name": "Right Arm",
			"from": [12, 8, 15.5],
			"to": [16, 12, 21.5],
			"rotation": {"angle": -45, "axis": "z", "origin": [14, 10, 25]},
			"faces": {
				"north": {"uv": [13, 4, 12, 5], "rotation": 270, "texture": "#0"},
				"east": {"uv": [13, 6.5, 14, 8], "rotation": 270, "texture": "#0"},
				"south": {"uv": [12, 6.5, 11, 5.5], "rotation": 270, "texture": "#0"},
				"west": {"uv": [11, 6.5, 12, 8], "rotation": 90, "texture": "#0"},
				"up": {"uv": [10, 6.5, 11, 8], "rotation": 180, "texture": "#0"},
				"down": {"uv": [12, 6.5, 13, 8], "texture": "#0"}
			}
		},
		{
			"name": "Right Arm",
			"from": [12, 10, -14],
			"to": [13, 11, 15.5],
			"rotation": {"angle": -45, "axis": "z", "origin": [14, 10, 25]},
			"faces": {
				"north": {"uv": [12.75, 4, 12.5, 4.25], "rotation": 270, "texture": "#0"},
				"east": {"uv": [12.5, 4, 12.75, 4.25], "rotation": 270, "texture": "#0"},
				"south": {"uv": [12, 6.5, 11, 5.5], "rotation": 270, "texture": "#0"},
				"west": {"uv": [12.5, 4, 12.75, 4.25], "rotation": 90, "texture": "#0"},
				"up": {"uv": [12.5, 4, 12.75, 4.25], "rotation": 180, "texture": "#0"},
				"down": {"uv": [12.5, 4, 12.75, 4.25], "texture": "#0"}
			}
		},
		{
			"name": "Right Arm",
			"from": [13.25, 10, -14],
			"to": [14.25, 11, 15.5],
			"rotation": {"angle": -45, "axis": "z", "origin": [14, 10, 25]},
			"faces": {
				"north": {"uv": [12.75, 4, 12.5, 4.25], "rotation": 270, "texture": "#0"},
				"east": {"uv": [12.5, 4, 12.75, 4.25], "rotation": 270, "texture": "#0"},
				"south": {"uv": [12, 6.5, 11, 5.5], "rotation": 270, "texture": "#0"},
				"west": {"uv": [12.5, 4, 12.75, 4.25], "rotation": 90, "texture": "#0"},
				"up": {"uv": [12.5, 4, 12.75, 4.25], "rotation": 180, "texture": "#0"},
				"down": {"uv": [12.5, 4, 12.75, 4.25], "texture": "#0"}
			}
		},
		{
			"name": "Right Arm Layer",
			"from": [11.75, 7.75, 15.25],
			"to": [16.25, 12.25, 21.75],
			"rotation": {"angle": -45, "axis": "z", "origin": [14, 10, 25]},
			"faces": {
				"north": {"uv": [13, 8, 12, 9], "rotation": 270, "texture": "#0"},
				"east": {"uv": [13, 10.5, 14, 12], "rotation": 270, "texture": "#0"},
				"south": {"uv": [1, 1, 0, 0], "rotation": 270, "texture": "#0"},
				"west": {"uv": [11, 10.5, 12, 12], "rotation": 90, "texture": "#0"},
				"up": {"uv": [10, 10.5, 11, 12], "rotation": 180, "texture": "#0"},
				"down": {"uv": [12, 10.5, 13, 12], "texture": "#0"}
			}
		},
		{
			"name": "Left Arm",
			"from": [-2, 8, 25],
			"to": [4, 12, 29],
			"rotation": {"angle": 22.5, "axis": "y", "origin": [2, 10, 27]},
			"faces": {
				"north": {"uv": [9, 13, 10, 14.5], "rotation": 270, "texture": "#0"},
				"east": {"uv": [10, 13, 9, 12], "rotation": 90, "texture": "#0"},
				"south": {"uv": [11, 13, 12, 14.5], "rotation": 90, "texture": "#0"},
				"west": {"uv": [11, 12, 10, 13], "rotation": 90, "texture": "#0"},
				"up": {"uv": [10, 13, 11, 14.5], "rotation": 90, "texture": "#0"},
				"down": {"uv": [8, 13, 9, 14.5], "rotation": 90, "texture": "#0"}
			}
		},
		{
			"name": "Left Arm Layer",
			"from": [-2.25, 7.75, 24.75],
			"to": [4.25, 12.25, 29.25],
			"rotation": {"angle": 22.5, "axis": "y", "origin": [2, 10, 27]},
			"faces": {
				"north": {"uv": [13, 13, 14, 14.5], "rotation": 270, "texture": "#0"},
				"east": {"uv": [14, 13, 13, 12], "rotation": 90, "texture": "#0"},
				"south": {"uv": [15, 13, 16, 14.5], "rotation": 90, "texture": "#0"},
				"west": {"uv": [1, 0, 0, 1], "rotation": 90, "texture": "#0"},
				"up": {"uv": [14, 13, 15, 14.5], "rotation": 90, "texture": "#0"},
				"down": {"uv": [12, 13, 13, 14.5], "rotation": 90, "texture": "#0"}
			}
		},
		{
			"name": "Left Arm",
			"from": [-3.06545, 8.25, 19.29487],
			"to": [0.93455, 12.25, 25.29487],
			"rotation": {"angle": 45, "axis": "y", "origin": [2, 10, 27]},
			"faces": {
				"north": {"uv": [11, 12, 10, 13], "rotation": 90, "texture": "#0"},
				"east": {"uv": [9, 14.5, 10, 16], "rotation": 270, "texture": "#0"},
				"south": {"uv": [10, 14.5, 9, 13.5], "rotation": 90, "texture": "#0"},
				"west": {"uv": [11, 14.5, 12, 16], "rotation": 90, "texture": "#0"},
				"up": {"uv": [10, 14.5, 11, 16], "rotation": 180, "texture": "#0"},
				"down": {"uv": [8, 14.5, 9, 16], "texture": "#0"}
			}
		},
		{
			"name": "Left Arm Layer",
			"from": [-3.31545, 8, 19.04487],
			"to": [1.18455, 12.5, 25.54487],
			"rotation": {"angle": 45, "axis": "y", "origin": [2, 10, 27]},
			"faces": {
				"north": {"uv": [15, 12, 14, 13], "rotation": 90, "texture": "#0"},
				"east": {"uv": [13, 14.5, 14, 16], "rotation": 270, "texture": "#0"},
				"south": {"uv": [1, 1, 0, 0], "rotation": 90, "texture": "#0"},
				"west": {"uv": [15, 14.5, 16, 16], "rotation": 90, "texture": "#0"},
				"up": {"uv": [14, 14.5, 15, 16], "rotation": 180, "texture": "#0"},
				"down": {"uv": [12, 14.5, 13, 16], "texture": "#0"}
			}
		},
		{
			"name": "Right Leg",
			"from": [7.9, -6, 25],
			"to": [11.65, 0, 29],
			"rotation": {"angle": -22.5, "axis": "x", "origin": [8, 0, 27]},
			"faces": {
				"north": {"uv": [1, 5, 2, 6.5], "texture": "#0"},
				"east": {"uv": [0, 5, 1, 6.5], "texture": "#0"},
				"south": {"uv": [3, 5, 4, 6.5], "texture": "#0"},
				"west": {"uv": [2, 5, 3, 6.5], "texture": "#0"},
				"up": {"uv": [2, 5, 1, 4], "texture": "#0"},
				"down": {"uv": [3, 4, 2, 5], "texture": "#0"}
			}
		},
		{
			"name": "Right Leg Layer",
			"from": [7.65, -6.25, 24.75],
			"to": [11.9, 0.25, 29.25],
			"rotation": {"angle": -22.5, "axis": "x", "origin": [8, 0, 27]},
			"faces": {
				"north": {"uv": [1, 9, 2, 10.5], "texture": "#0"},
				"east": {"uv": [0, 9, 1, 10.5], "texture": "#0"},
				"south": {"uv": [3, 9, 4, 10.5], "texture": "#0"},
				"west": {"uv": [2, 9, 3, 10.5], "texture": "#0"},
				"up": {"uv": [2, 9, 1, 8], "texture": "#0"},
				"down": {"uv": [1, 0, 0, 1], "texture": "#0"}
			}
		},
		{
			"name": "Right Leg",
			"from": [7.9, -12, 25],
			"to": [11.65, -6, 29],
			"rotation": {"angle": -22.5, "axis": "x", "origin": [8, 0, 27]},
			"faces": {
				"north": {"uv": [1, 6.5, 2, 8], "texture": "#0"},
				"east": {"uv": [0, 6.5, 1, 8], "texture": "#0"},
				"south": {"uv": [3, 6.5, 4, 8], "texture": "#0"},
				"west": {"uv": [2, 6.5, 3, 8], "texture": "#0"},
				"up": {"uv": [2, 6.5, 1, 5.5], "texture": "#0"},
				"down": {"uv": [3, 4, 2, 5], "texture": "#0"}
			}
		},
		{
			"name": "Right Leg Layer",
			"from": [7.65, -12.25, 24.75],
			"to": [11.9, -5.75, 29.25],
			"rotation": {"angle": -22.5, "axis": "x", "origin": [8, 0, 27]},
			"faces": {
				"north": {"uv": [1, 10.5, 2, 12], "texture": "#0"},
				"east": {"uv": [0, 10.5, 1, 12], "texture": "#0"},
				"south": {"uv": [3, 10.5, 4, 12], "texture": "#0"},
				"west": {"uv": [2, 10.5, 3, 12], "texture": "#0"},
				"up": {"uv": [1, 1, 0, 0], "texture": "#0"},
				"down": {"uv": [3, 8, 2, 9], "texture": "#0"}
			}
		},
		{
			"name": "Left Leg",
			"from": [4.35, -6, 25],
			"to": [8.1, 0, 29],
			"rotation": {"angle": 22.5, "axis": "x", "origin": [8, 0, 27]},
			"faces": {
				"north": {"uv": [5, 13, 6, 14.5], "texture": "#0"},
				"east": {"uv": [4, 13, 5, 14.5], "texture": "#0"},
				"south": {"uv": [7, 13, 8, 14.5], "texture": "#0"},
				"west": {"uv": [6, 13, 7, 14.5], "texture": "#0"},
				"up": {"uv": [6, 13, 5, 12], "texture": "#0"},
				"down": {"uv": [7, 12, 6, 13], "texture": "#0"}
			}
		},
		{
			"name": "Left Leg Layer",
			"from": [4.1, -6.25, 24.75],
			"to": [8.35, 0.25, 29.25],
			"rotation": {"angle": 22.5, "axis": "x", "origin": [8, 0, 27]},
			"faces": {
				"north": {"uv": [1, 13, 2, 14.5], "texture": "#0"},
				"east": {"uv": [0, 13, 1, 14.5], "texture": "#0"},
				"south": {"uv": [3, 13, 4, 14.5], "texture": "#0"},
				"west": {"uv": [2, 13, 3, 14.5], "texture": "#0"},
				"up": {"uv": [2, 13, 1, 12], "texture": "#0"},
				"down": {"uv": [1, 0, 0, 1], "texture": "#0"}
			}
		},
		{
			"name": "Left Leg",
			"from": [4.35, -9.07843, 21.23959],
			"to": [8.1, -3.07843, 25.23959],
			"rotation": {"angle": -22.5, "axis": "x", "origin": [8, 0, 27]},
			"faces": {
				"north": {"uv": [5, 14.5, 6, 16], "texture": "#0"},
				"east": {"uv": [4, 14.5, 5, 16], "texture": "#0"},
				"south": {"uv": [7, 14.5, 8, 16], "texture": "#0"},
				"west": {"uv": [6, 14.5, 7, 16], "texture": "#0"},
				"up": {"uv": [6, 14.5, 5, 13.5], "texture": "#0"},
				"down": {"uv": [7, 12, 6, 13], "texture": "#0"}
			}
		},
		{
			"name": "Left Leg Layer",
			"from": [4.1, -9.32843, 20.98959],
			"to": [8.35, -2.82843, 25.48959],
			"rotation": {"angle": -22.5, "axis": "x", "origin": [8, 0, 27]},
			"faces": {
				"north": {"uv": [1, 14.5, 2, 16], "texture": "#0"},
				"east": {"uv": [0, 14.5, 1, 16], "texture": "#0"},
				"south": {"uv": [3, 14.5, 4, 16], "texture": "#0"},
				"west": {"uv": [2, 14.5, 3, 16], "texture": "#0"},
				"up": {"uv": [1, 1, 0, 0], "texture": "#0"},
				"down": {"uv": [3, 12, 2, 13], "texture": "#0"}
			}
		}
	],
	"display": {
		"head": {
			"translation": [0, -12.75, -30],
			"scale": [1.6, 1.6, 1.6]
		}
	},
	"groups": [
		{
			"name": "Head",
			"origin": [0, 24, 0],
			"color": 0,
			"children": [0, 1]
		},
		{
			"name": "Body",
			"origin": [0, 24, 0],
			"color": 0,
			"children": [
				2,
				3,
				{
					"name": "Body",
					"origin": [0, 24, 0],
					"color": 0,
					"children": [4, 5]
				}
			]
		},
		{
			"name": "RightArm",
			"origin": [5, 22, 0],
			"color": 0,
			"children": [
				6,
				7,
				{
					"name": "RightArm",
					"origin": [5, 22, 0],
					"color": 0,
					"children": [8, 9, 10, 11]
				}
			]
		},
		{
			"name": "LeftArm",
			"origin": [-5, 22, 0],
			"color": 0,
			"children": [
				12,
				13,
				{
					"name": "LeftArm",
					"origin": [-5, 22, 0],
					"color": 0,
					"children": [14, 15]
				}
			]
		},
		{
			"name": "RightLeg",
			"origin": [1.9, 12, 0],
			"color": 0,
			"children": [
				16,
				17,
				{
					"name": "RightLeg",
					"origin": [1.9, 12, 0],
					"color": 0,
					"children": [18, 19]
				}
			]
		},
		{
			"name": "LeftLeg",
			"origin": [-1.9, 12, 0],
			"color": 0,
			"children": [
				20,
				21,
				{
					"name": "LeftLeg",
					"origin": [-1.9, 12, 0],
					"color": 0,
					"children": [22, 23]
				}
			]
		}
	]
}