{
	"credit": "Made with Blockbench",
	"ambientocclusion": false,
	"texture_size": [64, 64],
	"textures": {
		"main": "nw:specs/clacker_volley2"
	},
	"elements": [
		{
			"from": [6.75, 9.25437, -3.11082],
			"to": [9.25, 11.75437, -0.61082],
			"rotation": {"angle": 0, "axis": "x", "origin": [8, 10.5, 8.25]},
			"faces": {
				"north": {"uv": [1.875, 0, 1.25, 0.625], "rotation": 90, "texture": "#main"},
				"east": {"uv": [0, 0.0625, 0.625, 0.6875], "rotation": 270, "texture": "#main"},
				"south": {"uv": [0.625, 1.875, 0, 1.25], "rotation": 90, "texture": "#main"},
				"west": {"uv": [0, 0, 0.625, 0.625], "rotation": 90, "texture": "#main"},
				"up": {"uv": [0.625, 0.625, 1.25, 1.25], "rotation": 180, "texture": "#main"},
				"down": {"uv": [0, 0.625, 0.625, 1.25], "texture": "#main"}
			}
		},
		{
			"from": [6.75, 9.25437, 17.11082],
			"to": [9.25, 11.75437, 19.61082],
			"rotation": {"angle": 0, "axis": "x", "origin": [8, 10.5, 8.25]},
			"faces": {
				"north": {"uv": [2.5, 0.625, 1.875, 0], "rotation": 270, "texture": "#main"},
				"east": {"uv": [0.625, 1.25, 1.25, 1.875], "rotation": 90, "texture": "#main"},
				"south": {"uv": [1.25, 1.875, 0.625, 2.5], "rotation": 270, "texture": "#main"},
				"west": {"uv": [0.625, 1.25, 1.25, 1.875], "rotation": 270, "texture": "#main"},
				"up": {"uv": [1.25, 0.625, 1.875, 1.25], "texture": "#main"},
				"down": {"uv": [0, 1.875, 0.625, 2.5], "rotation": 180, "texture": "#main"}
			}
		},
		{
			"from": [7.875, 10.41131, 8.17],
			"to": [8.125, 10.66131, 17.42],
			"rotation": {"angle": 0, "axis": "z", "origin": [8, 10.5, 8.25]},
			"faces": {
				"north": {"uv": [2.375, 0.75, 2.25, 0.625], "rotation": 270, "texture": "#main"},
				"east": {"uv": [1.875, 0.625, 2, 3], "rotation": 90, "texture": "#main"},
				"south": {"uv": [2.375, 0.75, 2.25, 0.875], "rotation": 270, "texture": "#main"},
				"west": {"uv": [1.375, 1.875, 1.5, 4.25], "rotation": 270, "texture": "#main"},
				"up": {"uv": [1.25, 1.875, 1.375, 4.25], "texture": "#main"},
				"down": {"uv": [1.5, 1.875, 1.625, 4.25], "rotation": 180, "texture": "#main"}
			}
		},
		{
			"from": [7.875, 10.41131, -0.92],
			"to": [8.125, 10.66131, 8.33],
			"rotation": {"angle": 0, "axis": "z", "origin": [8, 10.5, 8.25]},
			"faces": {
				"north": {"uv": [2.375, 1, 2.25, 1.125], "rotation": 90, "texture": "#main"},
				"east": {"uv": [1.625, 1.875, 1.75, 4.25], "rotation": 270, "texture": "#main"},
				"south": {"uv": [2.375, 1, 2.25, 0.875], "rotation": 90, "texture": "#main"},
				"west": {"uv": [2, 0.625, 2.125, 3], "rotation": 90, "texture": "#main"},
				"up": {"uv": [2.125, 0.625, 2.25, 3], "rotation": 180, "texture": "#main"},
				"down": {"uv": [1.75, 1.875, 1.875, 4.25], "texture": "#main"}
			}
		},
		{
			"from": [6.75, 9.25437, -3.11082],
			"to": [9.25, 11.75437, -0.61082],
			"rotation": {"angle": -45, "axis": "y", "origin": [8, 10.5, 8.25]},
			"faces": {
				"north": {"uv": [9.875, 0, 9.25, 0.625], "rotation": 90, "texture": "#main"},
				"east": {"uv": [8, 0.0625, 8.625, 0.6875], "rotation": 270, "texture": "#main"},
				"south": {"uv": [8.625, 1.875, 8, 1.25], "rotation": 90, "texture": "#main"},
				"west": {"uv": [8, 0, 8.625, 0.625], "rotation": 90, "texture": "#main"},
				"up": {"uv": [8.625, 0.625, 9.25, 1.25], "rotation": 180, "texture": "#main"},
				"down": {"uv": [8, 0.625, 8.625, 1.25], "texture": "#main"}
			}
		},
		{
			"from": [6.75, 9.25437, 17.11082],
			"to": [9.25, 11.75437, 19.61082],
			"rotation": {"angle": -45, "axis": "y", "origin": [8, 10.5, 8.25]},
			"faces": {
				"north": {"uv": [10.5, 0.625, 9.875, 0], "rotation": 270, "texture": "#main"},
				"east": {"uv": [8.625, 1.25, 9.25, 1.875], "rotation": 90, "texture": "#main"},
				"south": {"uv": [9.25, 1.875, 8.625, 2.5], "rotation": 270, "texture": "#main"},
				"west": {"uv": [8.625, 1.25, 9.25, 1.875], "rotation": 270, "texture": "#main"},
				"up": {"uv": [9.25, 0.625, 9.875, 1.25], "texture": "#main"},
				"down": {"uv": [8, 1.875, 8.625, 2.5], "rotation": 180, "texture": "#main"}
			}
		},
		{
			"from": [7.875, 10.41131, 8.17],
			"to": [8.125, 10.66131, 17.42],
			"rotation": {"angle": -45, "axis": "y", "origin": [8, 10.5, 8.25]},
			"faces": {
				"north": {"uv": [10.375, 0.75, 10.25, 0.625], "rotation": 270, "texture": "#main"},
				"east": {"uv": [9.875, 0.625, 10, 3], "rotation": 90, "texture": "#main"},
				"south": {"uv": [10.375, 0.75, 10.25, 0.875], "rotation": 270, "texture": "#main"},
				"west": {"uv": [9.375, 1.875, 9.5, 4.25], "rotation": 270, "texture": "#main"},
				"up": {"uv": [9.25, 1.875, 9.375, 4.25], "texture": "#main"},
				"down": {"uv": [9.5, 1.875, 9.625, 4.25], "rotation": 180, "texture": "#main"}
			}
		},
		{
			"from": [7.875, 10.41131, -0.92],
			"to": [8.125, 10.66131, 8.33],
			"rotation": {"angle": -45, "axis": "y", "origin": [8, 10.5, 8.25]},
			"faces": {
				"north": {"uv": [10.375, 1, 10.25, 1.125], "rotation": 90, "texture": "#main"},
				"east": {"uv": [9.625, 1.875, 9.75, 4.25], "rotation": 270, "texture": "#main"},
				"south": {"uv": [10.375, 1, 10.25, 0.875], "rotation": 90, "texture": "#main"},
				"west": {"uv": [10, 0.625, 10.125, 3], "rotation": 90, "texture": "#main"},
				"up": {"uv": [10.125, 0.625, 10.25, 3], "rotation": 180, "texture": "#main"},
				"down": {"uv": [9.75, 1.875, 9.875, 4.25], "texture": "#main"}
			}
		},
		{
			"from": [16.86082, 9.25437, 7],
			"to": [19.36082, 11.75437, 9.5],
			"rotation": {"angle": 0, "axis": "y", "origin": [8, 10.5, 8.25]},
			"faces": {
				"north": {"uv": [0, 8, 0.625, 8.625], "rotation": 90, "texture": "#main"},
				"east": {"uv": [1.875, 8, 1.25, 8.625], "rotation": 90, "texture": "#main"},
				"south": {"uv": [0, 8.0625, 0.625, 8.6875], "rotation": 270, "texture": "#main"},
				"west": {"uv": [0.625, 9.875, 0, 9.25], "rotation": 90, "texture": "#main"},
				"up": {"uv": [0.625, 8.625, 1.25, 9.25], "rotation": 270, "texture": "#main"},
				"down": {"uv": [0, 8.625, 0.625, 9.25], "rotation": 270, "texture": "#main"}
			}
		},
		{
			"from": [-3.36082, 9.25437, 7],
			"to": [-0.86082, 11.75437, 9.5],
			"rotation": {"angle": 0, "axis": "y", "origin": [8, 10.5, 8.25]},
			"faces": {
				"north": {"uv": [0.625, 9.25, 1.25, 9.875], "rotation": 270, "texture": "#main"},
				"east": {"uv": [2.5, 8.625, 1.875, 8], "rotation": 270, "texture": "#main"},
				"south": {"uv": [0.625, 9.25, 1.25, 9.875], "rotation": 90, "texture": "#main"},
				"west": {"uv": [1.25, 9.875, 0.625, 10.5], "rotation": 270, "texture": "#main"},
				"up": {"uv": [1.25, 8.625, 1.875, 9.25], "rotation": 90, "texture": "#main"},
				"down": {"uv": [0, 9.875, 0.625, 10.5], "rotation": 90, "texture": "#main"}
			}
		},
		{
			"from": [-1.17, 10.41131, 8.125],
			"to": [8.08, 10.66131, 8.375],
			"rotation": {"angle": 0, "axis": "y", "origin": [8, 10.5, 8.25]},
			"faces": {
				"north": {"uv": [1.375, 9.875, 1.5, 12.25], "rotation": 270, "texture": "#main"},
				"east": {"uv": [2.375, 8.75, 2.25, 8.625], "rotation": 270, "texture": "#main"},
				"south": {"uv": [1.875, 8.625, 2, 11], "rotation": 90, "texture": "#main"},
				"west": {"uv": [2.375, 8.75, 2.25, 8.875], "rotation": 270, "texture": "#main"},
				"up": {"uv": [1.25, 9.875, 1.375, 12.25], "rotation": 90, "texture": "#main"},
				"down": {"uv": [1.5, 9.875, 1.625, 12.25], "rotation": 90, "texture": "#main"}
			}
		},
		{
			"from": [7.92, 10.41131, 8.125],
			"to": [17.17, 10.66131, 8.375],
			"rotation": {"angle": 0, "axis": "y", "origin": [8, 10.5, 8.25]},
			"faces": {
				"north": {"uv": [2, 8.625, 2.125, 11], "rotation": 90, "texture": "#main"},
				"east": {"uv": [2.375, 9, 2.25, 9.125], "rotation": 90, "texture": "#main"},
				"south": {"uv": [1.625, 9.875, 1.75, 12.25], "rotation": 270, "texture": "#main"},
				"west": {"uv": [2.375, 9, 2.25, 8.875], "rotation": 90, "texture": "#main"},
				"up": {"uv": [2.125, 8.625, 2.25, 11], "rotation": 270, "texture": "#main"},
				"down": {"uv": [1.75, 9.875, 1.875, 12.25], "rotation": 270, "texture": "#main"}
			}
		},
		{
			"from": [16.86082, 9.25437, 7],
			"to": [19.36082, 11.75437, 9.5],
			"rotation": {"angle": -45, "axis": "y", "origin": [8, 10.5, 8.25]},
			"faces": {
				"north": {"uv": [8, 8, 8.625, 8.625], "rotation": 90, "texture": "#main"},
				"east": {"uv": [9.875, 8, 9.25, 8.625], "rotation": 90, "texture": "#main"},
				"south": {"uv": [8, 8.0625, 8.625, 8.6875], "rotation": 270, "texture": "#main"},
				"west": {"uv": [8.625, 9.875, 8, 9.25], "rotation": 90, "texture": "#main"},
				"up": {"uv": [8.625, 8.625, 9.25, 9.25], "rotation": 270, "texture": "#main"},
				"down": {"uv": [8, 8.625, 8.625, 9.25], "rotation": 270, "texture": "#main"}
			}
		},
		{
			"from": [-3.36082, 9.25437, 7],
			"to": [-0.86082, 11.75437, 9.5],
			"rotation": {"angle": -45, "axis": "y", "origin": [8, 10.5, 8.25]},
			"faces": {
				"north": {"uv": [8.625, 9.25, 9.25, 9.875], "rotation": 270, "texture": "#main"},
				"east": {"uv": [10.5, 8.625, 9.875, 8], "rotation": 270, "texture": "#main"},
				"south": {"uv": [8.625, 9.25, 9.25, 9.875], "rotation": 90, "texture": "#main"},
				"west": {"uv": [9.25, 9.875, 8.625, 10.5], "rotation": 270, "texture": "#main"},
				"up": {"uv": [9.25, 8.625, 9.875, 9.25], "rotation": 90, "texture": "#main"},
				"down": {"uv": [8, 9.875, 8.625, 10.5], "rotation": 90, "texture": "#main"}
			}
		},
		{
			"from": [-1.17, 10.41131, 8.125],
			"to": [8.08, 10.66131, 8.375],
			"rotation": {"angle": -45, "axis": "y", "origin": [8, 10.5, 8.25]},
			"faces": {
				"north": {"uv": [9.375, 9.875, 9.5, 12.25], "rotation": 270, "texture": "#main"},
				"east": {"uv": [10.375, 8.75, 10.25, 8.625], "rotation": 270, "texture": "#main"},
				"south": {"uv": [9.875, 8.625, 10, 11], "rotation": 90, "texture": "#main"},
				"west": {"uv": [10.375, 8.75, 10.25, 8.875], "rotation": 270, "texture": "#main"},
				"up": {"uv": [9.25, 9.875, 9.375, 12.25], "rotation": 90, "texture": "#main"},
				"down": {"uv": [9.5, 9.875, 9.625, 12.25], "rotation": 90, "texture": "#main"}
			}
		},
		{
			"from": [7.92, 10.41131, 8.125],
			"to": [17.17, 10.66131, 8.375],
			"rotation": {"angle": -45, "axis": "y", "origin": [8, 10.5, 8.25]},
			"faces": {
				"north": {"uv": [10, 8.625, 10.125, 11], "rotation": 90, "texture": "#main"},
				"east": {"uv": [10.375, 9, 10.25, 9.125], "rotation": 90, "texture": "#main"},
				"south": {"uv": [9.625, 9.875, 9.75, 12.25], "rotation": 270, "texture": "#main"},
				"west": {"uv": [10.375, 9, 10.25, 8.875], "rotation": 90, "texture": "#main"},
				"up": {"uv": [10.125, 8.625, 10.25, 11], "rotation": 270, "texture": "#main"},
				"down": {"uv": [9.75, 9.875, 9.875, 12.25], "rotation": 270, "texture": "#main"}
			}
		}
	],
	"display": {
		"thirdperson_righthand": {
			"rotation": [70.25, 0, 0],
			"translation": [0, -2.5, -4.75],
			"scale": [0.41797, 0.41797, 0.41797]
		},
		"thirdperson_lefthand": {
			"rotation": [70.2, 0, 0],
			"translation": [0, -2.5, -4.75],
			"scale": [0.41797, 0.41797, 0.41797]
		},
		"firstperson_righthand": {
			"translation": [0, 6, 0],
			"scale": [0.53906, 0.53906, 0.53906]
		},
		"firstperson_lefthand": {
			"translation": [0, 6.5, 0],
			"scale": [0.55469, 0.55469, 0.55469]
		},
		"ground": {
			"scale": [0.55664, 0.55664, 0.55664]
		},
		"gui": {
			"rotation": [-180, 0, -180],
			"translation": [0, -1, 0],
			"scale": [0.60547, 0.60547, 0.60547]
		},
		"head": {
			"translation": [0, -8.75, 0]
		},
		"fixed": {
			"translation": [0, -0.75, -1.5],
			"scale": [0.64648, 0.64648, 0.64648]
		}
	}
}