{
	"credit": "Made with Blockbench",
	"texture_size": [64, 64],
	"textures": {
		"1": "nw:stand/base/achtung_baby",
		"particle": "nw:stand/base/achtung_baby"
	},
	"elements": [
		{
			"name": "Head",
			"from": [3.75, 13, 4],
			"to": [11.75, 21, 12],
			"rotation": {"angle": 0, "axis": "y", "origin": [7.75, 13.54545, 8]},
			"faces": {
				"north": {"uv": [4, 2, 6, 4], "texture": "#1"},
				"east": {"uv": [2, 2, 4, 4], "texture": "#1"},
				"south": {"uv": [0, 2, 2, 4], "texture": "#1"},
				"west": {"uv": [6, 2, 8, 4], "texture": "#1"},
				"up": {"uv": [4, 2, 2, 0], "rotation": 90, "texture": "#1"},
				"down": {"uv": [6, 0, 4, 2], "rotation": 270, "texture": "#1"}
			}
		},
		{
			"name": "Hat Layer",
			"from": [3.25, 12.5, 3.5],
			"to": [12.25, 21.25, 12.5],
			"rotation": {"angle": 0, "axis": "x", "origin": [7.75, 13.54545, 8]},
			"faces": {
				"north": {"uv": [12, 2, 14, 4], "texture": "#1"},
				"east": {"uv": [10, 2, 12, 4], "texture": "#1"},
				"south": {"uv": [8, 2, 10, 4], "texture": "#1"},
				"west": {"uv": [14, 2, 16, 4], "texture": "#1"},
				"up": {"uv": [12, 2, 10, 0], "rotation": 90, "texture": "#1"},
				"down": {"uv": [14, 0, 12, 2], "rotation": 270, "texture": "#1"}
			}
		},
		{
			"from": [5.66463, 21.14222, 7.75087],
			"to": [10.71463, 24.85262, 8.25087],
			"rotation": {"angle": -45, "axis": "z", "origin": [6.60943, 21.72178, 6.96239]},
			"faces": {
				"north": {"uv": [2, 0, 3.75, 1], "texture": "#1"},
				"east": {"uv": [2.75, 0, 3.25, 1], "texture": "#1"},
				"south": {"uv": [2, 0, 3.75, 1], "texture": "#1"},
				"west": {"uv": [2, 0, 2.5, 1], "texture": "#1"},
				"up": {"uv": [2.375, 1.2625, 2, 0], "rotation": 90, "texture": "#1"},
				"down": {"uv": [2.5, 0, 2, 1.75], "rotation": 270, "texture": "#1"}
			}
		},
		{
			"from": [5.66463, 21.14222, 7.75087],
			"to": [10.71463, 24.85262, 8.25087],
			"rotation": {"angle": -45, "axis": "z", "origin": [6.60943, 21.72178, 6.96239]},
			"faces": {
				"north": {"uv": [2, 0, 3.75, 1], "texture": "#1"},
				"east": {"uv": [2.75, 0, 3.25, 1], "texture": "#1"},
				"south": {"uv": [2, 0, 3.75, 1], "texture": "#1"},
				"west": {"uv": [2, 0, 2.5, 1], "texture": "#1"},
				"up": {"uv": [2.375, 1.2625, 2, 0], "rotation": 90, "texture": "#1"},
				"down": {"uv": [2.5, 0, 2, 1.75], "rotation": 270, "texture": "#1"}
			}
		},
		{
			"from": [3.6948, 20.11026, 6.00773],
			"to": [8.1552, 24.89803, 6.71813],
			"rotation": {"angle": 22.5, "axis": "x", "origin": [3.8, 20.37354, 6.13857]},
			"faces": {
				"north": {"uv": [2, 0, 3.25, 1.25], "texture": "#1"},
				"east": {"uv": [2, 0, 2.25, 1.25], "texture": "#1"},
				"south": {"uv": [2, 0, 3.25, 1.25], "texture": "#1"},
				"west": {"uv": [2, 0, 2.25, 1.25], "texture": "#1"},
				"up": {"uv": [2.1776, 1.1776, 2, 0], "rotation": 90, "texture": "#1"},
				"down": {"uv": [2.25, 0, 2, 1.25], "rotation": 270, "texture": "#1"}
			}
		},
		{
			"from": [3.6948, 20.11026, 9.28187],
			"to": [8.1552, 24.89803, 9.99227],
			"rotation": {"angle": -22.5, "axis": "x", "origin": [3.8, 20.37354, 9.86143]},
			"faces": {
				"north": {"uv": [3.25, 0, 2, 1.25], "texture": "#1"},
				"east": {"uv": [2.25, 0, 2, 1.25], "texture": "#1"},
				"south": {"uv": [3.25, 0, 2, 1.25], "texture": "#1"},
				"west": {"uv": [2.25, 0, 2, 1.25], "texture": "#1"},
				"up": {"uv": [2, 1.1776, 2.1776, 0], "rotation": 90, "texture": "#1"},
				"down": {"uv": [2, 0, 2.25, 1.25], "rotation": 270, "texture": "#1"}
			}
		},
		{
			"from": [3.6948, 19.77443, 9.5338],
			"to": [8.1552, 20.48483, 14.32157],
			"rotation": {"angle": 0, "axis": "z", "origin": [3.8, 18.12354, 9.63857]},
			"faces": {
				"north": {"uv": [2.25, 0, 2, 1.25], "rotation": 90, "texture": "#1"},
				"east": {"uv": [2, 0, 2.25, 1.25], "rotation": 270, "texture": "#1"},
				"south": {"uv": [2.1776, 1.1776, 2, 0], "rotation": 90, "texture": "#1"},
				"west": {"uv": [2, 0, 2.25, 1.25], "rotation": 90, "texture": "#1"},
				"up": {"uv": [2, 0, 3.25, 1.25], "rotation": 180, "texture": "#1"},
				"down": {"uv": [2, 0, 3.25, 1.25], "texture": "#1"}
			}
		},
		{
			"from": [3.6948, 18.12483, 11.03341],
			"to": [8.1552, 22.9126, 11.74381],
			"rotation": {"angle": 45, "axis": "x", "origin": [3.8, 18.12354, 9.63857]},
			"faces": {
				"north": {"uv": [3.25, 0, 2, 1.25], "texture": "#1"},
				"east": {"uv": [2.25, 0, 2, 1.25], "texture": "#1"},
				"south": {"uv": [3.25, 0, 2, 1.25], "texture": "#1"},
				"west": {"uv": [2.25, 0, 2, 1.25], "texture": "#1"},
				"up": {"uv": [2, 1.1776, 2.1776, 0], "rotation": 90, "texture": "#1"},
				"down": {"uv": [2, 0, 2.25, 1.25], "rotation": 270, "texture": "#1"}
			}
		},
		{
			"from": [3.6948, 18.12483, 4.25619],
			"to": [8.1552, 22.9126, 4.96659],
			"rotation": {"angle": -45, "axis": "x", "origin": [3.8, 18.12354, 6.36143]},
			"faces": {
				"north": {"uv": [2, 0, 3.25, 1.25], "texture": "#1"},
				"east": {"uv": [2, 0, 2.25, 1.25], "texture": "#1"},
				"south": {"uv": [2, 0, 3.25, 1.25], "texture": "#1"},
				"west": {"uv": [2, 0, 2.25, 1.25], "texture": "#1"},
				"up": {"uv": [2.1776, 1.1776, 2, 0], "rotation": 90, "texture": "#1"},
				"down": {"uv": [2.25, 0, 2, 1.25], "rotation": 270, "texture": "#1"}
			}
		},
		{
			"from": [3.6948, 19.77443, 1.67843],
			"to": [8.1552, 20.48483, 6.4662],
			"rotation": {"angle": 0, "axis": "z", "origin": [3.8, 18.12354, 6.36143]},
			"faces": {
				"north": {"uv": [2.1776, 0, 2, 1.1776], "rotation": 90, "texture": "#1"},
				"east": {"uv": [2, 1.25, 2.25, 0], "rotation": 270, "texture": "#1"},
				"south": {"uv": [2.25, 1.25, 2, 0], "rotation": 90, "texture": "#1"},
				"west": {"uv": [2, 1.25, 2.25, 0], "rotation": 90, "texture": "#1"},
				"up": {"uv": [2, 1.25, 3.25, 0], "rotation": 180, "texture": "#1"},
				"down": {"uv": [2, 1.25, 3.25, 0], "texture": "#1"}
			}
		},
		{
			"from": [3.6948, 14.2683, 2.07237],
			"to": [8.1552, 14.9787, 7.86014],
			"rotation": {"angle": -22.5, "axis": "x", "origin": [3.8, 16.37354, 6.86143]},
			"faces": {
				"north": {"uv": [2.1776, 1.1776, 2, 0], "rotation": 270, "texture": "#1"},
				"east": {"uv": [2, 0, 2.25, 1.25], "rotation": 90, "texture": "#1"},
				"south": {"uv": [2.25, 0, 2, 1.25], "rotation": 270, "texture": "#1"},
				"west": {"uv": [2, 0, 2.25, 1.25], "rotation": 270, "texture": "#1"},
				"up": {"uv": [2, 0, 3.25, 1.25], "texture": "#1"},
				"down": {"uv": [2, 0, 3.25, 1.25], "rotation": 180, "texture": "#1"}
			}
		},
		{
			"from": [3.6948, 11.69054, 4.50014],
			"to": [8.1552, 16.47831, 5.21054],
			"rotation": {"angle": 22.5, "axis": "x", "origin": [3.8, 16.37354, 6.86143]},
			"faces": {
				"north": {"uv": [2, 1.25, 3.25, 0], "texture": "#1"},
				"east": {"uv": [2, 1.25, 2.25, 0], "texture": "#1"},
				"south": {"uv": [2, 1.25, 3.25, 0], "texture": "#1"},
				"west": {"uv": [2, 1.25, 2.25, 0], "texture": "#1"},
				"up": {"uv": [2.25, 1.25, 2, 0], "rotation": 90, "texture": "#1"},
				"down": {"uv": [2.1776, 0, 2, 1.1776], "rotation": 270, "texture": "#1"}
			}
		},
		{
			"from": [3.6948, 11.69054, 10.78946],
			"to": [8.1552, 16.47831, 11.49986],
			"rotation": {"angle": -22.5, "axis": "x", "origin": [3.8, 16.37354, 9.13857]},
			"faces": {
				"north": {"uv": [3.25, 1.25, 2, 0], "texture": "#1"},
				"east": {"uv": [2.25, 1.25, 2, 0], "texture": "#1"},
				"south": {"uv": [3.25, 1.25, 2, 0], "texture": "#1"},
				"west": {"uv": [2.25, 1.25, 2, 0], "texture": "#1"},
				"up": {"uv": [2, 1.25, 2.25, 0], "rotation": 90, "texture": "#1"},
				"down": {"uv": [2, 0, 2.1776, 1.1776], "rotation": 270, "texture": "#1"}
			}
		},
		{
			"from": [3.6948, 14.2683, 8.13986],
			"to": [8.1552, 14.9787, 13.92763],
			"rotation": {"angle": 22.5, "axis": "x", "origin": [3.8, 16.37354, 9.13857]},
			"faces": {
				"north": {"uv": [2.25, 1.25, 2, 0], "rotation": 270, "texture": "#1"},
				"east": {"uv": [2, 1.25, 2.25, 0], "rotation": 90, "texture": "#1"},
				"south": {"uv": [2.1776, 0, 2, 1.1776], "rotation": 270, "texture": "#1"},
				"west": {"uv": [2, 1.25, 2.25, 0], "rotation": 270, "texture": "#1"},
				"up": {"uv": [2, 1.25, 3.25, 0], "texture": "#1"},
				"down": {"uv": [2, 1.25, 3.25, 0], "rotation": 180, "texture": "#1"}
			}
		},
		{
			"from": [3.75, 21.5, 7.4],
			"to": [7.9604, 23.2104, 8.75],
			"rotation": {"angle": 0, "axis": "y", "origin": [3.1052, 18.3457, 10.32005]},
			"faces": {
				"north": {"uv": [2, 0, 3, 0.25], "texture": "#1"},
				"east": {"uv": [2, 0, 2.5, 0.25], "texture": "#1"},
				"south": {"uv": [2, 0, 3, 0.25], "texture": "#1"},
				"west": {"uv": [2, 0, 2.5, 0.25], "texture": "#1"},
				"up": {"uv": [2.4, 0.9276, 2, 0], "rotation": 90, "texture": "#1"},
				"down": {"uv": [2.5, 0, 2, 1], "rotation": 270, "texture": "#1"}
			}
		},
		{
			"from": [3.75, 13.5, 3.9],
			"to": [7.4604, 15.2104, 5.5],
			"rotation": {"angle": 0, "axis": "y", "origin": [3.1052, 10.3457, 6.32005]},
			"faces": {
				"north": {"uv": [2, 0, 3, 0.25], "texture": "#1"},
				"east": {"uv": [2, 0, 2.5, 0.25], "texture": "#1"},
				"south": {"uv": [2, 0, 3, 0.25], "texture": "#1"},
				"west": {"uv": [2, 0, 2.5, 0.25], "texture": "#1"},
				"up": {"uv": [2.4, 0.9276, 2, 0], "rotation": 90, "texture": "#1"},
				"down": {"uv": [2.5, 0, 2, 1], "rotation": 270, "texture": "#1"}
			}
		},
		{
			"from": [3.75, 13.5, 10.5],
			"to": [7.2104, 15.2104, 12.1],
			"rotation": {"angle": 0, "axis": "y", "origin": [2.8552, 10.3457, 9.67995]},
			"faces": {
				"north": {"uv": [3, 0, 2, 0.25], "texture": "#1"},
				"east": {"uv": [2.5, 0, 2, 0.25], "texture": "#1"},
				"south": {"uv": [3, 0, 2, 0.25], "texture": "#1"},
				"west": {"uv": [2.5, 0, 2, 0.25], "texture": "#1"},
				"up": {"uv": [2, 0.9276, 2.4, 0], "rotation": 90, "texture": "#1"},
				"down": {"uv": [2, 0, 2.5, 1], "rotation": 270, "texture": "#1"}
			}
		},
		{
			"from": [3.75, 14, 9.5],
			"to": [7.2104, 15.2104, 11.1],
			"rotation": {"angle": 0, "axis": "y", "origin": [2.8552, 10.3457, 8.67995]},
			"faces": {
				"north": {"uv": [3, 0, 2, 0.25], "texture": "#1"},
				"east": {"uv": [2.5, 0, 2, 0.25], "texture": "#1"},
				"south": {"uv": [3, 0, 2, 0.25], "texture": "#1"},
				"west": {"uv": [2.5, 0, 2, 0.25], "texture": "#1"},
				"up": {"uv": [2, 0.9276, 2.4, 0], "rotation": 90, "texture": "#1"},
				"down": {"uv": [2, 0, 2.5, 1], "rotation": 270, "texture": "#1"}
			}
		},
		{
			"from": [3.75, 14, 4.9],
			"to": [7.2104, 15.2104, 6.5],
			"rotation": {"angle": 0, "axis": "y", "origin": [2.8552, 10.3457, 7.32005]},
			"faces": {
				"north": {"uv": [2, 0, 3, 0.25], "texture": "#1"},
				"east": {"uv": [2, 0, 2.5, 0.25], "texture": "#1"},
				"south": {"uv": [2, 0, 3, 0.25], "texture": "#1"},
				"west": {"uv": [2, 0, 2.5, 0.25], "texture": "#1"},
				"up": {"uv": [2.4, 0.9276, 2, 0], "rotation": 90, "texture": "#1"},
				"down": {"uv": [2.5, 0, 2, 1], "rotation": 270, "texture": "#1"}
			}
		},
		{
			"from": [3.75, 19, 2.65],
			"to": [7.2104, 20.2104, 4.25],
			"rotation": {"angle": 0, "axis": "y", "origin": [2.8552, 15.3457, 5.07005]},
			"faces": {
				"north": {"uv": [2, 0, 3, 0.25], "texture": "#1"},
				"east": {"uv": [2, 0, 2.5, 0.25], "texture": "#1"},
				"south": {"uv": [2, 0, 3, 0.25], "texture": "#1"},
				"west": {"uv": [2, 0, 2.5, 0.25], "texture": "#1"},
				"up": {"uv": [2.4, 0.9276, 2, 0], "rotation": 90, "texture": "#1"},
				"down": {"uv": [2.5, 0, 2, 1], "rotation": 270, "texture": "#1"}
			}
		},
		{
			"from": [3.75, 19, 11.75],
			"to": [7.2104, 20.2104, 13.35],
			"rotation": {"angle": 0, "axis": "y", "origin": [2.8552, 15.3457, 10.92995]},
			"faces": {
				"north": {"uv": [3, 0, 2, 0.25], "texture": "#1"},
				"east": {"uv": [2.5, 0, 2, 0.25], "texture": "#1"},
				"south": {"uv": [3, 0, 2, 0.25], "texture": "#1"},
				"west": {"uv": [2.5, 0, 2, 0.25], "texture": "#1"},
				"up": {"uv": [2, 0.9276, 2.4, 0], "rotation": 90, "texture": "#1"},
				"down": {"uv": [2, 0, 2.5, 1], "rotation": 270, "texture": "#1"}
			}
		},
		{
			"from": [3.75, 20.5, 7.15],
			"to": [7.9604, 22.2104, 8.75],
			"rotation": {"angle": 0, "axis": "y", "origin": [3.1052, 17.3457, 10.32005]},
			"faces": {
				"north": {"uv": [2, 0, 3, 0.25], "texture": "#1"},
				"east": {"uv": [2, 0, 2.5, 0.25], "texture": "#1"},
				"south": {"uv": [2, 0, 3, 0.25], "texture": "#1"},
				"west": {"uv": [2, 0, 2.5, 0.25], "texture": "#1"},
				"up": {"uv": [2.4, 0.9276, 2, 0], "rotation": 90, "texture": "#1"},
				"down": {"uv": [2.5, 0, 2, 1], "rotation": 270, "texture": "#1"}
			}
		},
		{
			"name": "Body",
			"from": [3.75, 7, 6],
			"to": [11.75, 13, 10],
			"rotation": {"angle": 0, "axis": "y", "origin": [7.75, 13.54545, 8]},
			"faces": {
				"north": {"uv": [5, 5, 7, 6.5], "texture": "#1"},
				"east": {"uv": [4, 5, 5, 6.5], "texture": "#1"},
				"south": {"uv": [8, 5, 10, 6.5], "texture": "#1"},
				"west": {"uv": [7, 5, 8, 6.5], "texture": "#1"},
				"up": {"uv": [7, 5, 5, 4], "texture": "#1"},
				"down": {"uv": [9, 4, 7, 5], "texture": "#1"}
			}
		},
		{
			"name": "Body Layer",
			"from": [3.5, 6.75, 5.75],
			"to": [12, 13.25, 10.25],
			"rotation": {"angle": 0, "axis": "y", "origin": [7.75, 13.54545, 8]},
			"faces": {
				"north": {"uv": [5, 9, 7, 10.5], "texture": "#1"},
				"east": {"uv": [4, 9, 5, 10.5], "texture": "#1"},
				"south": {"uv": [8, 9, 10, 10.5], "texture": "#1"},
				"west": {"uv": [7, 9, 8, 10.5], "texture": "#1"},
				"up": {"uv": [7, 9, 5, 8], "texture": "#1"},
				"down": {"uv": [9, 8, 7, 9], "texture": "#1"}
			}
		},
		{
			"name": "Body Layer",
			"from": [3.5, 6.5, 6.75],
			"to": [12, 11, 11.25],
			"rotation": {"angle": 22.5, "axis": "x", "origin": [8, 13.29545, 9]},
			"faces": {
				"north": {"uv": [5, 9, 7, 10.5], "texture": "#1"},
				"east": {"uv": [4, 9, 5, 10.5], "texture": "#1"},
				"south": {"uv": [8, 9, 10, 10.5], "texture": "#1"},
				"west": {"uv": [7, 9, 8, 10.5], "texture": "#1"},
				"up": {"uv": [2, 1, 0, 0], "texture": "#1"},
				"down": {"uv": [9, 8, 7, 9], "texture": "#1"}
			}
		},
		{
			"name": "Body",
			"from": [3.75, 6.75, 7],
			"to": [11.75, 10.75, 11],
			"rotation": {"angle": 22.5, "axis": "x", "origin": [8, 13.29545, 9]},
			"faces": {
				"north": {"uv": [5, 5, 7, 6.5], "texture": "#1"},
				"east": {"uv": [4, 5, 5, 6.5], "texture": "#1"},
				"south": {"uv": [8, 5, 10, 6.5], "texture": "#1"},
				"west": {"uv": [7, 5, 8, 6.5], "texture": "#1"},
				"up": {"uv": [7, 5, 5, 4], "texture": "#1"},
				"down": {"uv": [9, 4, 7, 5], "texture": "#1"}
			}
		},
		{
			"name": "Body",
			"from": [3.75, 1, 6],
			"to": [11.75, 7, 10],
			"rotation": {"angle": 0, "axis": "y", "origin": [7.75, 13.54545, 8]},
			"faces": {
				"north": {"uv": [5, 6.5, 7, 8], "texture": "#1"},
				"east": {"uv": [4, 6.5, 5, 8], "texture": "#1"},
				"south": {"uv": [8, 6.5, 10, 8], "texture": "#1"},
				"west": {"uv": [7, 6.5, 8, 8], "texture": "#1"},
				"up": {"uv": [7, 5, 5, 4], "texture": "#1"},
				"down": {"uv": [9, 4, 7, 5], "texture": "#1"}
			}
		},
		{
			"name": "Body Layer",
			"from": [3.5, 0.75, 5.75],
			"to": [12, 7.25, 10.25],
			"rotation": {"angle": 0, "axis": "y", "origin": [7.75, 13.54545, 8]},
			"faces": {
				"north": {"uv": [5, 10.5, 7, 12], "texture": "#1"},
				"east": {"uv": [4, 10.5, 5, 12], "texture": "#1"},
				"south": {"uv": [8, 10.5, 10, 12], "texture": "#1"},
				"west": {"uv": [7, 10.5, 8, 12], "texture": "#1"},
				"up": {"uv": [2, 1, 0, 0], "texture": "#1"},
				"down": {"uv": [9, 8, 7, 9], "texture": "#1"}
			}
		},
		{
			"name": "Right Arm",
			"from": [11.79545, 9.79545, 6],
			"to": [17.79545, 12.79545, 10],
			"rotation": {"angle": 0, "axis": "z", "origin": [13.5, 11.54545, 8]},
			"faces": {
				"north": {"uv": [11, 5, 11.75, 6.5], "rotation": 90, "texture": "#1"},
				"east": {"uv": [0.75, 0, 0, 1], "rotation": 270, "texture": "#1"},
				"south": {"uv": [12.75, 5, 13.5, 6.5], "rotation": 270, "texture": "#1"},
				"west": {"uv": [11.75, 5, 11, 4], "rotation": 270, "texture": "#1"},
				"up": {"uv": [10, 5, 11, 6.5], "rotation": 270, "texture": "#1"},
				"down": {"uv": [11.75, 5, 12.75, 6.5], "rotation": 270, "texture": "#1"}
			}
		},
		{
			"name": "Right Arm Layer",
			"from": [11.54545, 9.54545, 5.75],
			"to": [18.04545, 13.04545, 10.25],
			"rotation": {"angle": 0, "axis": "z", "origin": [13.5, 11.54545, 8]},
			"faces": {
				"north": {"uv": [11, 9, 11.75, 10.5], "rotation": 90, "texture": "#1"},
				"east": {"uv": [0.75, 0, 0, 1], "rotation": 270, "texture": "#1"},
				"south": {"uv": [12.75, 9, 13.5, 10.5], "rotation": 270, "texture": "#1"},
				"west": {"uv": [11.75, 9, 11, 8], "rotation": 270, "texture": "#1"},
				"up": {"uv": [10, 9, 11, 10.5], "rotation": 270, "texture": "#1"},
				"down": {"uv": [11.75, 9, 12.75, 10.5], "rotation": 270, "texture": "#1"}
			}
		},
		{
			"name": "Right Arm",
			"from": [17.79545, 9.79545, 6],
			"to": [23.79545, 12.79545, 10],
			"rotation": {"angle": 0, "axis": "z", "origin": [13.5, 11.54545, 8]},
			"faces": {
				"north": {"uv": [11, 6.5, 11.75, 8], "rotation": 90, "texture": "#1"},
				"east": {"uv": [12.5, 4, 11.75, 5], "rotation": 270, "texture": "#1"},
				"south": {"uv": [12.75, 6.5, 13.5, 8], "rotation": 270, "texture": "#1"},
				"west": {"uv": [0.75, 1, 0, 0], "rotation": 270, "texture": "#1"},
				"up": {"uv": [10, 6.5, 11, 8], "rotation": 270, "texture": "#1"},
				"down": {"uv": [11.75, 6.5, 12.75, 8], "rotation": 270, "texture": "#1"}
			}
		},
		{
			"name": "Right Arm Layer",
			"from": [17.54545, 9.54545, 5.75],
			"to": [24.04545, 13.04545, 10.25],
			"rotation": {"angle": 0, "axis": "z", "origin": [13.5, 11.54545, 8]},
			"faces": {
				"north": {"uv": [11, 10.5, 11.75, 12], "rotation": 90, "texture": "#1"},
				"east": {"uv": [12.5, 8, 11.75, 9], "rotation": 270, "texture": "#1"},
				"south": {"uv": [12.75, 10.5, 13.5, 12], "rotation": 270, "texture": "#1"},
				"west": {"uv": [0.75, 1, 0, 0], "rotation": 270, "texture": "#1"},
				"up": {"uv": [10, 10.5, 11, 12], "rotation": 270, "texture": "#1"},
				"down": {"uv": [11.75, 10.5, 12.75, 12], "rotation": 270, "texture": "#1"}
			}
		},
		{
			"name": "Left Arm",
			"from": [-2.29545, 10.04545, 6],
			"to": [3.70455, 13.04545, 10],
			"rotation": {"angle": -45, "axis": "y", "origin": [2.25, 11.54545, 8]},
			"faces": {
				"north": {"uv": [9, 13, 9.75, 14.5], "rotation": 270, "texture": "#1"},
				"east": {"uv": [9.75, 13, 9, 12], "rotation": 90, "texture": "#1"},
				"south": {"uv": [10.75, 13, 11.5, 14.5], "rotation": 90, "texture": "#1"},
				"west": {"uv": [0.75, 0, 0, 1], "rotation": 90, "texture": "#1"},
				"up": {"uv": [9.75, 13, 10.75, 14.5], "rotation": 90, "texture": "#1"},
				"down": {"uv": [8, 13, 9, 14.5], "rotation": 90, "texture": "#1"}
			}
		},
		{
			"name": "Left Arm Layer",
			"from": [-2.54545, 9.79545, 5.75],
			"to": [3.95455, 13.29545, 10.25],
			"rotation": {"angle": -45, "axis": "y", "origin": [2.25, 11.54545, 8]},
			"faces": {
				"north": {"uv": [13, 13, 13.75, 14.5], "rotation": 270, "texture": "#1"},
				"east": {"uv": [13.75, 13, 13, 12], "rotation": 90, "texture": "#1"},
				"south": {"uv": [14.75, 13, 15.5, 14.5], "rotation": 90, "texture": "#1"},
				"west": {"uv": [0.75, 0, 0, 1], "rotation": 90, "texture": "#1"},
				"up": {"uv": [13.75, 13, 14.75, 14.5], "rotation": 90, "texture": "#1"},
				"down": {"uv": [12, 13, 13, 14.5], "rotation": 90, "texture": "#1"}
			}
		},
		{
			"name": "Left Arm",
			"from": [-2.37833, 10.04545, 0.2001],
			"to": [1.62167, 13.04545, 6.2001],
			"rotation": {"angle": 0, "axis": "y", "origin": [-0.37833, 11.54545, 10.74555]},
			"faces": {
				"north": {"uv": [10.5, 12, 9.75, 13], "rotation": 90, "texture": "#1"},
				"east": {"uv": [9, 14.5, 9.75, 16], "rotation": 270, "texture": "#1"},
				"south": {"uv": [0.75, 1, 0, 0], "rotation": 90, "texture": "#1"},
				"west": {"uv": [10.75, 14.5, 11.5, 16], "rotation": 90, "texture": "#1"},
				"up": {"uv": [9.75, 14.5, 10.75, 16], "rotation": 180, "texture": "#1"},
				"down": {"uv": [8, 14.5, 9, 16], "texture": "#1"}
			}
		},
		{
			"name": "Left Arm Layer",
			"from": [-2.62833, 9.79545, -0.0499],
			"to": [1.87167, 13.29545, 6.4501],
			"rotation": {"angle": 0, "axis": "y", "origin": [-0.37833, 11.54545, 10.74555]},
			"faces": {
				"north": {"uv": [14.5, 12, 13.75, 13], "rotation": 90, "texture": "#1"},
				"east": {"uv": [13, 14.5, 13.75, 16], "rotation": 270, "texture": "#1"},
				"south": {"uv": [0.75, 1, 0, 0], "rotation": 90, "texture": "#1"},
				"west": {"uv": [14.75, 14.5, 15.5, 16], "rotation": 90, "texture": "#1"},
				"up": {"uv": [13.75, 14.5, 14.75, 16], "rotation": 180, "texture": "#1"},
				"down": {"uv": [12, 14.5, 13, 16], "texture": "#1"}
			}
		},
		{
			"name": "Right Leg",
			"from": [8.15, -5, 6],
			"to": [12.15, 1, 10],
			"rotation": {"angle": 22.5, "axis": "z", "origin": [10.25, 0.54545, 8]},
			"faces": {
				"north": {"uv": [1, 5, 2, 6.5], "texture": "#1"},
				"east": {"uv": [0, 5, 1, 6.5], "texture": "#1"},
				"south": {"uv": [3, 5, 4, 6.5], "texture": "#1"},
				"west": {"uv": [2, 5, 3, 6.5], "texture": "#1"},
				"up": {"uv": [2, 5, 1, 4], "texture": "#1"},
				"down": {"uv": [1, 0, 0, 1], "texture": "#1"}
			}
		},
		{
			"name": "Right Leg Layer",
			"from": [7.9, -5.25, 5.75],
			"to": [12.4, 1.25, 10.25],
			"rotation": {"angle": 22.5, "axis": "z", "origin": [10.25, 0.54545, 8]},
			"faces": {
				"north": {"uv": [1, 9, 2, 10.5], "texture": "#1"},
				"east": {"uv": [0, 9, 1, 10.5], "texture": "#1"},
				"south": {"uv": [3, 9, 4, 10.5], "texture": "#1"},
				"west": {"uv": [2, 9, 3, 10.5], "texture": "#1"},
				"up": {"uv": [2, 9, 1, 8], "texture": "#1"},
				"down": {"uv": [1, 0, 0, 1], "texture": "#1"}
			}
		},
		{
			"name": "Right Leg",
			"from": [8.15, -11, 6],
			"to": [12.15, -5, 10],
			"rotation": {"angle": 22.5, "axis": "z", "origin": [10.25, 0.54545, 8]},
			"faces": {
				"north": {"uv": [1, 6.5, 2, 8], "texture": "#1"},
				"east": {"uv": [0, 6.5, 1, 8], "texture": "#1"},
				"south": {"uv": [3, 6.5, 4, 8], "texture": "#1"},
				"west": {"uv": [2, 6.5, 3, 8], "texture": "#1"},
				"up": {"uv": [1, 1, 0, 0], "texture": "#1"},
				"down": {"uv": [3, 4, 2, 5], "texture": "#1"}
			}
		},
		{
			"name": "Right Leg Layer",
			"from": [7.9, -11.25, 5.75],
			"to": [12.4, -4.75, 10.25],
			"rotation": {"angle": 22.5, "axis": "z", "origin": [10.25, 0.54545, 8]},
			"faces": {
				"north": {"uv": [1, 10.5, 2, 12], "texture": "#1"},
				"east": {"uv": [0, 10.5, 1, 12], "texture": "#1"},
				"south": {"uv": [3, 10.5, 4, 12], "texture": "#1"},
				"west": {"uv": [2, 10.5, 3, 12], "texture": "#1"},
				"up": {"uv": [1, 1, 0, 0], "texture": "#1"},
				"down": {"uv": [3, 9.5, 2, 10.5], "texture": "#1"}
			}
		},
		{
			"name": "Left Leg",
			"from": [4.35, -5, 6],
			"to": [8.35, 1, 10],
			"rotation": {"angle": 22.5, "axis": "x", "origin": [8.25, 0.54545, 8]},
			"faces": {
				"north": {"uv": [5, 13, 6, 14.5], "texture": "#1"},
				"east": {"uv": [4, 13, 5, 14.5], "texture": "#1"},
				"south": {"uv": [7, 13, 8, 14.5], "texture": "#1"},
				"west": {"uv": [6, 13, 7, 14.5], "texture": "#1"},
				"up": {"uv": [6, 13, 5, 12], "texture": "#1"},
				"down": {"uv": [1, 0, 0, 1], "texture": "#1"}
			}
		},
		{
			"name": "Left Leg Layer",
			"from": [4.1, -5.25, 5.75],
			"to": [8.6, 1.25, 10.25],
			"rotation": {"angle": 22.5, "axis": "x", "origin": [8.25, 0.54545, 8]},
			"faces": {
				"north": {"uv": [1, 13, 2, 14.5], "texture": "#1"},
				"east": {"uv": [0, 13, 1, 14.5], "texture": "#1"},
				"south": {"uv": [3, 13, 4, 14.5], "texture": "#1"},
				"west": {"uv": [2, 13, 3, 14.5], "texture": "#1"},
				"up": {"uv": [2, 13, 1, 12], "texture": "#1"},
				"down": {"uv": [1, 0, 0, 1], "texture": "#1"}
			}
		},
		{
			"name": "Left Leg",
			"from": [4.35, -11, 6],
			"to": [8.35, -5, 10],
			"rotation": {"angle": 22.5, "axis": "x", "origin": [8.25, 0.54545, 8]},
			"faces": {
				"north": {"uv": [5, 14.5, 6, 16], "texture": "#1"},
				"east": {"uv": [4, 14.5, 5, 16], "texture": "#1"},
				"south": {"uv": [7, 14.5, 8, 16], "texture": "#1"},
				"west": {"uv": [6, 14.5, 7, 16], "texture": "#1"},
				"up": {"uv": [1, 1, 0, 0], "texture": "#1"},
				"down": {"uv": [7, 12, 6, 13], "texture": "#1"}
			}
		},
		{
			"name": "Left Leg Layer",
			"from": [4.1, -11.25, 5.75],
			"to": [8.6, -4.75, 10.25],
			"rotation": {"angle": 22.5, "axis": "x", "origin": [8.25, 0.54545, 8]},
			"faces": {
				"north": {"uv": [1, 14.5, 2, 16], "texture": "#1"},
				"east": {"uv": [0, 14.5, 1, 16], "texture": "#1"},
				"south": {"uv": [3, 14.5, 4, 16], "texture": "#1"},
				"west": {"uv": [2, 14.5, 3, 16], "texture": "#1"},
				"up": {"uv": [1, 1, 0, 0], "texture": "#1"},
				"down": {"uv": [3, 13.5, 2, 14.5], "texture": "#1"}
			}
		}
	],
	"display": {
		"head": {
			"rotation": [180, 41.5, 180],
			"translation": [-1.25, -13, 0],
			"scale": [1.6, 1.6, 1.6]
		}
	},
	"groups": [
		{
			"name": "Head",
			"origin": [0, 24, 0],
			"color": 0,
			"children": [
				0,
				1,
				{
					"name": "star part 2",
					"origin": [5.50017, 27.6078, 16.2],
					"color": 0,
					"children": [
						{
							"name": "1",
							"origin": [13.73024, 25.44931, 16.2],
							"color": 0,
							"children": [2, 3, 4, 5, 6, 7, 8, 9, 10, 11, 12, 13]
						},
						{
							"name": "2",
							"origin": [0.50628, 24.38839, 16.2],
							"color": 0,
							"children": [14, 15, 16, 17, 18, 19, 20, 21]
						},
						{
							"name": "3",
							"origin": [0.50628, 24.38839, 16.2],
							"color": 0,
							"children": []
						}
					]
				}
			]
		},
		{
			"name": "Body",
			"origin": [0, 24, 0],
			"color": 0,
			"children": [
				22,
				23,
				24,
				25,
				{
					"name": "Body",
					"origin": [0, 24, 0],
					"color": 0,
					"children": [26, 27]
				}
			]
		},
		{
			"name": "RightArm",
			"origin": [5, 21.5, 0],
			"color": 0,
			"children": [28, 29, 30, 31]
		},
		{
			"name": "LeftArm",
			"origin": [-5, 21.5, 0],
			"color": 0,
			"children": [32, 33, 34, 35]
		},
		{
			"name": "RightLeg",
			"origin": [1.9, 12, 0],
			"color": 0,
			"children": [
				36,
				37,
				{
					"name": "RightLeg",
					"origin": [1.9, 12, 0],
					"color": 0,
					"children": [38, 39]
				}
			]
		},
		{
			"name": "LeftLeg",
			"origin": [-1.9, 12, 0],
			"color": 0,
			"children": [
				40,
				41,
				{
					"name": "LeftLeg",
					"origin": [-1.9, 12, 0],
					"color": 0,
					"children": [42, 43]
				}
			]
		}
	]
}