{
	"credit": "Made with Blockbench",
	"texture_size": [64, 64],
	"textures": {
		"0": "nw:stand/base/anubis"
	},
	"elements": [
		{
			"name": "Head",
			"from": [4, 13, 4],
			"to": [12, 21, 12],
			"rotation": {"angle": 0, "axis": "y", "origin": [7, 13, 8]},
			"faces": {
				"north": {"uv": [2, 2, 4, 4], "texture": "#0"},
				"east": {"uv": [0, 2, 2, 4], "texture": "#0"},
				"south": {"uv": [6, 2, 8, 4], "texture": "#0"},
				"west": {"uv": [4, 2, 6, 4], "texture": "#0"},
				"up": {"uv": [4, 2, 2, 0], "texture": "#0"},
				"down": {"uv": [6, 0, 4, 2], "texture": "#0"}
			}
		},
		{
			"name": "Hat Layer",
			"from": [3.5, 12.5, 3.5],
			"to": [12.5, 21.5, 12.5],
			"rotation": {"angle": 0, "axis": "y", "origin": [7, 13, 8]},
			"faces": {
				"north": {"uv": [10, 2, 12, 4], "texture": "#0"},
				"east": {"uv": [8, 2, 10, 4], "texture": "#0"},
				"south": {"uv": [14, 2, 16, 4], "texture": "#0"},
				"west": {"uv": [12, 2, 14, 4], "texture": "#0"},
				"up": {"uv": [12, 2, 10, 0], "texture": "#0"},
				"down": {"uv": [14, 0, 12, 2], "texture": "#0"}
			}
		},
		{
			"name": "Body",
			"from": [4, 1, 6],
			"to": [12, 13, 10],
			"rotation": {"angle": 22.5, "axis": "y", "origin": [8, 13, 8]},
			"faces": {
				"north": {"uv": [5, 5, 7, 8], "texture": "#0"},
				"east": {"uv": [4, 5, 5, 8], "texture": "#0"},
				"south": {"uv": [8, 5, 10, 8], "texture": "#0"},
				"west": {"uv": [7, 5, 8, 8], "texture": "#0"},
				"up": {"uv": [7, 5, 5, 4], "texture": "#0"},
				"down": {"uv": [9, 4, 7, 5], "texture": "#0"}
			}
		},
		{
			"name": "Body Layer",
			"from": [3.75, 0.75, 5.75],
			"to": [12.25, 13.25, 10.25],
			"rotation": {"angle": 22.5, "axis": "y", "origin": [8, 13, 8]},
			"faces": {
				"north": {"uv": [5, 9, 7, 12], "texture": "#0"},
				"east": {"uv": [4, 9, 5, 12], "texture": "#0"},
				"south": {"uv": [8, 9, 10, 12], "texture": "#0"},
				"west": {"uv": [7, 9, 8, 12], "texture": "#0"},
				"up": {"uv": [7, 9, 5, 8], "texture": "#0"},
				"down": {"uv": [9, 8, 7, 9], "texture": "#0"}
			}
		},
		{
			"name": "Right Arm",
			"from": [12, 9, -5],
			"to": [15, 13, 1],
			"rotation": {"angle": 0, "axis": "x", "origin": [13, 11, 8]},
			"faces": {
				"north": {"uv": [12.5, 4, 11.75, 5], "rotation": 180, "texture": "#0"},
				"east": {"uv": [10, 6.5, 11, 8], "rotation": 270, "texture": "#0"},
				"south": {"uv": [11.75, 5, 11, 4], "texture": "#0"},
				"west": {"uv": [11.75, 6.75, 12.75, 8], "rotation": 90, "texture": "#0"},
				"up": {"uv": [11, 6.75, 11.75, 8], "rotation": 180, "texture": "#0"},
				"down": {"uv": [12.75, 6.75, 13.5, 8], "texture": "#0"}
			}
		},
		{
			"name": "Right Arm Layer",
			"from": [11.75, 8.75, -5.25],
			"to": [15.25, 13.25, 1.25],
			"rotation": {"angle": 0, "axis": "x", "origin": [13, 11, 8]},
			"faces": {
				"north": {"uv": [12.5, 8, 11.75, 9], "rotation": 180, "texture": "#0"},
				"east": {"uv": [10, 10.5, 11, 12], "rotation": 270, "texture": "#0"},
				"south": {"uv": [11.75, 9, 11, 8], "texture": "#0"},
				"west": {"uv": [11.75, 10.5, 12.75, 12], "rotation": 90, "texture": "#0"},
				"up": {"uv": [11, 10.5, 11.75, 12], "rotation": 180, "texture": "#0"},
				"down": {"uv": [12.75, 10.5, 13.5, 12], "texture": "#0"}
			}
		},
		{
			"name": "Right Arm",
			"from": [12, 9, 1],
			"to": [15, 13, 7],
			"rotation": {"angle": 0, "axis": "x", "origin": [13, 11, 8]},
			"faces": {
				"north": {"uv": [12.5, 4, 11.75, 5], "rotation": 180, "texture": "#0"},
				"east": {"uv": [10, 5, 11, 6.5], "rotation": 270, "texture": "#0"},
				"south": {"uv": [11.75, 5, 11, 4], "texture": "#0"},
				"west": {"uv": [11.75, 5, 12.75, 6.5], "rotation": 90, "texture": "#0"},
				"up": {"uv": [11, 5, 11.75, 6.5], "rotation": 180, "texture": "#0"},
				"down": {"uv": [12.75, 5, 13.5, 6.5], "texture": "#0"}
			}
		},
		{
			"name": "Right Arm Layer",
			"from": [11.75, 8.75, 0.75],
			"to": [15.25, 13.25, 7.25],
			"rotation": {"angle": 0, "axis": "x", "origin": [13, 11, 8]},
			"faces": {
				"north": {"uv": [12.5, 8, 11.75, 9], "rotation": 180, "texture": "#0"},
				"east": {"uv": [10, 9, 11, 10.5], "rotation": 270, "texture": "#0"},
				"south": {"uv": [11.75, 9, 11, 8], "texture": "#0"},
				"west": {"uv": [11.75, 9, 12.75, 10.5], "rotation": 90, "texture": "#0"},
				"up": {"uv": [11, 9, 11.75, 10.5], "rotation": 180, "texture": "#0"},
				"down": {"uv": [12.75, 9, 13.5, 10.5], "texture": "#0"}
			}
		},
		{
			"from": [13, 12, -7],
			"to": [14, 13, -5],
			"faces": {
				"north": {"uv": [12, 4.5, 12.25, 4.75], "texture": "#0"},
				"east": {"uv": [12, 4.25, 12.5, 4.5], "texture": "#0"},
				"south": {"uv": [12.75, 4, 13, 4.25], "texture": "#0"},
				"west": {"uv": [12, 4.25, 12.5, 4.5], "texture": "#0"},
				"up": {"uv": [12, 4, 12.25, 4.5], "texture": "#0"},
				"down": {"uv": [12, 4, 12.25, 4.5], "texture": "#0"}
			}
		},
		{
			"name": "Right Arm",
			"from": [-2.15484, 5.6257, 2.78158],
			"to": [0.84516, 9.6257, 8.78158],
			"rotation": {"angle": 22.5, "axis": "x", "origin": [-1.15484, 4.6257, 12.78158]},
			"faces": {
				"north": {"uv": [11.75, 4, 12.5, 5], "rotation": 180, "texture": "#0"},
				"east": {"uv": [12.75, 6.75, 11.75, 8], "rotation": 270, "texture": "#0"},
				"south": {"uv": [11, 5, 11.75, 4], "texture": "#0"},
				"west": {"uv": [11, 6.5, 10, 8], "rotation": 90, "texture": "#0"},
				"up": {"uv": [11.75, 6.75, 11, 8], "rotation": 180, "texture": "#0"},
				"down": {"uv": [13.5, 6.75, 12.75, 8], "texture": "#0"}
			}
		},
		{
			"name": "Right Arm Layer",
			"from": [-2.40484, 5.3757, 2.53158],
			"to": [1.09516, 9.8757, 9.03158],
			"rotation": {"angle": 22.5, "axis": "x", "origin": [-1.15484, 4.6257, 12.78158]},
			"faces": {
				"north": {"uv": [11.75, 8, 12.5, 9], "rotation": 180, "texture": "#0"},
				"east": {"uv": [12.75, 10.5, 11.75, 12], "rotation": 270, "texture": "#0"},
				"south": {"uv": [11, 9, 11.75, 8], "texture": "#0"},
				"west": {"uv": [11, 10.5, 10, 12], "rotation": 90, "texture": "#0"},
				"up": {"uv": [11.75, 10.5, 11, 12], "rotation": 180, "texture": "#0"},
				"down": {"uv": [13.5, 10.5, 12.75, 12], "texture": "#0"}
			}
		},
		{
			"name": "Right Arm",
			"from": [-2, 9, 8],
			"to": [4, 12, 12],
			"rotation": {"angle": 22.5, "axis": "z", "origin": [2, 11, 10]},
			"faces": {
				"north": {"uv": [11.75, 5, 11, 6.5], "rotation": 270, "texture": "#0"},
				"east": {"uv": [11, 5, 11.75, 4], "rotation": 90, "texture": "#0"},
				"south": {"uv": [13.5, 5, 12.75, 6.5], "rotation": 90, "texture": "#0"},
				"west": {"uv": [11.75, 4, 12.5, 5], "rotation": 90, "texture": "#0"},
				"up": {"uv": [11, 5, 10, 6.5], "rotation": 90, "texture": "#0"},
				"down": {"uv": [12.75, 5, 11.75, 6.5], "rotation": 90, "texture": "#0"}
			}
		},
		{
			"name": "Right Arm Layer",
			"from": [-2.25, 8.75, 7.75],
			"to": [4.25, 12.25, 12.25],
			"rotation": {"angle": 22.5, "axis": "z", "origin": [2, 11, 10]},
			"faces": {
				"north": {"uv": [11.75, 9, 11, 10.5], "rotation": 270, "texture": "#0"},
				"east": {"uv": [11, 9, 11.75, 8], "rotation": 90, "texture": "#0"},
				"south": {"uv": [13.5, 9, 12.75, 10.5], "rotation": 90, "texture": "#0"},
				"west": {"uv": [11.75, 8, 12.5, 9], "rotation": 90, "texture": "#0"},
				"up": {"uv": [11, 9, 10, 10.5], "rotation": 90, "texture": "#0"},
				"down": {"uv": [12.75, 9, 11.75, 10.5], "rotation": 90, "texture": "#0"}
			}
		}
	],
	"display": {
		"head": {
			"translation": [0.25, -14.5, 0],
			"scale": [1.6, 1.6, 1.6]
		}
	},
	"groups": [
		{
			"name": "Head",
			"origin": [0, 24, 0],
			"color": 0,
			"children": [0, 1]
		},
		{
			"name": "Body",
			"origin": [0, 24, 0],
			"color": 0,
			"children": [2, 3]
		},
		{
			"name": "RightArm",
			"origin": [5, 22, 0],
			"color": 0,
			"children": [
				4,
				5,
				{
					"name": "RightArm",
					"origin": [5, 22, 0],
					"color": 0,
					"children": [6, 7]
				},
				8
			]
		},
		{
			"name": "RightLeg",
			"origin": [1.9, 12, 0],
			"color": 0,
			"children": []
		},
		{
			"name": "LeftLeg",
			"origin": [-1.9, 12, 0],
			"color": 0,
			"children": []
		},
		{
			"name": "LeftArm",
			"origin": [5, 22, 0],
			"color": 0,
			"children": [
				9,
				10,
				{
					"name": "LeftArmo",
					"origin": [5, 22, 0],
					"color": 0,
					"children": [11, 12]
				}
			]
		}
	]
}