{
	"credit": "Made with Blockbench",
	"texture_size": [64, 64],
	"textures": {
		"0": "nw:stand/base/eches2"
	},
	"elements": [
		{
			"name": "Head",
			"from": [4.25, 22.25, 5.25],
			"to": [11.75, 29.75, 12.75],
			"faces": {
				"north": {"uv": [2, 2, 4, 4], "texture": "#0"},
				"east": {"uv": [0, 2, 2, 4], "texture": "#0"},
				"south": {"uv": [6, 2, 8, 4], "texture": "#0"},
				"west": {"uv": [4, 2, 6, 4], "texture": "#0"},
				"up": {"uv": [4, 2, 2, 0], "texture": "#0"},
				"down": {"uv": [6, 0, 4, 2], "texture": "#0"}
			}
		},
		{
			"name": "Hat Layer",
			"from": [3.75, 21.75, 4.75],
			"to": [12.25, 30.25, 13.25],
			"faces": {
				"north": {"uv": [10, 2, 12, 4], "texture": "#0"},
				"east": {"uv": [8, 2, 10, 4], "texture": "#0"},
				"south": {"uv": [14, 2, 16, 4], "texture": "#0"},
				"west": {"uv": [12, 2, 14, 4], "texture": "#0"},
				"up": {"uv": [12, 2, 10, 0], "texture": "#0"},
				"down": {"uv": [14, 0, 12, 2], "texture": "#0"}
			}
		},
		{
			"name": "Head",
			"from": [11.75, 22.5, 4.25],
			"to": [12.5, 30, 13.75],
			"rotation": {"angle": 0, "axis": "y", "origin": [0, 0, 17]},
			"faces": {
				"north": {"uv": [5.25, 4, 4.75, 2], "texture": "#0"},
				"east": {"uv": [6, 4, 4, 2], "texture": "#0"},
				"south": {"uv": [16, 3.75, 15.75, 2.5], "texture": "#0"},
				"west": {"uv": [6, 4, 4, 2], "texture": "#0"},
				"up": {"uv": [6, 2.5, 4, 2], "rotation": 270, "texture": "#0"},
				"down": {"uv": [6, 4, 4, 2], "rotation": 90, "texture": "#0"}
			}
		},
		{
			"name": "Head",
			"from": [13.5, 22, 6.5],
			"to": [14.5, 29.5, 11.5],
			"rotation": {"angle": 45, "axis": "z", "origin": [13.75, 26.25, 9]},
			"faces": {
				"north": {"uv": [6, 4, 4, 2], "texture": "#0"},
				"east": {"uv": [6, 4, 4, 2], "texture": "#0"},
				"south": {"uv": [6, 4, 4, 2], "texture": "#0"},
				"west": {"uv": [6, 4, 4, 2], "texture": "#0"},
				"up": {"uv": [6, 4, 4, 2], "texture": "#0"},
				"down": {"uv": [6, 4, 4, 2], "texture": "#0"}
			}
		},
		{
			"name": "Head",
			"from": [1.5, 21.75, 6.5],
			"to": [2.5, 29.25, 11.5],
			"rotation": {"angle": -45, "axis": "z", "origin": [2.25, 26.25, 9]},
			"faces": {
				"north": {"uv": [4, 4, 6, 2], "texture": "#0"},
				"east": {"uv": [4, 4, 6, 2], "texture": "#0"},
				"south": {"uv": [4, 4, 6, 2], "texture": "#0"},
				"west": {"uv": [4, 4, 6, 2], "texture": "#0"},
				"up": {"uv": [4, 4, 6, 2], "texture": "#0"},
				"down": {"uv": [4, 4, 6, 2], "texture": "#0"}
			}
		},
		{
			"name": "Head",
			"from": [3.75, 22.5, 13.25],
			"to": [12.25, 30, 13.75],
			"faces": {
				"north": {"uv": [6, 4, 4, 2], "texture": "#0"},
				"east": {"uv": [5.25, 4, 4.75, 2], "texture": "#0"},
				"south": {"uv": [16, 3.75, 14, 2.5], "texture": "#0"},
				"west": {"uv": [5.25, 4, 4.75, 2], "texture": "#0"},
				"up": {"uv": [6, 2.5, 4, 2], "texture": "#0"},
				"down": {"uv": [6, 4, 4, 2], "texture": "#0"}
			}
		},
		{
			"name": "Head",
			"from": [3.5, 22.5, 4.25],
			"to": [4.25, 30, 13.75],
			"rotation": {"angle": 0, "axis": "y", "origin": [16, 0, 17]},
			"faces": {
				"north": {"uv": [4.75, 4, 5.25, 2], "texture": "#0"},
				"east": {"uv": [4, 4, 6, 2], "texture": "#0"},
				"south": {"uv": [15.75, 3.75, 16, 2.5], "texture": "#0"},
				"west": {"uv": [4, 4, 6, 2], "texture": "#0"},
				"up": {"uv": [6, 2, 4, 2.5], "rotation": 270, "texture": "#0"},
				"down": {"uv": [6, 2, 4, 4], "rotation": 90, "texture": "#0"}
			}
		},
		{
			"name": "Body",
			"from": [5.5, 19, 8],
			"to": [10.5, 22, 10],
			"faces": {
				"north": {"uv": [5, 5, 7, 6.25], "texture": "#0"},
				"east": {"uv": [4, 5, 5, 6.25], "texture": "#0"},
				"south": {"uv": [8, 5, 10, 6.25], "texture": "#0"},
				"west": {"uv": [7, 5, 8, 6.25], "texture": "#0"},
				"up": {"uv": [7, 5, 5, 4], "texture": "#0"},
				"down": {"uv": [9, 4, 7, 5], "texture": "#0"}
			}
		},
		{
			"name": "Body Layer",
			"from": [5.25, 18.75, 7.75],
			"to": [10.75, 22.25, 10.25],
			"faces": {
				"north": {"uv": [5, 9, 7, 10.25], "texture": "#0"},
				"east": {"uv": [4, 9, 5, 10.25], "texture": "#0"},
				"south": {"uv": [8, 9, 10, 10.25], "texture": "#0"},
				"west": {"uv": [7, 9, 8, 10.25], "texture": "#0"},
				"up": {"uv": [7, 9, 5, 8], "texture": "#0"},
				"down": {"uv": [9, 8, 7, 9], "texture": "#0"}
			}
		},
		{
			"name": "Body",
			"from": [5.75, 16, 8],
			"to": [10.25, 19, 10],
			"faces": {
				"north": {"uv": [5, 6.25, 7, 7.5], "texture": "#0"},
				"east": {"uv": [4, 6.25, 5, 7.5], "texture": "#0"},
				"south": {"uv": [8, 6.25, 10, 7.5], "texture": "#0"},
				"west": {"uv": [7, 6.25, 8, 7.5], "texture": "#0"},
				"up": {"uv": [7, 5, 5, 4], "texture": "#0"},
				"down": {"uv": [9, 4, 7, 5], "texture": "#0"}
			}
		},
		{
			"name": "Body Layer",
			"from": [5.5, 15.75, 7.75],
			"to": [10.5, 19.25, 10.25],
			"faces": {
				"north": {"uv": [5, 10.25, 7, 11.5], "texture": "#0"},
				"east": {"uv": [4, 10.25, 5, 11.5], "texture": "#0"},
				"south": {"uv": [8, 10.25, 10, 11.5], "texture": "#0"},
				"west": {"uv": [7, 10.25, 8, 11.5], "texture": "#0"},
				"up": {"uv": [7, 9, 5, 8], "texture": "#0"},
				"down": {"uv": [9, 8, 7, 9], "texture": "#0"}
			}
		},
		{
			"name": "Right Leg",
			"from": [8, 10.25, 8],
			"to": [10, 16, 10],
			"rotation": {"angle": 22.5, "axis": "z", "origin": [9, 15.125, 9]},
			"faces": {
				"north": {"uv": [1, 5, 2, 8], "texture": "#0"},
				"east": {"uv": [0, 5, 1, 8], "texture": "#0"},
				"south": {"uv": [3, 5, 4, 8], "texture": "#0"},
				"west": {"uv": [2, 5, 3, 8], "texture": "#0"},
				"up": {"uv": [2, 5, 1, 4], "texture": "#0"},
				"down": {"uv": [3, 4, 2, 5], "texture": "#0"}
			}
		},
		{
			"name": "Right Leg Layer",
			"from": [7.75, 10, 7.75],
			"to": [10.25, 16.25, 10.25],
			"rotation": {"angle": 22.5, "axis": "z", "origin": [9, 15.125, 9]},
			"faces": {
				"north": {"uv": [1, 9, 2, 12], "texture": "#0"},
				"east": {"uv": [0, 9, 1, 12], "texture": "#0"},
				"south": {"uv": [3, 9, 4, 12], "texture": "#0"},
				"west": {"uv": [2, 9, 3, 12], "texture": "#0"},
				"up": {"uv": [2, 9, 1, 8], "texture": "#0"},
				"down": {"uv": [3, 8, 2, 9], "texture": "#0"}
			}
		},
		{
			"name": "Right Leg",
			"from": [6, 10.25, 8],
			"to": [8, 16, 10],
			"rotation": {"angle": -22.5, "axis": "z", "origin": [7, 15.125, 9]},
			"faces": {
				"north": {"uv": [2, 5, 1, 8], "texture": "#0"},
				"east": {"uv": [3, 5, 2, 8], "texture": "#0"},
				"south": {"uv": [4, 5, 3, 8], "texture": "#0"},
				"west": {"uv": [1, 5, 0, 8], "texture": "#0"},
				"up": {"uv": [1, 5, 2, 4], "texture": "#0"},
				"down": {"uv": [2, 4, 3, 5], "texture": "#0"}
			}
		},
		{
			"name": "Right Leg Layer",
			"from": [5.75, 10, 7.75],
			"to": [8.25, 16.25, 10.25],
			"rotation": {"angle": -22.5, "axis": "z", "origin": [7, 15.125, 9]},
			"faces": {
				"north": {"uv": [2, 9, 1, 12], "texture": "#0"},
				"east": {"uv": [3, 9, 2, 12], "texture": "#0"},
				"south": {"uv": [4, 9, 3, 12], "texture": "#0"},
				"west": {"uv": [1, 9, 0, 12], "texture": "#0"},
				"up": {"uv": [1, 9, 2, 8], "texture": "#0"},
				"down": {"uv": [2, 8, 3, 9], "texture": "#0"}
			}
		},
		{
			"name": "Left Arm",
			"from": [10.75, 18.27426, 3.09123],
			"to": [12.5, 20.77426, 6.59123],
			"rotation": {"angle": 0, "axis": "x", "origin": [11.625, 19.52426, 9.71623]},
			"faces": {
				"north": {"uv": [9.75, 12, 10.5, 13], "rotation": 180, "texture": "#0"},
				"east": {"uv": [10.75, 14.5, 9.75, 16], "rotation": 270, "texture": "#0"},
				"south": {"uv": [9, 13, 9.75, 12], "texture": "#0"},
				"west": {"uv": [9, 14.5, 8, 16], "rotation": 90, "texture": "#0"},
				"up": {"uv": [9.75, 14.5, 9, 16], "rotation": 180, "texture": "#0"},
				"down": {"uv": [11.5, 14.5, 10.75, 16], "texture": "#0"}
			}
		},
		{
			"name": "Left Arm Layer",
			"from": [10.5, 18.02426, 2.84123],
			"to": [12.75, 21.02426, 7.34123],
			"rotation": {"angle": 0, "axis": "x", "origin": [11.625, 19.52426, 9.71623]},
			"faces": {
				"north": {"uv": [13.75, 12, 14.5, 13], "rotation": 180, "texture": "#0"},
				"east": {"uv": [14.75, 14.5, 13.75, 16], "rotation": 270, "texture": "#0"},
				"south": {"uv": [13, 13, 13.75, 12], "texture": "#0"},
				"west": {"uv": [13, 14.5, 12, 16], "rotation": 90, "texture": "#0"},
				"up": {"uv": [13.75, 14.5, 13, 16], "rotation": 180, "texture": "#0"},
				"down": {"uv": [15.5, 14.5, 14.75, 16], "texture": "#0"}
			}
		},
		{
			"name": "Left Arm",
			"from": [10.75, 19.375, 5.875],
			"to": [12.5, 21.875, 9.375],
			"rotation": {"angle": -22.5, "axis": "x", "origin": [11.625, 20.625, 9]},
			"faces": {
				"north": {"uv": [9.75, 12, 10.5, 13], "rotation": 180, "texture": "#0"},
				"east": {"uv": [10.75, 13, 9.75, 14.5], "rotation": 270, "texture": "#0"},
				"south": {"uv": [9, 13, 9.75, 12], "texture": "#0"},
				"west": {"uv": [9, 13, 8, 14.5], "rotation": 90, "texture": "#0"},
				"up": {"uv": [9.75, 13, 9, 14.5], "rotation": 180, "texture": "#0"},
				"down": {"uv": [11.5, 13, 10.75, 14.5], "texture": "#0"}
			}
		},
		{
			"name": "Left Arm Layer",
			"from": [10.5, 19.125, 5.625],
			"to": [12.75, 22.125, 10.125],
			"rotation": {"angle": -22.5, "axis": "x", "origin": [11.625, 20.625, 9]},
			"faces": {
				"north": {"uv": [13.75, 12, 14.5, 13], "rotation": 180, "texture": "#0"},
				"east": {"uv": [14.75, 13, 13.75, 14.5], "rotation": 270, "texture": "#0"},
				"south": {"uv": [13, 13, 13.75, 12], "texture": "#0"},
				"west": {"uv": [13, 13, 12, 14.5], "rotation": 90, "texture": "#0"},
				"up": {"uv": [13.75, 13, 13, 14.5], "rotation": 180, "texture": "#0"},
				"down": {"uv": [15.5, 13, 14.75, 14.5], "texture": "#0"}
			}
		},
		{
			"name": "Left Arm",
			"from": [4, 15.98421, 7.69797],
			"to": [5.75, 18.48421, 11.19797],
			"rotation": {"angle": 0, "axis": "x", "origin": [4.875, 17.73421, 13.82297]},
			"faces": {
				"north": {"uv": [10.5, 12, 9.75, 13], "rotation": 180, "texture": "#0"},
				"east": {"uv": [8, 14.5, 9, 16], "rotation": 270, "texture": "#0"},
				"south": {"uv": [9.75, 13, 9, 12], "texture": "#0"},
				"west": {"uv": [9.75, 14.5, 10.75, 16], "rotation": 90, "texture": "#0"},
				"up": {"uv": [9, 14.5, 9.75, 16], "rotation": 180, "texture": "#0"},
				"down": {"uv": [10.75, 14.5, 11.5, 16], "texture": "#0"}
			}
		},
		{
			"name": "Left Arm Layer",
			"from": [3.75, 15.73421, 7.44797],
			"to": [6, 18.73421, 11.94797],
			"rotation": {"angle": 0, "axis": "x", "origin": [4.875, 17.73421, 13.82297]},
			"faces": {
				"north": {"uv": [14.5, 12, 13.75, 13], "rotation": 180, "texture": "#0"},
				"east": {"uv": [12, 14.5, 13, 16], "rotation": 270, "texture": "#0"},
				"south": {"uv": [13.75, 13, 13, 12], "texture": "#0"},
				"west": {"uv": [13.75, 14.5, 14.75, 16], "rotation": 90, "texture": "#0"},
				"up": {"uv": [13, 14.5, 13.75, 16], "rotation": 180, "texture": "#0"},
				"down": {"uv": [14.75, 14.5, 15.5, 16], "texture": "#0"}
			}
		},
		{
			"name": "Left Arm",
			"from": [4, 18, 8.25],
			"to": [5.75, 21.5, 10.75],
			"rotation": {"angle": -22.5, "axis": "x", "origin": [4.875, 20.625, 9]},
			"faces": {
				"north": {"uv": [9, 13, 9.75, 14.5], "texture": "#0"},
				"east": {"uv": [8, 13, 9, 14.5], "texture": "#0"},
				"south": {"uv": [10.75, 13, 11.5, 14.5], "texture": "#0"},
				"west": {"uv": [9.75, 13, 10.75, 14.5], "texture": "#0"},
				"up": {"uv": [9.75, 13, 9, 12], "texture": "#0"},
				"down": {"uv": [10.5, 12, 9.75, 13], "texture": "#0"}
			}
		},
		{
			"name": "Left Arm Layer",
			"from": [3.75, 17.75, 8],
			"to": [6, 22.25, 11],
			"rotation": {"angle": -22.5, "axis": "x", "origin": [4.875, 20.625, 9]},
			"faces": {
				"north": {"uv": [13, 13, 13.75, 14.5], "texture": "#0"},
				"east": {"uv": [12, 13, 13, 14.5], "texture": "#0"},
				"south": {"uv": [14.75, 13, 15.5, 14.5], "texture": "#0"},
				"west": {"uv": [13.75, 13, 14.75, 14.5], "texture": "#0"},
				"up": {"uv": [13.75, 13, 13, 12], "texture": "#0"},
				"down": {"uv": [14.5, 12, 13.75, 13], "texture": "#0"}
			}
		},
		{
			"name": "Right Leg",
			"from": [7.75, 12.25, 10],
			"to": [8.75, 16, 11],
			"rotation": {"angle": 0, "axis": "z", "origin": [9, 15.125, 9]},
			"faces": {
				"north": {"uv": [0, 5, 1, 7.5], "texture": "#0"},
				"east": {"uv": [0, 5, 1, 7.5], "texture": "#0"},
				"south": {"uv": [0, 5, 1, 7.5], "texture": "#0"},
				"west": {"uv": [0, 5, 1, 7.5], "texture": "#0"},
				"up": {"uv": [0, 5, 1, 7.5], "texture": "#0"},
				"down": {"uv": [0, 5, 1, 7.5], "texture": "#0"}
			}
		},
		{
			"name": "Right Leg",
			"from": [6.75, 12.25, 10],
			"to": [7.75, 16, 11],
			"rotation": {"angle": 0, "axis": "z", "origin": [7, 15.125, 9]},
			"faces": {
				"north": {"uv": [1, 5, 0, 7.5], "texture": "#0"},
				"east": {"uv": [1, 5, 0, 7.5], "texture": "#0"},
				"south": {"uv": [1, 5, 0, 7.5], "texture": "#0"},
				"west": {"uv": [1, 5, 0, 7.5], "texture": "#0"},
				"up": {"uv": [1, 5, 0, 7.5], "texture": "#0"},
				"down": {"uv": [1, 5, 0, 7.5], "texture": "#0"}
			}
		},
		{
			"name": "Right Leg",
			"from": [6.10859, 9.02541, 10],
			"to": [7.10859, 12.77541, 11],
			"rotation": {"angle": -22.5, "axis": "z", "origin": [7.10859, 10.90041, 10.5]},
			"faces": {
				"north": {"uv": [1, 5, 0, 7.5], "texture": "#0"},
				"east": {"uv": [1, 5, 0, 7.5], "texture": "#0"},
				"south": {"uv": [1, 5, 0, 7.5], "texture": "#0"},
				"west": {"uv": [1, 5, 0, 7.5], "texture": "#0"},
				"up": {"uv": [1, 5, 0, 7.5], "texture": "#0"},
				"down": {"uv": [1, 5, 0, 7.5], "texture": "#0"}
			}
		},
		{
			"name": "Right Leg",
			"from": [7.10859, 9.02541, 10],
			"to": [8.10859, 12.77541, 11],
			"rotation": {"angle": -22.5, "axis": "z", "origin": [7.10859, 10.90041, 10.5]},
			"faces": {
				"north": {"uv": [0, 5, 1, 7.5], "texture": "#0"},
				"east": {"uv": [0, 5, 1, 7.5], "texture": "#0"},
				"south": {"uv": [0, 5, 1, 7.5], "texture": "#0"},
				"west": {"uv": [0, 5, 1, 7.5], "texture": "#0"},
				"up": {"uv": [0, 5, 1, 7.5], "texture": "#0"},
				"down": {"uv": [0, 5, 1, 7.5], "texture": "#0"}
			}
		},
		{
			"name": "Right Leg",
			"from": [5.28201, 6.29173, 10],
			"to": [6.28201, 10.04173, 11],
			"rotation": {"angle": -45, "axis": "z", "origin": [5.28201, 8.16673, 10.5]},
			"faces": {
				"north": {"uv": [0, 5, 1, 7.5], "texture": "#0"},
				"east": {"uv": [0, 5, 1, 7.5], "texture": "#0"},
				"south": {"uv": [0, 5, 1, 7.5], "texture": "#0"},
				"west": {"uv": [0, 5, 1, 7.5], "texture": "#0"},
				"up": {"uv": [0, 5, 1, 7.5], "texture": "#0"},
				"down": {"uv": [0, 5, 1, 7.5], "texture": "#0"}
			}
		},
		{
			"name": "Right Leg",
			"from": [4.28201, 6.29173, 10],
			"to": [5.28201, 10.04173, 11],
			"rotation": {"angle": -45, "axis": "z", "origin": [5.28201, 8.16673, 10.5]},
			"faces": {
				"north": {"uv": [1, 5, 0, 7.5], "texture": "#0"},
				"east": {"uv": [1, 5, 0, 7.5], "texture": "#0"},
				"south": {"uv": [1, 5, 0, 7.5], "texture": "#0"},
				"west": {"uv": [1, 5, 0, 7.5], "texture": "#0"},
				"up": {"uv": [1, 5, 0, 7.5], "texture": "#0"},
				"down": {"uv": [1, 5, 0, 7.5], "texture": "#0"}
			}
		},
		{
			"name": "Right Leg",
			"from": [0.67333, 6.34015, 10],
			"to": [4.42333, 7.34015, 11],
			"rotation": {"angle": 22.5, "axis": "z", "origin": [2.54833, 6.34015, 10.5]},
			"faces": {
				"north": {"uv": [1, 5, 0, 8], "rotation": 270, "texture": "#0"},
				"east": {"uv": [1, 5, 0, 8], "rotation": 90, "texture": "#0"},
				"south": {"uv": [1, 5, 0, 8], "rotation": 90, "texture": "#0"},
				"west": {"uv": [1, 7.5, 0, 8], "rotation": 90, "texture": "#0"},
				"up": {"uv": [1, 5, 0, 8], "rotation": 90, "texture": "#0"},
				"down": {"uv": [1, 5, 0, 8], "rotation": 90, "texture": "#0"}
			}
		},
		{
			"name": "Right Leg",
			"from": [0.67333, 5.34015, 10],
			"to": [4.42333, 6.34015, 11],
			"rotation": {"angle": 22.5, "axis": "z", "origin": [2.54833, 6.34015, 10.5]},
			"faces": {
				"north": {"uv": [0, 5, 1, 8], "rotation": 270, "texture": "#0"},
				"east": {"uv": [0, 5, 1, 8], "rotation": 90, "texture": "#0"},
				"south": {"uv": [0, 5, 1, 8], "rotation": 90, "texture": "#0"},
				"west": {"uv": [0, 7.5, 1, 8], "rotation": 90, "texture": "#0"},
				"up": {"uv": [0, 5, 1, 8], "rotation": 90, "texture": "#0"},
				"down": {"uv": [0, 5, 1, 8], "rotation": 90, "texture": "#0"}
			}
		}
	],
	"display": {
		"head": {
			"translation": [0.25, -29, -2],
			"scale": [1.2, 1.2, 1.2]
		}
	},
	"groups": [
		{
			"name": "echoes",
			"origin": [8, 8, 8],
			"color": 0,
			"children": [
				{
					"name": "Head",
					"origin": [0, 24, 0],
					"color": 0,
					"children": [0, 1, 2, 3, 4, 5, 6]
				},
				{
					"name": "Body",
					"origin": [0, 24, 0],
					"color": 0,
					"children": [
						7,
						8,
						{
							"name": "Body",
							"origin": [0, 24, 0],
							"color": 0,
							"children": [9, 10]
						}
					]
				},
				{
					"name": "RightLeg",
					"origin": [1.9, 12, 0],
					"color": 0,
					"children": [11, 12]
				},
				{
					"name": "RightLeg",
					"origin": [1.9, 12, 0],
					"color": 0,
					"children": [13, 14]
				},
				{
					"name": "LeftArm",
					"origin": [-5, 22, 0],
					"color": 0,
					"children": [15, 16, 17, 18]
				},
				{
					"name": "LeftArm",
					"origin": [-5, 22, 0],
					"color": 0,
					"children": [19, 20, 21, 22]
				}
			]
		},
		23,
		24,
		25,
		26,
		27,
		28,
		29,
		30
	]
}