{
	"credit": "Made with Blockbench",
	"textures": {
		"0": "nw:stand/base/emperor",
		"particle": "nw:stand/base/emperor"
	},
	"elements": [
		{
			"from": [5.75, 2.5, 7],
			"to": [7.75, 5.5, 8],
			"rotation": {"angle": -22.5, "axis": "z", "origin": [14, 8, 15]},
			"faces": {
				"north": {"uv": [1, 1, 3, 5], "texture": "#0"},
				"east": {"uv": [0, 1, 1, 5], "texture": "#0"},
				"south": {"uv": [4, 1, 6, 5], "texture": "#0"},
				"west": {"uv": [3, 1, 4, 5], "texture": "#0"},
				"up": {"uv": [3, 1, 1, 0], "texture": "#0"},
				"down": {"uv": [5, 0, 3, 1], "texture": "#0"}
			}
		},
		{
			"from": [4.25, 5.25, 7],
			"to": [6, 6.5, 8],
			"rotation": {"angle": 0, "axis": "y", "origin": [14, 8, 15]},
			"faces": {
				"north": {"uv": [4, 2, 6, 5], "texture": "#0"},
				"east": {"uv": [4, 2, 6, 5], "texture": "#0"},
				"south": {"uv": [4, 2, 6, 5], "texture": "#0"},
				"west": {"uv": [4, 2, 6, 5], "texture": "#0"},
				"up": {"uv": [4, 2, 6, 5], "texture": "#0"},
				"down": {"uv": [4, 2, 6, 5], "texture": "#0"}
			}
		},
		{
			"from": [6, 8, 7],
			"to": [10, 10.5, 8],
			"rotation": {"angle": 0, "axis": "y", "origin": [15, 16, 15]},
			"faces": {
				"north": {"uv": [1, 8, 7, 10], "texture": "#0"},
				"east": {"uv": [0, 8, 1, 10], "texture": "#0"},
				"south": {"uv": [8, 8, 14, 10], "texture": "#0"},
				"west": {"uv": [7, 8, 8, 10], "texture": "#0"},
				"up": {"uv": [12, 8, 6, 7], "texture": "#0"},
				"down": {"uv": [13, 7, 7, 8], "texture": "#0"}
			}
		},
		{
			"from": [10, 8, 7.5],
			"to": [13, 10.5, 7.5],
			"rotation": {"angle": 0, "axis": "y", "origin": [15, 16, 15]},
			"faces": {
				"north": {"uv": [1, 8, 7, 10], "texture": "#0"},
				"east": {"uv": [0, 8, 1, 10], "texture": "#0"},
				"south": {"uv": [8, 8, 14, 10], "texture": "#0"},
				"west": {"uv": [7, 8, 8, 10], "texture": "#0"},
				"up": {"uv": [7, 8, 1, 7], "texture": "#0"},
				"down": {"uv": [13, 7, 7, 8], "texture": "#0"}
			}
		},
		{
			"from": [10, 8.25, 7.25],
			"to": [13, 8.75, 7.75],
			"rotation": {"angle": 0, "axis": "y", "origin": [15, 16, 15]},
			"faces": {
				"north": {"uv": [0, 2.5, 6, 4.5], "texture": "#0"},
				"east": {"uv": [0, 2.5, 6, 4.5], "texture": "#0"},
				"south": {"uv": [0, 2.5, 6, 4.5], "texture": "#0"},
				"west": {"uv": [0, 2.5, 6, 4.5], "texture": "#0"},
				"up": {"uv": [0, 2.5, 6, 4.5], "texture": "#0"},
				"down": {"uv": [0, 2.5, 6, 4.5], "texture": "#0"}
			}
		},
		{
			"from": [10, 9, 6.5],
			"to": [14, 10.5, 8.5],
			"rotation": {"angle": 0, "axis": "y", "origin": [15, 17, 15]},
			"faces": {
				"north": {"uv": [3, 14, 7, 16], "texture": "#0"},
				"east": {"uv": [0, 14, 3, 16], "texture": "#0"},
				"south": {"uv": [10, 14, 14, 16], "texture": "#0"},
				"west": {"uv": [7, 14, 10, 16], "texture": "#0"},
				"up": {"uv": [7, 14, 3, 11], "texture": "#0"},
				"down": {"uv": [11, 11, 7, 14], "texture": "#0"}
			}
		},
		{
			"from": [10.5, 10.5, 7],
			"to": [14, 11, 8],
			"rotation": {"angle": 0, "axis": "y", "origin": [15, 17, 15]},
			"faces": {
				"north": {"uv": [1.5, 8, 4.5, 10], "texture": "#0"},
				"east": {"uv": [1.5, 8, 4.5, 10], "texture": "#0"},
				"south": {"uv": [1.5, 8, 4.5, 10], "texture": "#0"},
				"west": {"uv": [1.5, 8, 4.5, 10], "texture": "#0"},
				"up": {"uv": [1.5, 8, 4.5, 10], "texture": "#0"},
				"down": {"uv": [1.5, 8, 4.5, 10], "texture": "#0"}
			}
		},
		{
			"from": [10.5, 8.5, 6.25],
			"to": [14.5, 10.25, 6.5],
			"rotation": {"angle": 0, "axis": "y", "origin": [15, 17, 15]},
			"faces": {
				"north": {"uv": [10, 14.5, 6, 11.5], "texture": "#0"},
				"east": {"uv": [10, 14.5, 6, 11.5], "texture": "#0"},
				"south": {"uv": [10, 14.5, 6, 11.5], "texture": "#0"},
				"west": {"uv": [10, 14.5, 6, 11.5], "texture": "#0"},
				"up": {"uv": [10, 14.5, 6, 11.5], "texture": "#0"},
				"down": {"uv": [10, 14.5, 6, 11.5], "texture": "#0"}
			}
		},
		{
			"from": [10.5, 11, 7],
			"to": [14.5, 11.25, 8],
			"rotation": {"angle": 0, "axis": "y", "origin": [15, 17, 15]},
			"faces": {
				"north": {"uv": [10, 14.5, 6, 11.5], "texture": "#0"},
				"east": {"uv": [10, 14.5, 6, 11.5], "texture": "#0"},
				"south": {"uv": [10, 14.5, 6, 11.5], "texture": "#0"},
				"west": {"uv": [10, 14.5, 6, 11.5], "texture": "#0"},
				"up": {"uv": [10, 14.5, 6, 11.5], "texture": "#0"},
				"down": {"uv": [10, 14.5, 6, 11.5], "texture": "#0"}
			}
		},
		{
			"from": [10.5, 8.5, 8.5],
			"to": [14.5, 10.25, 8.75],
			"rotation": {"angle": 0, "axis": "y", "origin": [15, 17, 15]},
			"faces": {
				"north": {"uv": [10, 14.5, 6, 11.5], "texture": "#0"},
				"east": {"uv": [10, 14.5, 6, 11.5], "texture": "#0"},
				"south": {"uv": [10, 14.5, 6, 11.5], "texture": "#0"},
				"west": {"uv": [10, 14.5, 6, 11.5], "texture": "#0"},
				"up": {"uv": [10, 14.5, 6, 11.5], "texture": "#0"},
				"down": {"uv": [10, 14.5, 6, 11.5], "texture": "#0"}
			}
		},
		{
			"from": [10.5, 6, 13.5],
			"to": [14.5, 7.25, 13.75],
			"rotation": {"angle": 45, "axis": "x", "origin": [15, 17, 15]},
			"faces": {
				"north": {"uv": [10.5, 14, 6.5, 11], "texture": "#0"},
				"east": {"uv": [10.5, 14, 6.5, 11], "texture": "#0"},
				"south": {"uv": [10.5, 14, 6.5, 11], "texture": "#0"},
				"west": {"uv": [10.5, 14, 6.5, 11], "texture": "#0"},
				"up": {"uv": [10.5, 14, 6.5, 11], "texture": "#0"},
				"down": {"uv": [10.5, 14, 6.5, 11], "texture": "#0"}
			}
		},
		{
			"from": [10.5, 6.75, 1.5],
			"to": [14.5, 8, 1.75],
			"rotation": {"angle": -45, "axis": "x", "origin": [15, 17, 1]},
			"faces": {
				"north": {"uv": [6.5, 14, 10.5, 11], "texture": "#0"},
				"east": {"uv": [6.5, 14, 10.5, 11], "texture": "#0"},
				"south": {"uv": [6.5, 14, 10.5, 11], "texture": "#0"},
				"west": {"uv": [6.5, 14, 10.5, 11], "texture": "#0"},
				"up": {"uv": [10.5, 11, 6.5, 14], "texture": "#0"},
				"down": {"uv": [10.5, 11, 6.5, 14], "texture": "#0"}
			}
		},
		{
			"from": [8.5, 7.75, 6.75],
			"to": [10.5, 9.5, 8.25],
			"rotation": {"angle": 0, "axis": "y", "origin": [14, 16, 15]},
			"faces": {
				"north": {"uv": [0, 12, 3, 14], "texture": "#0"},
				"east": {"uv": [14, 12, 16, 14], "texture": "#0"},
				"south": {"uv": [0, 12, 3, 14], "texture": "#0"},
				"west": {"uv": [7, 14, 10, 16], "texture": "#0"},
				"up": {"uv": [7, 14, 3, 11], "texture": "#0"},
				"down": {"uv": [6, 11, 3, 14], "texture": "#0"}
			}
		},
		{
			"from": [8.5, 7.5, 7],
			"to": [10.5, 7.75, 8],
			"rotation": {"angle": 0, "axis": "y", "origin": [14, 16, 15]},
			"faces": {
				"north": {"uv": [6, 11, 3, 14], "texture": "#0"},
				"east": {"uv": [6, 11, 3, 14], "texture": "#0"},
				"south": {"uv": [6, 11, 3, 14], "texture": "#0"},
				"west": {"uv": [6, 11, 3, 14], "texture": "#0"},
				"up": {"uv": [6, 11, 3, 14], "texture": "#0"},
				"down": {"uv": [6, 11, 3, 14], "texture": "#0"}
			}
		},
		{
			"from": [5, 7.75, 5.75],
			"to": [8, 11, 9],
			"rotation": {"angle": 0, "axis": "y", "origin": [10, 17, 15]},
			"faces": {
				"north": {"uv": [9, 3, 11, 5], "texture": "#0"},
				"east": {"uv": [6, 3, 9, 5], "texture": "#0"},
				"south": {"uv": [14, 3, 16, 5], "texture": "#0"},
				"west": {"uv": [11, 3, 14, 5], "texture": "#0"},
				"up": {"uv": [11, 3, 9, 0], "texture": "#0"},
				"down": {"uv": [13, 0, 11, 3], "texture": "#0"}
			}
		},
		{
			"from": [5.5, 11, 6.25],
			"to": [7.5, 11.5, 8.75],
			"rotation": {"angle": 0, "axis": "y", "origin": [10, 17, 15]},
			"faces": {
				"north": {"uv": [9.5, 1.5, 11.5, 3.5], "texture": "#0"},
				"east": {"uv": [9.5, 1.5, 11.5, 3.5], "texture": "#0"},
				"south": {"uv": [9.5, 1.5, 11.5, 3.5], "texture": "#0"},
				"west": {"uv": [9.5, 1.5, 11.5, 3.5], "texture": "#0"},
				"up": {"uv": [9.5, 1.5, 11.5, 3.5], "texture": "#0"},
				"down": {"uv": [9.5, 1.5, 11.5, 3.5], "texture": "#0"}
			}
		},
		{
			"from": [8, 8.5, 6.25],
			"to": [8.5, 10.25, 8.75],
			"rotation": {"angle": 0, "axis": "y", "origin": [10, 17, 15]},
			"faces": {
				"north": {"uv": [9.5, 1.5, 11.5, 3.5], "rotation": 90, "texture": "#0"},
				"east": {"uv": [9.5, 1.5, 11.5, 3.5], "rotation": 270, "texture": "#0"},
				"south": {"uv": [9.5, 1.5, 11.5, 3.5], "rotation": 270, "texture": "#0"},
				"west": {"uv": [9.5, 1.5, 11.5, 3.5], "rotation": 270, "texture": "#0"},
				"up": {"uv": [9.5, 1.5, 11.5, 3.5], "rotation": 270, "texture": "#0"},
				"down": {"uv": [9.5, 1.5, 11.5, 3.5], "rotation": 270, "texture": "#0"}
			}
		},
		{
			"from": [4.5, 8.5, 6.5],
			"to": [5, 10.5, 8.5],
			"rotation": {"angle": 0, "axis": "y", "origin": [10, 17, 15]},
			"faces": {
				"north": {"uv": [9.5, 1.5, 11.5, 3.5], "rotation": 90, "texture": "#0"},
				"east": {"uv": [9.5, 1.5, 11.5, 3.5], "rotation": 270, "texture": "#0"},
				"south": {"uv": [9.5, 1.5, 11.5, 3.5], "rotation": 270, "texture": "#0"},
				"west": {"uv": [9.5, 1.5, 11.5, 3.5], "rotation": 270, "texture": "#0"},
				"up": {"uv": [9.5, 1.5, 11.5, 3.5], "rotation": 270, "texture": "#0"},
				"down": {"uv": [9.5, 1.5, 11.5, 3.5], "rotation": 270, "texture": "#0"}
			}
		},
		{
			"from": [4, 9.5, 7],
			"to": [7, 10, 8],
			"rotation": {"angle": -22.5, "axis": "z", "origin": [7, 10, 7]},
			"faces": {
				"north": {"uv": [10, 6, 12, 7], "texture": "#0"},
				"east": {"uv": [9, 6, 10, 7], "texture": "#0"},
				"south": {"uv": [13, 6, 15, 7], "texture": "#0"},
				"west": {"uv": [12, 6, 13, 7], "texture": "#0"},
				"up": {"uv": [12, 6, 10, 5], "texture": "#0"},
				"down": {"uv": [14, 5, 12, 6], "texture": "#0"}
			}
		},
		{
			"from": [4, 9, 7],
			"to": [4.25, 9.5, 8],
			"rotation": {"angle": -22.5, "axis": "z", "origin": [7, 10, 7]},
			"faces": {
				"north": {"uv": [10, 6, 12, 7], "texture": "#0"},
				"east": {"uv": [9, 6, 10, 7], "texture": "#0"},
				"south": {"uv": [13, 6, 15, 7], "texture": "#0"},
				"west": {"uv": [12, 6, 13, 7], "texture": "#0"},
				"up": {"uv": [12, 6, 10, 5], "texture": "#0"},
				"down": {"uv": [14, 5, 12, 6], "texture": "#0"}
			}
		},
		{
			"from": [8.25, 7, 7],
			"to": [8.5, 8, 8],
			"faces": {
				"north": {"uv": [2, 1, 4, 2], "texture": "#0"},
				"east": {"uv": [2, 1, 4, 2], "texture": "#0"},
				"south": {"uv": [2, 1, 4, 2], "texture": "#0"},
				"west": {"uv": [2, 1, 4, 2], "texture": "#0"},
				"up": {"uv": [2, 1, 4, 2], "texture": "#0"},
				"down": {"uv": [2, 1, 4, 2], "texture": "#0"}
			}
		},
		{
			"from": [7.25, 7.25, 7],
			"to": [7.5, 8, 8],
			"faces": {
				"north": {"uv": [2, 1, 4, 2], "texture": "#0"},
				"east": {"uv": [2, 1, 4, 2], "texture": "#0"},
				"south": {"uv": [2, 1, 4, 2], "texture": "#0"},
				"west": {"uv": [2, 1, 4, 2], "texture": "#0"},
				"up": {"uv": [2, 1, 4, 2], "texture": "#0"},
				"down": {"uv": [2, 1, 4, 2], "texture": "#0"}
			}
		},
		{
			"from": [9.5, 3.25, 7],
			"to": [10.5, 3.5, 8],
			"rotation": {"angle": 22.5, "axis": "z", "origin": [0, 0, 0]},
			"faces": {
				"north": {"uv": [2, 1, 4, 2], "rotation": 270, "texture": "#0"},
				"east": {"uv": [2, 1, 4, 2], "rotation": 90, "texture": "#0"},
				"south": {"uv": [2, 1, 4, 2], "rotation": 90, "texture": "#0"},
				"west": {"uv": [2, 1, 4, 2], "rotation": 90, "texture": "#0"},
				"up": {"uv": [2, 1, 4, 2], "rotation": 90, "texture": "#0"},
				"down": {"uv": [2, 1, 4, 2], "rotation": 90, "texture": "#0"}
			}
		},
		{
			"from": [6.75, 6.75, 7],
			"to": [7.5, 7, 8],
			"faces": {
				"north": {"uv": [2, 1, 4, 2], "rotation": 270, "texture": "#0"},
				"east": {"uv": [2, 1, 4, 2], "rotation": 90, "texture": "#0"},
				"south": {"uv": [2, 1, 4, 2], "rotation": 90, "texture": "#0"},
				"west": {"uv": [2, 1, 4, 2], "rotation": 90, "texture": "#0"},
				"up": {"uv": [2, 1, 4, 2], "rotation": 90, "texture": "#0"},
				"down": {"uv": [2, 1, 4, 2], "rotation": 90, "texture": "#0"}
			}
		},
		{
			"from": [8, 9.75, 7.25],
			"to": [10, 10.75, 7.75],
			"faces": {
				"north": {"uv": [4.5, 12.5, 5.5, 13], "texture": "#0"},
				"east": {"uv": [4.5, 12.5, 5.5, 13], "texture": "#0"},
				"south": {"uv": [4.5, 12.5, 5.5, 13], "texture": "#0"},
				"west": {"uv": [4.5, 12.5, 5.5, 13], "texture": "#0"},
				"up": {"uv": [4.5, 12.5, 5.5, 13], "texture": "#0"},
				"down": {"uv": [4.5, 12.5, 5.5, 13], "texture": "#0"}
			}
		},
		{
			"from": [8, 10.5, 8.25],
			"to": [10.5, 10.75, 8.5],
			"faces": {
				"north": {"uv": [2.5, 9, 3.5, 9.5], "texture": "#0"},
				"east": {"uv": [2.5, 9, 3.5, 9.5], "texture": "#0"},
				"south": {"uv": [2.5, 9, 3.5, 9.5], "texture": "#0"},
				"west": {"uv": [2.5, 9, 3.5, 9.5], "texture": "#0"},
				"up": {"uv": [2.5, 9, 3.5, 9.5], "texture": "#0"},
				"down": {"uv": [2.5, 9, 3.5, 9.5], "texture": "#0"}
			}
		},
		{
			"from": [8, 10.5, 6.5],
			"to": [10.5, 10.75, 6.75],
			"faces": {
				"north": {"uv": [2.5, 9, 3.5, 9.5], "texture": "#0"},
				"east": {"uv": [2.5, 9, 3.5, 9.5], "texture": "#0"},
				"south": {"uv": [2.5, 9, 3.5, 9.5], "texture": "#0"},
				"west": {"uv": [2.5, 9, 3.5, 9.5], "texture": "#0"},
				"up": {"uv": [2.5, 9, 3.5, 9.5], "texture": "#0"},
				"down": {"uv": [2.5, 9, 3.5, 9.5], "texture": "#0"}
			}
		},
		{
			"from": [8, 9.75, 6.75],
			"to": [10, 10, 8.25],
			"faces": {
				"north": {"uv": [4.5, 12.5, 5.5, 13], "texture": "#0"},
				"east": {"uv": [4.5, 12.5, 5.5, 13], "texture": "#0"},
				"south": {"uv": [4.5, 12.5, 5.5, 13], "texture": "#0"},
				"west": {"uv": [4.5, 12.5, 5.5, 13], "texture": "#0"},
				"up": {"uv": [4.5, 12.5, 5.5, 13], "texture": "#0"},
				"down": {"uv": [4.5, 12.5, 5.5, 13], "texture": "#0"}
			}
		}
	],
	"gui_light": "front",
	"display": {
		"thirdperson_righthand": {
			"rotation": [0, 89, 0],
			"translation": [0.75, 0, -1]
		},
		"thirdperson_lefthand": {
			"rotation": [0, -89, 0],
			"translation": [-12.75, 0, -1]
		},
		"firstperson_righthand": {
			"rotation": [0, 95, 0],
			"translation": [0.75, 3, 0]
		},
		"firstperson_lefthand": {
			"rotation": [0, -95, 0],
			"translation": [0, -10.25, 0]
		},
		"ground": {
			"scale": [0, 0, 0]
		},
		"gui": {
			"rotation": [3, 43, 24],
			"translation": [0, -0.75, 0],
			"scale": [1.5, 1.52, 1.5]
		},
		"fixed": {
			"scale": [0, 0, 0]
		}
	},
	"groups": [
		{
			"name": "handle",
			"origin": [8, 8, 8],
			"color": 0,
			"children": [0, 1]
		},
		{
			"name": "gun",
			"origin": [8, 8, 8],
			"color": 0,
			"children": [2, 3, 4, 5, 6, 7, 8, 9, 10, 11, 12, 13, 14, 15, 16, 17]
		}, 18, 19, 20, 21, 22, 23, 24, 25, 26, 27]
}