{
	"credit": "Made with Blockbench",
	"texture_size": [64, 64],
	"textures": {
		"0": "nw:stand/base/hermit_purple",
		"particle": "nw:stand/base/hermit_purple"
	},
	"elements": [
		{
			"from": [10, 0, 7],
			"to": [11, 1, 9],
			"faces": {
				"north": {"uv": [9.5, 9.25, 9.75, 9.5], "texture": "#0"},
				"east": {"uv": [8.5, 8, 9, 8.25], "texture": "#0"},
				"south": {"uv": [9.75, 0, 10, 0.25], "texture": "#0"},
				"west": {"uv": [9, 0, 9.5, 0.25], "texture": "#0"},
				"up": {"uv": [5.75, 9.5, 5.5, 9], "texture": "#0"},
				"down": {"uv": [6.25, 9, 6, 9.5], "texture": "#0"}
			}
		},
		{
			"from": [10, 0, 7],
			"to": [11, 2, 8],
			"rotation": {"angle": -22.5, "axis": "x", "origin": [10.5, 0, 7]},
			"faces": {
				"north": {"uv": [9, 6, 9.25, 6.5], "texture": "#0"},
				"east": {"uv": [6.5, 9, 6.75, 9.5], "texture": "#0"},
				"south": {"uv": [7, 9, 7.25, 9.5], "texture": "#0"},
				"west": {"uv": [8, 9, 8.25, 9.5], "texture": "#0"},
				"up": {"uv": [2.25, 10, 2, 9.75], "texture": "#0"},
				"down": {"uv": [2.75, 9.75, 2.5, 10], "texture": "#0"}
			}
		},
		{
			"from": [10, 2, 6.23463],
			"to": [11, 6, 7.23463],
			"rotation": {"angle": 22.5, "axis": "z", "origin": [10.5, 2, 7]},
			"faces": {
				"north": {"uv": [1.5, 0, 1.75, 1], "texture": "#0"},
				"east": {"uv": [0.5, 1.5, 0.75, 2.5], "texture": "#0"},
				"south": {"uv": [1, 1.5, 1.25, 2.5], "texture": "#0"},
				"west": {"uv": [1.5, 1.25, 1.75, 2.25], "texture": "#0"},
				"up": {"uv": [10, 2.75, 9.75, 2.5], "texture": "#0"},
				"down": {"uv": [3.25, 9.75, 3, 10], "texture": "#0"}
			}
		},
		{
			"from": [8.5, 4.91703, 6.33463],
			"to": [12.3, 5.71703, 7.13463],
			"rotation": {"angle": 22.5, "axis": "z", "origin": [8.5, 6, 7]},
			"faces": {
				"north": {"uv": [2, 0, 3, 0.25], "texture": "#0"},
				"east": {"uv": [9.75, 3, 10, 3.25], "texture": "#0"},
				"south": {"uv": [2, 0.5, 3, 0.75], "texture": "#0"},
				"west": {"uv": [5.5, 9.75, 5.75, 10], "texture": "#0"},
				"up": {"uv": [3, 1.25, 2, 1], "texture": "#0"},
				"down": {"uv": [3, 1.5, 2, 1.75], "texture": "#0"}
			}
		},
		{
			"from": [7.7, 7.11703, 6.53463],
			"to": [11.1, 7.51703, 6.93463],
			"rotation": {"angle": -22.5, "axis": "z", "origin": [8.5, 6, 7]},
			"faces": {
				"north": {"uv": [2, 2, 3, 2.25], "texture": "#0"},
				"east": {"uv": [6, 9.75, 6.25, 10], "texture": "#0"},
				"south": {"uv": [1.5, 2.5, 2.5, 2.75], "texture": "#0"},
				"west": {"uv": [6.5, 9.75, 6.75, 10], "texture": "#0"},
				"up": {"uv": [3.75, 2.75, 2.75, 2.5], "texture": "#0"},
				"down": {"uv": [1, 3, 0, 3.25], "texture": "#0"}
			}
		},
		{
			"from": [9.7, 5.11703, 6.53463],
			"to": [12.1, 5.51703, 6.93463],
			"rotation": {"angle": -22.5, "axis": "z", "origin": [8.5, 6, 7]},
			"faces": {
				"north": {"uv": [3.75, 1.5, 4.5, 1.75], "texture": "#0"},
				"east": {"uv": [7, 9.75, 7.25, 10], "texture": "#0"},
				"south": {"uv": [3.75, 2, 4.5, 2.25], "texture": "#0"},
				"west": {"uv": [9.75, 7.5, 10, 7.75], "texture": "#0"},
				"up": {"uv": [4.5, 3.25, 3.75, 3], "texture": "#0"},
				"down": {"uv": [0.75, 4, 0, 4.25], "texture": "#0"}
			}
		},
		{
			"from": [5.7, 3.11703, 6.53463],
			"to": [8.1, 3.51703, 6.93463],
			"rotation": {"angle": 45, "axis": "z", "origin": [8.5, 6, 7]},
			"faces": {
				"north": {"uv": [1, 4, 1.75, 4.25], "texture": "#0"},
				"east": {"uv": [8, 9.75, 8.25, 10], "texture": "#0"},
				"south": {"uv": [4, 2.5, 4.75, 2.75], "texture": "#0"},
				"west": {"uv": [8.5, 9.75, 8.75, 10], "texture": "#0"},
				"up": {"uv": [4.25, 4.25, 3.5, 4], "texture": "#0"},
				"down": {"uv": [0.75, 4.5, 0, 4.75], "texture": "#0"}
			}
		},
		{
			"from": [11.9, 6.4, 6.3],
			"to": [12.7, 7.2, 10.1],
			"rotation": {"angle": 0, "axis": "y", "origin": [12.5, 7, 7]},
			"faces": {
				"north": {"uv": [9.5, 9.75, 9.75, 10], "texture": "#0"},
				"east": {"uv": [1.25, 3, 2.25, 3.25], "texture": "#0"},
				"south": {"uv": [0.5, 10, 0.75, 10.25], "texture": "#0"},
				"west": {"uv": [2.5, 3, 3.5, 3.25], "texture": "#0"},
				"up": {"uv": [3.5, 1, 3.25, 0], "texture": "#0"},
				"down": {"uv": [3.5, 1.25, 3.25, 2.25], "texture": "#0"}
			}
		},
		{
			"from": [12, 6.5, 7.4],
			"to": [12.6, 7.1, 11],
			"rotation": {"angle": 22.5, "axis": "x", "origin": [12.5, 7, 7]},
			"faces": {
				"north": {"uv": [10, 0.5, 10.25, 0.75], "texture": "#0"},
				"east": {"uv": [0, 3.5, 1, 3.75], "texture": "#0"},
				"south": {"uv": [1, 10, 1.25, 10.25], "texture": "#0"},
				"west": {"uv": [1.25, 3.5, 2.25, 3.75], "texture": "#0"},
				"up": {"uv": [2.75, 4.5, 2.5, 3.5], "texture": "#0"},
				"down": {"uv": [3.25, 3.5, 3, 4.5], "texture": "#0"}
			}
		},
		{
			"from": [12.1, 6.3, 8.3],
			"to": [12.5, 6.7, 10.7],
			"rotation": {"angle": 22.5, "axis": "x", "origin": [12.5, 6.87868, 11.62132]},
			"faces": {
				"north": {"uv": [10, 1, 10.25, 1.25], "texture": "#0"},
				"east": {"uv": [1, 4.5, 1.75, 4.75], "texture": "#0"},
				"south": {"uv": [10, 1.5, 10.25, 1.75], "texture": "#0"},
				"west": {"uv": [3.5, 4.5, 4.25, 4.75], "texture": "#0"},
				"up": {"uv": [2.25, 4.75, 2, 4], "texture": "#0"},
				"down": {"uv": [4.75, 4, 4.5, 4.75], "texture": "#0"}
			}
		},
		{
			"from": [11.9, 7.1, 10.1],
			"to": [12.7, 7.9, 11.9],
			"rotation": {"angle": -22.5, "axis": "x", "origin": [12.5, 6.87868, 11.62132]},
			"faces": {
				"north": {"uv": [10, 2, 10.25, 2.25], "texture": "#0"},
				"east": {"uv": [9, 2.5, 9.5, 2.75], "texture": "#0"},
				"south": {"uv": [3.5, 10, 3.75, 10.25], "texture": "#0"},
				"west": {"uv": [9, 7.5, 9.5, 7.75], "texture": "#0"},
				"up": {"uv": [8.75, 9.5, 8.5, 9], "texture": "#0"},
				"down": {"uv": [9.25, 8.5, 9, 9], "texture": "#0"}
			}
		},
		{
			"from": [9.97868, 7.1, 11.1],
			"to": [12.77868, 7.9, 11.9],
			"rotation": {"angle": 0, "axis": "y", "origin": [10.5, 7.87868, 11.62132]},
			"faces": {
				"north": {"uv": [4.75, 1.5, 5.5, 1.75], "texture": "#0"},
				"east": {"uv": [4, 10, 4.25, 10.25], "texture": "#0"},
				"south": {"uv": [4.75, 2, 5.5, 2.25], "texture": "#0"},
				"west": {"uv": [4.5, 10, 4.75, 10.25], "texture": "#0"},
				"up": {"uv": [3.25, 5, 2.5, 4.75], "texture": "#0"},
				"down": {"uv": [5.5, 3, 4.75, 3.25], "texture": "#0"}
			}
		},
		{
			"from": [10.07868, 7.2, 11.2],
			"to": [12.67868, 7.8, 11.8],
			"rotation": {"angle": -22.5, "axis": "z", "origin": [12.5, 7.87868, 11.62132]},
			"faces": {
				"north": {"uv": [4.75, 3.5, 5.5, 3.75], "texture": "#0"},
				"east": {"uv": [5, 10, 5.25, 10.25], "texture": "#0"},
				"south": {"uv": [0, 5, 0.75, 5.25], "texture": "#0"},
				"west": {"uv": [10, 5.25, 10.25, 5.5], "texture": "#0"},
				"up": {"uv": [5.75, 0.25, 5, 0], "texture": "#0"},
				"down": {"uv": [5.75, 0.5, 5, 0.75], "texture": "#0"}
			}
		},
		{
			"from": [7.6, 6.9, 11.1],
			"to": [10.4, 7.7, 11.9],
			"rotation": {"angle": -22.5, "axis": "z", "origin": [10.7, 7.87868, 11.62132]},
			"faces": {
				"north": {"uv": [1, 5, 1.75, 5.25], "texture": "#0"},
				"east": {"uv": [10, 5.75, 10.25, 6], "texture": "#0"},
				"south": {"uv": [5, 1, 5.75, 1.25], "texture": "#0"},
				"west": {"uv": [10, 6.25, 10.25, 6.5], "texture": "#0"},
				"up": {"uv": [5.75, 2.75, 5, 2.5], "texture": "#0"},
				"down": {"uv": [4.25, 5, 3.5, 5.25], "texture": "#0"}
			}
		},
		{
			"from": [7.85432, 8.22417, 11.2],
			"to": [10.45432, 8.82417, 11.8],
			"rotation": {"angle": 22.5, "axis": "z", "origin": [7.7, 8.87868, 11.62132]},
			"faces": {
				"north": {"uv": [5, 4, 5.75, 4.25], "texture": "#0"},
				"east": {"uv": [10, 6.75, 10.25, 7], "texture": "#0"},
				"south": {"uv": [4.5, 5, 5.25, 5.25], "texture": "#0"},
				"west": {"uv": [10, 8, 10.25, 8.25], "texture": "#0"},
				"up": {"uv": [5.75, 4.75, 5, 4.5], "texture": "#0"},
				"down": {"uv": [2.75, 5.25, 2, 5.5], "texture": "#0"}
			}
		},
		{
			"from": [7.42132, 8.1, 9.1],
			"to": [8.22132, 8.9, 11.9],
			"rotation": {"angle": 0, "axis": "y", "origin": [10.7, 7.87868, 11.62132]},
			"faces": {
				"north": {"uv": [10, 8.5, 10.25, 8.75], "texture": "#0"},
				"east": {"uv": [0, 5.5, 0.75, 5.75], "texture": "#0"},
				"south": {"uv": [9, 10, 9.25, 10.25], "texture": "#0"},
				"west": {"uv": [1, 5.5, 1.75, 5.75], "texture": "#0"},
				"up": {"uv": [3.25, 6, 3, 5.25], "texture": "#0"},
				"down": {"uv": [3.75, 5.5, 3.5, 6.25], "texture": "#0"}
			}
		},
		{
			"from": [7.52132, 7.2, 8.2],
			"to": [8.12132, 7.8, 10.8],
			"rotation": {"angle": 45, "axis": "x", "origin": [10.7, 7.87868, 11.62132]},
			"faces": {
				"north": {"uv": [10, 9, 10.25, 9.25], "texture": "#0"},
				"east": {"uv": [4, 5.5, 4.75, 5.75], "texture": "#0"},
				"south": {"uv": [10, 9.5, 10.25, 9.75], "texture": "#0"},
				"west": {"uv": [5, 5.5, 5.75, 5.75], "texture": "#0"},
				"up": {"uv": [6, 2.25, 5.75, 1.5], "texture": "#0"},
				"down": {"uv": [2.25, 5.75, 2, 6.5], "texture": "#0"}
			}
		},
		{
			"from": [7.42132, 7.9, 6.7],
			"to": [8.22132, 8.7, 9.5],
			"rotation": {"angle": 22.5, "axis": "x", "origin": [7.7, 8.87868, 9.82132]},
			"faces": {
				"north": {"uv": [10, 10, 10.25, 10.25], "texture": "#0"},
				"east": {"uv": [5.5, 5, 6.25, 5.25], "texture": "#0"},
				"south": {"uv": [0, 10.25, 0.25, 10.5], "texture": "#0"},
				"west": {"uv": [5.75, 3, 6.5, 3.25], "texture": "#0"},
				"up": {"uv": [2.75, 6.5, 2.5, 5.75], "texture": "#0"},
				"down": {"uv": [0.25, 6, 0, 6.75], "texture": "#0"}
			}
		},
		{
			"from": [7.4, 9.12417, 6.3],
			"to": [11.2, 9.92417, 7.1],
			"rotation": {"angle": 0, "axis": "y", "origin": [11.7, 9.87868, 6.82132]},
			"faces": {
				"north": {"uv": [3.5, 3.5, 4.5, 3.75], "texture": "#0"},
				"east": {"uv": [10.25, 0, 10.5, 0.25], "texture": "#0"},
				"south": {"uv": [3.75, 0, 4.75, 0.25], "texture": "#0"},
				"west": {"uv": [1.5, 10.25, 1.75, 10.5], "texture": "#0"},
				"up": {"uv": [4.75, 0.75, 3.75, 0.5], "texture": "#0"},
				"down": {"uv": [4.75, 1, 3.75, 1.25], "texture": "#0"}
			}
		},
		{
			"from": [8.5, 9.22417, 6.4],
			"to": [11.1, 9.82417, 7],
			"rotation": {"angle": -22.5, "axis": "z", "origin": [11.7, 9.87868, 6.82132]},
			"faces": {
				"north": {"uv": [5.75, 3.5, 6.5, 3.75], "texture": "#0"},
				"east": {"uv": [2, 10.25, 2.25, 10.5], "texture": "#0"},
				"south": {"uv": [6, 0, 6.75, 0.25], "texture": "#0"},
				"west": {"uv": [2.5, 10.25, 2.75, 10.5], "texture": "#0"},
				"up": {"uv": [1.25, 6.25, 0.5, 6], "texture": "#0"},
				"down": {"uv": [6.75, 0.5, 6, 0.75], "texture": "#0"}
			}
		},
		{
			"from": [10.2, 9.9, 6.3],
			"to": [12, 10.7, 7.1],
			"rotation": {"angle": 22.5, "axis": "z", "origin": [12.5, 11.87868, 6.82132]},
			"faces": {
				"north": {"uv": [9.25, 1.5, 9.75, 1.75], "texture": "#0"},
				"east": {"uv": [10.25, 2.5, 10.5, 2.75], "texture": "#0"},
				"south": {"uv": [2, 9.25, 2.5, 9.5], "texture": "#0"},
				"west": {"uv": [3, 10.25, 3.25, 10.5], "texture": "#0"},
				"up": {"uv": [9.75, 2.25, 9.25, 2], "texture": "#0"},
				"down": {"uv": [3.25, 9.25, 2.75, 9.5], "texture": "#0"}
			}
		},
		{
			"from": [11.97868, 9.9, 6.32132],
			"to": [12.77868, 10.7, 9.12132],
			"rotation": {"angle": 0, "axis": "y", "origin": [12.5, 11.87868, 6.82132]},
			"faces": {
				"north": {"uv": [10.25, 3, 10.5, 3.25], "texture": "#0"},
				"east": {"uv": [6, 1, 6.75, 1.25], "texture": "#0"},
				"south": {"uv": [10.25, 3.5, 10.5, 3.75], "texture": "#0"},
				"west": {"uv": [6, 2.5, 6.75, 2.75], "texture": "#0"},
				"up": {"uv": [1.75, 6.75, 1.5, 6], "texture": "#0"},
				"down": {"uv": [4.25, 6, 4, 6.75], "texture": "#0"}
			}
		},
		{
			"from": [12.07868, 11.2, 6.4],
			"to": [12.67868, 13.8, 7],
			"rotation": {"angle": 45, "axis": "x", "origin": [12.5, 10.87868, 5.82132]},
			"faces": {
				"north": {"uv": [6, 4, 6.25, 4.75], "texture": "#0"},
				"east": {"uv": [4.5, 6, 4.75, 6.75], "texture": "#0"},
				"south": {"uv": [5, 6, 5.25, 6.75], "texture": "#0"},
				"west": {"uv": [5.5, 6, 5.75, 6.75], "texture": "#0"},
				"up": {"uv": [10.5, 4.25, 10.25, 4], "texture": "#0"},
				"down": {"uv": [10.5, 4.5, 10.25, 4.75], "texture": "#0"}
			}
		},
		{
			"from": [11.97868, 8.9, 7.1],
			"to": [12.77868, 9.7, 9.9],
			"rotation": {"angle": -45, "axis": "x", "origin": [12.5, 11.87868, 6.82132]},
			"faces": {
				"north": {"uv": [5.5, 10.25, 5.75, 10.5], "texture": "#0"},
				"east": {"uv": [6, 5.5, 6.75, 5.75], "texture": "#0"},
				"south": {"uv": [6, 10.25, 6.25, 10.5], "texture": "#0"},
				"west": {"uv": [6, 6, 6.75, 6.25], "texture": "#0"},
				"up": {"uv": [6.5, 2.25, 6.25, 1.5], "texture": "#0"},
				"down": {"uv": [3.25, 6.25, 3, 7], "texture": "#0"}
			}
		},
		{
			"from": [12.07868, 9.4, 8.90711],
			"to": [12.67868, 10, 11.50711],
			"rotation": {"angle": -22.5, "axis": "x", "origin": [12.5, 9.87868, 7.82132]},
			"faces": {
				"north": {"uv": [6.5, 10.25, 6.75, 10.5], "texture": "#0"},
				"east": {"uv": [0.5, 6.5, 1.25, 6.75], "texture": "#0"},
				"south": {"uv": [7, 10.25, 7.25, 10.5], "texture": "#0"},
				"west": {"uv": [6.5, 4, 7.25, 4.25], "texture": "#0"},
				"up": {"uv": [3.75, 7.25, 3.5, 6.5], "texture": "#0"},
				"down": {"uv": [6.75, 4.5, 6.5, 5.25], "texture": "#0"}
			}
		},
		{
			"from": [11.97868, 12.02132, 8.56447],
			"to": [12.77868, 12.82132, 11.36447],
			"rotation": {"angle": 22.5, "axis": "x", "origin": [12.5, 12.87868, 10.82132]},
			"faces": {
				"north": {"uv": [10.25, 7.25, 10.5, 7.5], "texture": "#0"},
				"east": {"uv": [6, 6.5, 6.75, 6.75], "texture": "#0"},
				"south": {"uv": [7.5, 10.25, 7.75, 10.5], "texture": "#0"},
				"west": {"uv": [6.75, 1.5, 7.5, 1.75], "texture": "#0"},
				"up": {"uv": [2.25, 7.5, 2, 6.75], "texture": "#0"},
				"down": {"uv": [2.75, 6.75, 2.5, 7.5], "texture": "#0"}
			}
		},
		{
			"from": [10, 12.9, 8.1],
			"to": [12.8, 13.7, 8.9],
			"rotation": {"angle": 0, "axis": "y", "origin": [12.5, 13.87868, 7.82132]},
			"faces": {
				"north": {"uv": [6.75, 2, 7.5, 2.25], "texture": "#0"},
				"east": {"uv": [8, 10.25, 8.25, 10.5], "texture": "#0"},
				"south": {"uv": [6.75, 3, 7.5, 3.25], "texture": "#0"},
				"west": {"uv": [8.5, 10.25, 8.75, 10.5], "texture": "#0"},
				"up": {"uv": [7.5, 3.75, 6.75, 3.5], "texture": "#0"},
				"down": {"uv": [0.75, 7, 0, 7.25], "texture": "#0"}
			}
		},
		{
			"from": [7.2, 13, 7.7],
			"to": [9.8, 13.6, 8.3],
			"rotation": {"angle": 45, "axis": "y", "origin": [10.5, 12.87868, 7.82132]},
			"faces": {
				"north": {"uv": [7, 0, 7.75, 0.25], "texture": "#0"},
				"east": {"uv": [9.5, 10.25, 9.75, 10.5], "texture": "#0"},
				"south": {"uv": [7, 0.5, 7.75, 0.75], "texture": "#0"},
				"west": {"uv": [0.5, 10.5, 0.75, 10.75], "texture": "#0"},
				"up": {"uv": [1.75, 7.25, 1, 7], "texture": "#0"},
				"down": {"uv": [7.75, 1, 7, 1.25], "texture": "#0"}
			}
		},
		{
			"from": [10.2, 0.2, 8.7],
			"to": [10.8, 0.8, 11.3],
			"rotation": {"angle": 22.5, "axis": "y", "origin": [10.5, 0, 9]},
			"faces": {
				"north": {"uv": [10.5, 0.5, 10.75, 0.75], "texture": "#0"},
				"east": {"uv": [7, 2.5, 7.75, 2.75], "texture": "#0"},
				"south": {"uv": [1, 10.5, 1.25, 10.75], "texture": "#0"},
				"west": {"uv": [4, 7, 4.75, 7.25], "texture": "#0"},
				"up": {"uv": [7.25, 5.25, 7, 4.5], "texture": "#0"},
				"down": {"uv": [5.25, 7, 5, 7.75], "texture": "#0"}
			}
		},
		{
			"from": [11.4, 0.7, 10.83045],
			"to": [12, 3.3, 11.43045],
			"rotation": {"angle": 22.5, "axis": "z", "origin": [12.34693, 0, 10.63045]},
			"faces": {
				"north": {"uv": [5.5, 7, 5.75, 7.75], "texture": "#0"},
				"east": {"uv": [7, 5.5, 7.25, 6.25], "texture": "#0"},
				"south": {"uv": [6, 7, 6.25, 7.75], "texture": "#0"},
				"west": {"uv": [6.5, 7, 6.75, 7.75], "texture": "#0"},
				"up": {"uv": [10.75, 1.25, 10.5, 1], "texture": "#0"},
				"down": {"uv": [10.75, 1.5, 10.5, 1.75], "texture": "#0"}
			}
		},
		{
			"from": [10.3, 0.8, 10.93045],
			"to": [10.7, 2.2, 11.33045],
			"rotation": {"angle": -22.5, "axis": "z", "origin": [12.34693, 0, 10.63045]},
			"faces": {
				"north": {"uv": [9.25, 3, 9.5, 3.5], "texture": "#0"},
				"east": {"uv": [9, 9.25, 9.25, 9.75], "texture": "#0"},
				"south": {"uv": [0, 9.5, 0.25, 10], "texture": "#0"},
				"west": {"uv": [9.5, 0.5, 9.75, 1], "texture": "#0"},
				"up": {"uv": [10.75, 2.25, 10.5, 2], "texture": "#0"},
				"down": {"uv": [3.75, 10.5, 3.5, 10.75], "texture": "#0"}
			}
		},
		{
			"from": [10.2, 2.7, 10.83045],
			"to": [10.8, 5.3, 11.43045],
			"rotation": {"angle": 0, "axis": "y", "origin": [11.5, 2.63045, 11.2]},
			"faces": {
				"north": {"uv": [7, 6.5, 7.25, 7.25], "texture": "#0"},
				"east": {"uv": [3, 7.25, 3.25, 8], "texture": "#0"},
				"south": {"uv": [0, 7.5, 0.25, 8.25], "texture": "#0"},
				"west": {"uv": [0.5, 7.5, 0.75, 8.25], "texture": "#0"},
				"up": {"uv": [4.25, 10.75, 4, 10.5], "texture": "#0"},
				"down": {"uv": [4.75, 10.5, 4.5, 10.75], "texture": "#0"}
			}
		},
		{
			"from": [10.3, 2.8, 10.93045],
			"to": [10.7, 5.2, 11.33045],
			"rotation": {"angle": 22.5, "axis": "z", "origin": [11.5, 2.63045, 11.2]},
			"faces": {
				"north": {"uv": [1, 7.5, 1.25, 8.25], "texture": "#0"},
				"east": {"uv": [1.5, 7.5, 1.75, 8.25], "texture": "#0"},
				"south": {"uv": [3.5, 7.5, 3.75, 8.25], "texture": "#0"},
				"west": {"uv": [4, 7.5, 4.25, 8.25], "texture": "#0"},
				"up": {"uv": [5.25, 10.75, 5, 10.5], "texture": "#0"},
				"down": {"uv": [10.75, 5, 10.5, 5.25], "texture": "#0"}
			}
		},
		{
			"from": [8.56955, 4.33045, 10.83045],
			"to": [11.16955, 4.93045, 11.43045],
			"rotation": {"angle": -45, "axis": "z", "origin": [11.5, 5.63045, 11.2]},
			"faces": {
				"north": {"uv": [7.5, 4, 8.25, 4.25], "texture": "#0"},
				"east": {"uv": [10.5, 5.5, 10.75, 5.75], "texture": "#0"},
				"south": {"uv": [7.5, 4.5, 8.25, 4.75], "texture": "#0"},
				"west": {"uv": [10.5, 6, 10.75, 6.25], "texture": "#0"},
				"up": {"uv": [8.25, 5.25, 7.5, 5], "texture": "#0"},
				"down": {"uv": [8.25, 5.5, 7.5, 5.75], "texture": "#0"}
			}
		},
		{
			"from": [8.66955, 5.43045, 10.93045],
			"to": [11.06955, 5.83045, 11.33045],
			"rotation": {"angle": -22.5, "axis": "z", "origin": [11.5, 5.63045, 11.2]},
			"faces": {
				"north": {"uv": [7.5, 6, 8.25, 6.25], "texture": "#0"},
				"east": {"uv": [10.5, 6.5, 10.75, 6.75], "texture": "#0"},
				"south": {"uv": [7.5, 6.5, 8.25, 6.75], "texture": "#0"},
				"west": {"uv": [10.5, 7.75, 10.75, 8], "texture": "#0"},
				"up": {"uv": [7.75, 7.75, 7, 7.5], "texture": "#0"},
				"down": {"uv": [8.25, 7, 7.5, 7.25], "texture": "#0"}
			}
		},
		{
			"from": [7.4, 6.6, 10.83045],
			"to": [9, 7.2, 11.43045],
			"rotation": {"angle": 0, "axis": "y", "origin": [11.5, 5.63045, 11.2]},
			"faces": {
				"north": {"uv": [9.25, 8, 9.75, 8.25], "texture": "#0"},
				"east": {"uv": [10.5, 8.25, 10.75, 8.5], "texture": "#0"},
				"south": {"uv": [3.5, 9.5, 4, 9.75], "texture": "#0"},
				"west": {"uv": [10.5, 8.75, 10.75, 9], "texture": "#0"},
				"up": {"uv": [10, 4, 9.5, 3.75], "texture": "#0"},
				"down": {"uv": [4.75, 9.5, 4.25, 9.75], "texture": "#0"}
			}
		},
		{
			"from": [7.2, 6.6, 8.8],
			"to": [7.8, 7.2, 11.4],
			"rotation": {"angle": 0, "axis": "y", "origin": [7.9, 6.63045, 11.2]},
			"faces": {
				"north": {"uv": [9, 10.5, 9.25, 10.75], "texture": "#0"},
				"east": {"uv": [7.75, 1.5, 8.5, 1.75], "texture": "#0"},
				"south": {"uv": [10.5, 9.25, 10.75, 9.5], "texture": "#0"},
				"west": {"uv": [2, 7.75, 2.75, 8], "texture": "#0"},
				"up": {"uv": [4.75, 8.25, 4.5, 7.5], "texture": "#0"},
				"down": {"uv": [8, 3, 7.75, 3.75], "texture": "#0"}
			}
		},
		{
			"from": [7.3, 6.7, 8.9],
			"to": [7.7, 7.1, 11.3],
			"rotation": {"angle": -22.5, "axis": "x", "origin": [7.9, 6.63045, 11.2]},
			"faces": {
				"north": {"uv": [10.5, 9.75, 10.75, 10], "texture": "#0"},
				"east": {"uv": [7.75, 2, 8.5, 2.25], "texture": "#0"},
				"south": {"uv": [10, 10.5, 10.25, 10.75], "texture": "#0"},
				"west": {"uv": [8, 0, 8.75, 0.25], "texture": "#0"},
				"up": {"uv": [8.25, 1.25, 8, 0.5], "texture": "#0"},
				"down": {"uv": [5.25, 8, 5, 8.75], "texture": "#0"}
			}
		},
		{
			"from": [7.2, 7, 8.4],
			"to": [7.8, 11.6, 9],
			"rotation": {"angle": -22.5, "axis": "x", "origin": [7.9, 7.63045, 9.6]},
			"faces": {
				"north": {"uv": [0, 0, 0.25, 1.25], "texture": "#0"},
				"east": {"uv": [0.5, 0, 0.75, 1.25], "texture": "#0"},
				"south": {"uv": [1, 0, 1.25, 1.25], "texture": "#0"},
				"west": {"uv": [0, 1.5, 0.25, 2.75], "texture": "#0"},
				"up": {"uv": [10.75, 10.5, 10.5, 10.25], "texture": "#0"},
				"down": {"uv": [0.25, 10.75, 0, 11], "texture": "#0"}
			}
		},
		{
			"from": [7.3, 6.53045, 7.73045],
			"to": [7.7, 6.93045, 9.13045],
			"rotation": {"angle": 45, "axis": "x", "origin": [7.9, 7.63045, 9.6]},
			"faces": {
				"north": {"uv": [10.75, 0, 11, 0.25], "texture": "#0"},
				"east": {"uv": [9.5, 4.25, 10, 4.5], "texture": "#0"},
				"south": {"uv": [1.5, 10.75, 1.75, 11], "texture": "#0"},
				"west": {"uv": [9.5, 4.75, 10, 5], "texture": "#0"},
				"up": {"uv": [1.75, 10, 1.5, 9.5], "texture": "#0"},
				"down": {"uv": [9.75, 5.25, 9.5, 5.75], "texture": "#0"}
			}
		},
		{
			"from": [7.3, 8.1, 7.5],
			"to": [7.7, 10.5, 7.9],
			"rotation": {"angle": 22.5, "axis": "x", "origin": [7.9, 7.63045, 9.6]},
			"faces": {
				"north": {"uv": [5.5, 8, 5.75, 8.75], "texture": "#0"},
				"east": {"uv": [6, 8, 6.25, 8.75], "texture": "#0"},
				"south": {"uv": [6.5, 8, 6.75, 8.75], "texture": "#0"},
				"west": {"uv": [7, 8, 7.25, 8.75], "texture": "#0"},
				"up": {"uv": [2.25, 11, 2, 10.75], "texture": "#0"},
				"down": {"uv": [2.75, 10.75, 2.5, 11], "texture": "#0"}
			}
		},
		{
			"from": [7.2, 11.4588, 6.86089],
			"to": [7.8, 12.0588, 9.46089],
			"rotation": {"angle": -22.5, "axis": "x", "origin": [7.9, 11.63045, 8.6]},
			"faces": {
				"north": {"uv": [10.75, 2.5, 11, 2.75], "texture": "#0"},
				"east": {"uv": [8, 2.5, 8.75, 2.75], "texture": "#0"},
				"south": {"uv": [3, 10.75, 3.25, 11], "texture": "#0"},
				"west": {"uv": [7.5, 8, 8.25, 8.25], "texture": "#0"},
				"up": {"uv": [2.25, 9, 2, 8.25], "texture": "#0"},
				"down": {"uv": [2.75, 8.25, 2.5, 9], "texture": "#0"}
			}
		},
		{
			"from": [7.3, 11.86453, 9.28478],
			"to": [7.7, 12.26453, 11.68478],
			"rotation": {"angle": 22.5, "axis": "x", "origin": [7.9, 12.47737, 9.23045]},
			"faces": {
				"north": {"uv": [10.75, 3, 11, 3.25], "texture": "#0"},
				"east": {"uv": [8, 7.5, 8.75, 7.75], "texture": "#0"},
				"south": {"uv": [10.75, 3.5, 11, 3.75], "texture": "#0"},
				"west": {"uv": [8.25, 3, 9, 3.25], "texture": "#0"},
				"up": {"uv": [3.25, 9, 3, 8.25], "texture": "#0"},
				"down": {"uv": [0.25, 8.5, 0, 9.25], "texture": "#0"}
			}
		},
		{
			"from": [7.2, 0.2, 8.2],
			"to": [10, 1, 9],
			"rotation": {"angle": 0, "axis": "y", "origin": [0.1, 0.1, 0.1]},
			"faces": {
				"north": {"uv": [8.25, 3.5, 9, 3.75], "texture": "#0"},
				"east": {"uv": [10.75, 4, 11, 4.25], "texture": "#0"},
				"south": {"uv": [0.5, 8.5, 1.25, 8.75], "texture": "#0"},
				"west": {"uv": [10.75, 4.5, 11, 4.75], "texture": "#0"},
				"up": {"uv": [9.25, 0.75, 8.5, 0.5], "texture": "#0"},
				"down": {"uv": [9.25, 1, 8.5, 1.25], "texture": "#0"}
			}
		},
		{
			"from": [7.2, 0.2, 8.2],
			"to": [8, 3, 9],
			"rotation": {"angle": 0, "axis": "y", "origin": [7.1, 3.1, 8.5]},
			"faces": {
				"north": {"uv": [1.5, 8.5, 1.75, 9.25], "texture": "#0"},
				"east": {"uv": [3.5, 8.5, 3.75, 9.25], "texture": "#0"},
				"south": {"uv": [4, 8.5, 4.25, 9.25], "texture": "#0"},
				"west": {"uv": [8.5, 4, 8.75, 4.75], "texture": "#0"},
				"up": {"uv": [5.75, 11, 5.5, 10.75], "texture": "#0"},
				"down": {"uv": [6.25, 10.75, 6, 11], "texture": "#0"}
			}
		},
		{
			"from": [7.3, 0.3, 8.3],
			"to": [7.9, 1.9, 8.9],
			"rotation": {"angle": 22.5, "axis": "x", "origin": [7.1, 0.1, 8.5]},
			"faces": {
				"north": {"uv": [9.5, 6, 9.75, 6.5], "texture": "#0"},
				"east": {"uv": [9.5, 6.75, 9.75, 7.25], "texture": "#0"},
				"south": {"uv": [7.5, 9.5, 7.75, 10], "texture": "#0"},
				"west": {"uv": [9.5, 8.5, 9.75, 9], "texture": "#0"},
				"up": {"uv": [6.75, 11, 6.5, 10.75], "texture": "#0"},
				"down": {"uv": [7.25, 10.75, 7, 11], "texture": "#0"}
			}
		},
		{
			"from": [7.2, 3, 8.2],
			"to": [8, 5.8, 9],
			"rotation": {"angle": 45, "axis": "x", "origin": [7.1, 2.9, 8.5]},
			"faces": {
				"north": {"uv": [4.5, 8.5, 4.75, 9.25], "texture": "#0"},
				"east": {"uv": [8.5, 5, 8.75, 5.75], "texture": "#0"},
				"south": {"uv": [8.5, 6, 8.75, 6.75], "texture": "#0"},
				"west": {"uv": [7.5, 8.5, 7.75, 9.25], "texture": "#0"},
				"up": {"uv": [11, 7.25, 10.75, 7], "texture": "#0"},
				"down": {"uv": [7.75, 10.75, 7.5, 11], "texture": "#0"}
			}
		},
		{
			"from": [7.3, 4.5, 7.87157],
			"to": [7.9, 5.1, 10.47157],
			"rotation": {"angle": 0, "axis": "y", "origin": [7.1, 4.9, 10.5]},
			"faces": {
				"north": {"uv": [8, 10.75, 8.25, 11], "texture": "#0"},
				"east": {"uv": [8.5, 7, 9.25, 7.25], "texture": "#0"},
				"south": {"uv": [8.5, 10.75, 8.75, 11], "texture": "#0"},
				"west": {"uv": [8, 8.5, 8.75, 8.75], "texture": "#0"},
				"up": {"uv": [9, 2.25, 8.75, 1.5], "texture": "#0"},
				"down": {"uv": [0.75, 9, 0.5, 9.75], "texture": "#0"}
			}
		},
		{
			"from": [7.3, 4.4, 7.7],
			"to": [7.9, 7, 8.3],
			"rotation": {"angle": -22.5, "axis": "x", "origin": [7.1, 4.9, 7.5]},
			"faces": {
				"north": {"uv": [1, 9, 1.25, 9.75], "texture": "#0"},
				"east": {"uv": [9, 4, 9.25, 4.75], "texture": "#0"},
				"south": {"uv": [5, 9, 5.25, 9.75], "texture": "#0"},
				"west": {"uv": [9, 5, 9.25, 5.75], "texture": "#0"},
				"up": {"uv": [9.75, 11, 9.5, 10.75], "texture": "#0"},
				"down": {"uv": [10.75, 10.75, 10.5, 11], "texture": "#0"}
			}
		}
	],
	"gui_light": "front",
	"display": {
		"thirdperson_righthand": {
			"rotation": [86.59, -4.39, 1.05],
			"translation": [-1.75, -0.75, 6.75]
		},
		"ground": {
			"translation": [0, 5.25, 0]
		},
		"gui": {
			"rotation": [-23.93, -35.94, -37.11],
			"translation": [0, 1.75, 0]
		}
	},
	"groups": [
		{
			"name": "Hermit Purple",
			"origin": [8, 8, 8],
			"color": 0,
			"children": [
				{
					"name": "Vinha 1",
					"origin": [8, 8, 8],
					"color": 0,
					"children": [0, 1, 2, 3, 4, 5, 6, 7, 8, 9, 10, 11, 12, 13, 14, 15, 16, 17, 18, 19, 20, 21, 22, 23, 24, 25, 26, 27]
				},
				{
					"name": "Vinha 2",
					"origin": [8, 8, 8],
					"color": 0,
					"children": [28, 29, 30, 31, 32, 33, 34, 35, 36, 37, 38, 39, 40, 41, 42]
				},
				{
					"name": "Vinha 3",
					"origin": [8, 8, 8],
					"color": 0,
					"children": [43, 44, 45, 46, 47, 48]
				}
			]
		}
	]
}