{
	"credit": "Made with Blockbench",
	"texture_size": [64, 64],
	"textures": {
		"0": "hp",
		"particle": "hp"
	},
	"elements": [
		{
			"from": [8, 0, 4],
			"to": [11, 1, 5],
			"rotation": {"angle": 0, "axis": "y", "origin": [0.025, 0, 0]},
			"faces": {
				"north": {"uv": [0.75, 3.25, 0, 3.25], "rotation": 270, "texture": "#0"},
				"east": {"uv": [0.75, 3.25, 0, 3.25], "rotation": 270, "texture": "#0"},
				"south": {"uv": [0.75, 3.25, 0, 3.25], "rotation": 270, "texture": "#0"},
				"west": {"uv": [0.75, 3.25, 0, 3.25], "rotation": 270, "texture": "#0"},
				"up": {"uv": [0.75, 3.25, 0, 3.25], "rotation": 270, "texture": "#0"},
				"down": {"uv": [0.75, 3.25, 0, 3.25], "rotation": 270, "texture": "#0"}
			}
		},
		{
			"from": [12.12132, 0, 6.12132],
			"to": [13.12132, 1, 9.12132],
			"rotation": {"angle": 0, "axis": "y", "origin": [12.62132, 0.5, 7.62132]},
			"faces": {
				"north": {"uv": [0.75, 2.25, 0, 2.25], "rotation": 270, "texture": "#0"},
				"east": {"uv": [0.75, 2.25, 0, 2.25], "rotation": 270, "texture": "#0"},
				"south": {"uv": [0.75, 2.25, 0, 2.25], "rotation": 270, "texture": "#0"},
				"west": {"uv": [0.75, 2.25, 0, 2.25], "rotation": 270, "texture": "#0"},
				"up": {"uv": [0.75, 2.25, 0, 2.25], "rotation": 270, "texture": "#0"},
				"down": {"uv": [0.75, 2.25, 0, 2.25], "rotation": 270, "texture": "#0"}
			}
		},
		{
			"from": [12.72132, 0, 7.12132],
			"to": [13.12132, 3, 8.12132],
			"rotation": {"angle": -45, "axis": "x", "origin": [12.62132, 1.5, 7.62132]},
			"faces": {
				"north": {"uv": [0.25, 5.5, 0, 4], "rotation": 270, "texture": "#0"},
				"east": {"uv": [0.25, 5.5, 0, 4], "rotation": 270, "texture": "#0"},
				"south": {"uv": [0.25, 5.5, 0, 4], "rotation": 270, "texture": "#0"},
				"west": {"uv": [0.25, 5.5, 0, 4], "rotation": 270, "texture": "#0"},
				"up": {"uv": [0.25, 5.5, 0, 4], "rotation": 270, "texture": "#0"},
				"down": {"uv": [0.25, 5.5, 0, 4], "rotation": 270, "texture": "#0"}
			}
		},
		{
			"from": [12.72132, 2.28427, 5.59502],
			"to": [13.12132, 5.28427, 6.59502],
			"rotation": {"angle": -22.5, "axis": "x", "origin": [12.62132, 3.78427, 6.09502]},
			"faces": {
				"north": {"uv": [0.25, 4.25, 0, 4.25], "rotation": 270, "texture": "#0"},
				"east": {"uv": [0.25, 4.25, 0, 4.25], "rotation": 270, "texture": "#0"},
				"south": {"uv": [0.25, 4.25, 0, 4.25], "rotation": 270, "texture": "#0"},
				"west": {"uv": [0.25, 4.25, 0, 4.25], "rotation": 270, "texture": "#0"},
				"up": {"uv": [0.25, 4.25, 0, 4.25], "rotation": 270, "texture": "#0"},
				"down": {"uv": [0.25, 4.25, 0, 4.25], "rotation": 270, "texture": "#0"}
			}
		},
		{
			"from": [6.57132, 6.24484, 8.49055],
			"to": [7.17132, 8.26984, 9.49055],
			"rotation": {"angle": 22.5, "axis": "x", "origin": [6.87132, 7.74484, 8.99055]},
			"faces": {
				"north": {"uv": [2.75, 10.25, 2.25, 7.5], "rotation": 270, "texture": "#0"},
				"east": {"uv": [2.75, 10.25, 2.25, 7.5], "rotation": 270, "texture": "#0"},
				"south": {"uv": [2.75, 10.25, 2.25, 7.5], "rotation": 270, "texture": "#0"},
				"west": {"uv": [2.75, 10.25, 2.25, 7.5], "rotation": 270, "texture": "#0"},
				"up": {"uv": [2.75, 10.25, 2.25, 7.5], "rotation": 270, "texture": "#0"},
				"down": {"uv": [2.75, 10.25, 2.25, 7.5], "rotation": 270, "texture": "#0"}
			}
		},
		{
			"from": [6.57132, 4.65, 7.65368],
			"to": [7.17132, 6.675, 8.65368],
			"rotation": {"angle": 45, "axis": "x", "origin": [6.87132, 6.15, 8.15368]},
			"faces": {
				"north": {"uv": [1, 10.25, 0.5, 7.5], "rotation": 270, "texture": "#0"},
				"east": {"uv": [1, 10.25, 0.5, 7.5], "rotation": 270, "texture": "#0"},
				"south": {"uv": [1, 10.25, 0.5, 7.5], "rotation": 270, "texture": "#0"},
				"west": {"uv": [1, 10.25, 0.5, 7.5], "rotation": 270, "texture": "#0"},
				"up": {"uv": [1, 10.25, 0.5, 7.5], "rotation": 270, "texture": "#0"},
				"down": {"uv": [1, 10.25, 0.5, 7.5], "rotation": 270, "texture": "#0"}
			}
		},
		{
			"from": [10.20711, 0, 4.91421],
			"to": [13.20711, 1, 5.91421],
			"rotation": {"angle": -45, "axis": "y", "origin": [11.70711, 0.5, 5.41421]},
			"faces": {
				"north": {"uv": [0.75, 7, 0, 5], "rotation": 270, "texture": "#0"},
				"east": {"uv": [0.75, 7, 0, 5], "rotation": 270, "texture": "#0"},
				"south": {"uv": [0.75, 7, 0, 5], "rotation": 270, "texture": "#0"},
				"west": {"uv": [0.75, 7, 0, 5], "rotation": 270, "texture": "#0"},
				"up": {"uv": [0.75, 7, 0, 5], "rotation": 270, "texture": "#0"},
				"down": {"uv": [0.75, 7, 0, 5], "rotation": 270, "texture": "#0"}
			}
		},
		{
			"from": [5.87868, 0, 6.12132],
			"to": [6.87868, 1, 9.12132],
			"rotation": {"angle": 0, "axis": "y", "origin": [6.98816, 0.5, 7.62132]},
			"faces": {
				"north": {"uv": [0.75, 3, 0, 1.25], "rotation": 270, "texture": "#0"},
				"east": {"uv": [0.75, 3, 0, 1.25], "rotation": 270, "texture": "#0"},
				"south": {"uv": [0.75, 3, 0, 1.25], "rotation": 270, "texture": "#0"},
				"west": {"uv": [0.75, 3, 0, 1.25], "rotation": 270, "texture": "#0"},
				"up": {"uv": [0.75, 3, 0, 1.25], "rotation": 270, "texture": "#0"},
				"down": {"uv": [0.75, 3, 0, 1.25], "rotation": 270, "texture": "#0"}
			}
		},
		{
			"from": [7.2643, 0, 8.4665],
			"to": [10.2643, 1, 9.4665],
			"rotation": {"angle": -45, "axis": "y", "origin": [6.98816, 0.5, 7.62132]},
			"faces": {
				"north": {"uv": [4.25, 6.25, 3.5, 3.5], "rotation": 270, "texture": "#0"},
				"east": {"uv": [4.25, 6.25, 3.5, 3.5], "rotation": 270, "texture": "#0"},
				"south": {"uv": [4.25, 6.25, 3.5, 3.5], "rotation": 270, "texture": "#0"},
				"west": {"uv": [4.25, 6.25, 3.5, 3.5], "rotation": 270, "texture": "#0"},
				"up": {"uv": [4.25, 6.25, 3.5, 3.5], "rotation": 270, "texture": "#0"},
				"down": {"uv": [4.25, 6.25, 3.5, 3.5], "rotation": 270, "texture": "#0"}
			}
		},
		{
			"from": [8.7357, 0, 8.4665],
			"to": [11.7357, 1, 9.4665],
			"rotation": {"angle": 45, "axis": "y", "origin": [12.01184, 0.5, 7.62132]},
			"faces": {
				"north": {"uv": [4.25, 7, 3.5, 4.25], "rotation": 270, "texture": "#0"},
				"east": {"uv": [4.25, 7, 3.5, 4.25], "rotation": 270, "texture": "#0"},
				"south": {"uv": [4.25, 7, 3.5, 4.25], "rotation": 270, "texture": "#0"},
				"west": {"uv": [4.25, 7, 3.5, 4.25], "rotation": 270, "texture": "#0"},
				"up": {"uv": [4.25, 7, 3.5, 4.25], "rotation": 270, "texture": "#0"},
				"down": {"uv": [4.25, 7, 3.5, 4.25], "rotation": 270, "texture": "#0"}
			}
		},
		{
			"from": [8, 0, 10.24264],
			"to": [11, 1, 11.24264],
			"rotation": {"angle": 0, "axis": "y", "origin": [7.72386, 0.5, 9.39746]},
			"faces": {
				"north": {"uv": [4.25, 6.75, 3.5, 4], "rotation": 270, "texture": "#0"},
				"east": {"uv": [4.25, 6.75, 3.5, 4], "rotation": 270, "texture": "#0"},
				"south": {"uv": [4.25, 6.75, 3.5, 4], "rotation": 270, "texture": "#0"},
				"west": {"uv": [4.25, 6.75, 3.5, 4], "rotation": 270, "texture": "#0"},
				"up": {"uv": [4.25, 6.75, 3.5, 4], "rotation": 270, "texture": "#0"},
				"down": {"uv": [4.25, 6.75, 3.5, 4], "rotation": 270, "texture": "#0"}
			}
		},
		{
			"from": [5.14298, 0, 4.34518],
			"to": [6.14298, 1, 7.34518],
			"rotation": {"angle": -45, "axis": "y", "origin": [6.98816, 0.5, 7.62132]},
			"faces": {
				"north": {"uv": [0.75, 3, 0, 2.5], "rotation": 270, "texture": "#0"},
				"east": {"uv": [0.75, 3, 0, 2.5], "rotation": 270, "texture": "#0"},
				"south": {"uv": [0.75, 3, 0, 2.5], "rotation": 270, "texture": "#0"},
				"west": {"uv": [0.75, 3, 0, 2.5], "rotation": 270, "texture": "#0"},
				"up": {"uv": [0.75, 3, 0, 2.5], "rotation": 270, "texture": "#0"},
				"down": {"uv": [0.75, 3, 0, 2.5], "rotation": 270, "texture": "#0"}
			}
		},
		{
			"from": [5.14298, 7.7, 4.17018],
			"to": [6.14298, 8.7, 7.17018],
			"rotation": {"angle": -45, "axis": "y", "origin": [6.98816, 8.2, 7.44632]},
			"faces": {
				"north": {"uv": [2.5, 6.75, 1.75, 4.5], "rotation": 270, "texture": "#0"},
				"east": {"uv": [2.5, 6.75, 1.75, 4.5], "rotation": 270, "texture": "#0"},
				"south": {"uv": [2.5, 6.75, 1.75, 4.5], "rotation": 270, "texture": "#0"},
				"west": {"uv": [2.5, 6.75, 1.75, 4.5], "rotation": 270, "texture": "#0"},
				"up": {"uv": [2.5, 6.75, 1.75, 4.5], "rotation": 270, "texture": "#0"},
				"down": {"uv": [2.5, 6.75, 1.75, 4.5], "rotation": 270, "texture": "#0"}
			}
		},
		{
			"from": [5.87868, 7.7, 5.94632],
			"to": [6.87868, 8.7, 8.94632],
			"rotation": {"angle": 0, "axis": "y", "origin": [6.98816, 8.2, 7.44632]},
			"faces": {
				"north": {"uv": [1.5, 7.5, 0.75, 5.25], "rotation": 270, "texture": "#0"},
				"east": {"uv": [1.5, 7.5, 0.75, 5.25], "rotation": 270, "texture": "#0"},
				"south": {"uv": [1.5, 7.5, 0.75, 5.25], "rotation": 270, "texture": "#0"},
				"west": {"uv": [1.5, 7.5, 0.75, 5.25], "rotation": 270, "texture": "#0"},
				"up": {"uv": [1.5, 7.5, 0.75, 5.25], "rotation": 270, "texture": "#0"},
				"down": {"uv": [1.5, 7.5, 0.75, 5.25], "rotation": 270, "texture": "#0"}
			}
		},
		{
			"from": [7.2643, 7.7, 8.2915],
			"to": [10.2643, 8.7, 9.2915],
			"rotation": {"angle": -45, "axis": "y", "origin": [6.98816, 8.2, 7.44632]},
			"faces": {
				"north": {"uv": [1.75, 10.5, 1, 7.75], "rotation": 270, "texture": "#0"},
				"east": {"uv": [1.75, 10.5, 1, 7.75], "rotation": 270, "texture": "#0"},
				"south": {"uv": [1.75, 10.5, 1, 7.75], "rotation": 270, "texture": "#0"},
				"west": {"uv": [1.75, 10.5, 1, 7.75], "rotation": 270, "texture": "#0"},
				"up": {"uv": [1.75, 10.5, 1, 7.75], "rotation": 270, "texture": "#0"},
				"down": {"uv": [1.75, 10.5, 1, 7.75], "rotation": 270, "texture": "#0"}
			}
		},
		{
			"from": [8, 7.7, 10.06764],
			"to": [11, 8.7, 11.06764],
			"rotation": {"angle": 0, "axis": "y", "origin": [7.72386, 8.2, 9.22246]},
			"faces": {
				"north": {"uv": [1.5, 10.5, 0.75, 7.75], "rotation": 270, "texture": "#0"},
				"east": {"uv": [1.5, 10.5, 0.75, 7.75], "rotation": 270, "texture": "#0"},
				"south": {"uv": [1.5, 10.5, 0.75, 7.75], "rotation": 270, "texture": "#0"},
				"west": {"uv": [1.5, 10.5, 0.75, 7.75], "rotation": 270, "texture": "#0"},
				"up": {"uv": [1.5, 10.5, 0.75, 7.75], "rotation": 270, "texture": "#0"},
				"down": {"uv": [1.5, 10.5, 0.75, 7.75], "rotation": 270, "texture": "#0"}
			}
		},
		{
			"from": [8.7357, 7.7, 8.2915],
			"to": [11.7357, 8.7, 9.2915],
			"rotation": {"angle": 45, "axis": "y", "origin": [12.01184, 8.2, 7.44632]},
			"faces": {
				"north": {"uv": [1.25, 10.5, 0.5, 7.75], "rotation": 270, "texture": "#0"},
				"east": {"uv": [1.25, 10.5, 0.5, 7.75], "rotation": 270, "texture": "#0"},
				"south": {"uv": [1.25, 10.5, 0.5, 7.75], "rotation": 270, "texture": "#0"},
				"west": {"uv": [1.25, 10.5, 0.5, 7.75], "rotation": 270, "texture": "#0"},
				"up": {"uv": [1.25, 10.5, 0.5, 7.75], "rotation": 270, "texture": "#0"},
				"down": {"uv": [1.25, 10.5, 0.5, 7.75], "rotation": 270, "texture": "#0"}
			}
		},
		{
			"from": [12.12132, 7.7, 5.94632],
			"to": [13.12132, 8.7, 8.94632],
			"rotation": {"angle": 0, "axis": "y", "origin": [12.62132, 8.2, 7.44632]},
			"faces": {
				"north": {"uv": [0.75, 5.5, 0, 5], "rotation": 270, "texture": "#0"},
				"east": {"uv": [0.75, 5.5, 0, 5], "rotation": 270, "texture": "#0"},
				"south": {"uv": [0.75, 5.5, 0, 5], "rotation": 270, "texture": "#0"},
				"west": {"uv": [0.75, 5.5, 0, 5], "rotation": 270, "texture": "#0"},
				"up": {"uv": [0.75, 5.5, 0, 5], "rotation": 270, "texture": "#0"},
				"down": {"uv": [0.75, 5.5, 0, 5], "rotation": 270, "texture": "#0"}
			}
		},
		{
			"from": [10.20711, 7.7, 4.73921],
			"to": [13.20711, 8.7, 5.73921],
			"rotation": {"angle": -45, "axis": "y", "origin": [11.70711, 8.2, 5.23921]},
			"faces": {
				"north": {"uv": [0.75, 10.5, 0, 7.75], "rotation": 270, "texture": "#0"},
				"east": {"uv": [0.75, 10.5, 0, 7.75], "rotation": 270, "texture": "#0"},
				"south": {"uv": [0.75, 10.5, 0, 7.75], "rotation": 270, "texture": "#0"},
				"west": {"uv": [0.75, 10.5, 0, 7.75], "rotation": 270, "texture": "#0"},
				"up": {"uv": [0.75, 10.5, 0, 7.75], "rotation": 270, "texture": "#0"},
				"down": {"uv": [0.75, 10.5, 0, 7.75], "rotation": 270, "texture": "#0"}
			}
		},
		{
			"from": [8, 7.7, 3.825],
			"to": [11, 8.7, 4.825],
			"rotation": {"angle": 0, "axis": "y", "origin": [0, 7.7, -0.175]},
			"faces": {
				"north": {"uv": [0.75, 10.25, 0, 7.75], "rotation": 270, "texture": "#0"},
				"east": {"uv": [0.75, 10.25, 0, 7.75], "rotation": 270, "texture": "#0"},
				"south": {"uv": [0.75, 10.25, 0, 7.75], "rotation": 270, "texture": "#0"},
				"west": {"uv": [0.75, 10.25, 0, 7.75], "rotation": 270, "texture": "#0"},
				"up": {"uv": [0.75, 10.25, 0, 7.75], "rotation": 270, "texture": "#0"},
				"down": {"uv": [0.75, 10.25, 0, 7.75], "rotation": 270, "texture": "#0"}
			}
		},
		{
			"from": [12.52132, 4.7, 4.87132],
			"to": [13.52132, 5.7, 7.87132],
			"rotation": {"angle": 22.5, "axis": "y", "origin": [9.9, 5.2, 6.37132]},
			"faces": {
				"north": {"uv": [1.75, 6.5, 1, 4.25], "rotation": 270, "texture": "#0"},
				"east": {"uv": [1.75, 6.5, 1, 4.25], "rotation": 270, "texture": "#0"},
				"south": {"uv": [1.75, 6.5, 1, 4.25], "rotation": 270, "texture": "#0"},
				"west": {"uv": [1.75, 6.5, 1, 4.25], "rotation": 270, "texture": "#0"},
				"up": {"uv": [1.75, 6.5, 1, 4.25], "rotation": 270, "texture": "#0"},
				"down": {"uv": [1.75, 6.5, 1, 4.25], "rotation": 270, "texture": "#0"}
			}
		},
		{
			"from": [8.4, 4.7, 2.75],
			"to": [11.4, 5.7, 3.75],
			"rotation": {"angle": -22.5, "axis": "y", "origin": [9.9, 5.2, 6.37132]},
			"faces": {
				"north": {"uv": [0.75, 8.5, 0, 7.75], "rotation": 270, "texture": "#0"},
				"east": {"uv": [0.75, 8.5, 0, 7.75], "rotation": 270, "texture": "#0"},
				"south": {"uv": [0.75, 8.5, 0, 7.75], "rotation": 270, "texture": "#0"},
				"west": {"uv": [0.75, 8.5, 0, 7.75], "rotation": 270, "texture": "#0"},
				"up": {"uv": [0.75, 8.5, 0, 7.75], "rotation": 270, "texture": "#0"},
				"down": {"uv": [0.75, 8.5, 0, 7.75], "rotation": 270, "texture": "#0"}
			}
		},
		{
			"from": [12.52132, 4.7, 4.87132],
			"to": [13.52132, 5.7, 7.87132],
			"rotation": {"angle": -22.5, "axis": "y", "origin": [9.9, 5.2, 6.37132]},
			"faces": {
				"north": {"uv": [0.75, 6, 0, 4.25], "rotation": 270, "texture": "#0"},
				"east": {"uv": [0.75, 6, 0, 4.25], "rotation": 270, "texture": "#0"},
				"south": {"uv": [0.75, 6, 0, 4.25], "rotation": 270, "texture": "#0"},
				"west": {"uv": [0.75, 6, 0, 4.25], "rotation": 270, "texture": "#0"},
				"up": {"uv": [0.75, 6, 0, 4.25], "rotation": 270, "texture": "#0"},
				"down": {"uv": [0.75, 6, 0, 4.25], "rotation": 270, "texture": "#0"}
			}
		},
		{
			"from": [8.4, 4.7, 2.75],
			"to": [11.4, 5.7, 3.75],
			"rotation": {"angle": 22.5, "axis": "y", "origin": [9.9, 5.2, 6.37132]},
			"faces": {
				"north": {"uv": [4.25, 10.25, 3.5, 7.5], "rotation": 270, "texture": "#0"},
				"east": {"uv": [4.25, 10.25, 3.5, 7.5], "rotation": 270, "texture": "#0"},
				"south": {"uv": [4.25, 10.25, 3.5, 7.5], "rotation": 270, "texture": "#0"},
				"west": {"uv": [4.25, 10.25, 3.5, 7.5], "rotation": 270, "texture": "#0"},
				"up": {"uv": [4.25, 10.25, 3.5, 7.5], "rotation": 270, "texture": "#0"},
				"down": {"uv": [4.25, 10.25, 3.5, 7.5], "rotation": 270, "texture": "#0"}
			}
		},
		{
			"from": [6.27868, 4.7, 4.87132],
			"to": [7.27868, 5.7, 7.87132],
			"rotation": {"angle": 22.5, "axis": "y", "origin": [9.9, 5.2, 6.37132]},
			"faces": {
				"north": {"uv": [1.25, 5.25, 0.5, 3], "rotation": 270, "texture": "#0"},
				"east": {"uv": [1.25, 5.25, 0.5, 3], "rotation": 270, "texture": "#0"},
				"south": {"uv": [1.25, 5.25, 0.5, 3], "rotation": 270, "texture": "#0"},
				"west": {"uv": [1.25, 5.25, 0.5, 3], "rotation": 270, "texture": "#0"},
				"up": {"uv": [1.25, 5.25, 0.5, 3], "rotation": 270, "texture": "#0"},
				"down": {"uv": [1.25, 5.25, 0.5, 3], "rotation": 270, "texture": "#0"}
			}
		},
		{
			"from": [6.27868, 4.7, 4.87132],
			"to": [7.27868, 5.7, 7.87132],
			"rotation": {"angle": -22.5, "axis": "y", "origin": [9.9, 5.2, 6.37132]},
			"faces": {
				"north": {"uv": [1.25, 4, 0.5, 1.75], "rotation": 270, "texture": "#0"},
				"east": {"uv": [1.25, 4, 0.5, 1.75], "rotation": 270, "texture": "#0"},
				"south": {"uv": [1.25, 4, 0.5, 1.75], "rotation": 270, "texture": "#0"},
				"west": {"uv": [1.25, 4, 0.5, 1.75], "rotation": 270, "texture": "#0"},
				"up": {"uv": [1.25, 4, 0.5, 1.75], "rotation": 270, "texture": "#0"},
				"down": {"uv": [1.25, 4, 0.5, 1.75], "rotation": 270, "texture": "#0"}
			}
		},
		{
			"from": [8.4, 4.7, 8.99264],
			"to": [11.4, 5.7, 9.99264],
			"rotation": {"angle": -22.5, "axis": "y", "origin": [9.9, 5.2, 6.37132]},
			"faces": {
				"north": {"uv": [4.25, 9, 3.5, 6.25], "rotation": 270, "texture": "#0"},
				"east": {"uv": [4.25, 9, 3.5, 6.25], "rotation": 270, "texture": "#0"},
				"south": {"uv": [4.25, 9, 3.5, 6.25], "rotation": 270, "texture": "#0"},
				"west": {"uv": [4.25, 9, 3.5, 6.25], "rotation": 270, "texture": "#0"},
				"up": {"uv": [4.25, 9, 3.5, 6.25], "rotation": 270, "texture": "#0"},
				"down": {"uv": [4.25, 9, 3.5, 6.25], "rotation": 270, "texture": "#0"}
			}
		},
		{
			"from": [8.4, 4.7, 8.99264],
			"to": [11.4, 5.7, 9.99264],
			"rotation": {"angle": 22.5, "axis": "y", "origin": [9.9, 5.2, 6.37132]},
			"faces": {
				"north": {"uv": [2.75, 10.25, 2, 7.5], "rotation": 270, "texture": "#0"},
				"east": {"uv": [2.75, 10.25, 2, 7.5], "rotation": 270, "texture": "#0"},
				"south": {"uv": [2.75, 10.25, 2, 7.5], "rotation": 270, "texture": "#0"},
				"west": {"uv": [2.75, 10.25, 2, 7.5], "rotation": 270, "texture": "#0"},
				"up": {"uv": [2.75, 10.25, 2, 7.5], "rotation": 270, "texture": "#0"},
				"down": {"uv": [2.75, 10.25, 2, 7.5], "rotation": 270, "texture": "#0"}
			}
		},
		{
			"from": [11.63597, 0.125, 5.06348],
			"to": [12.63597, 0.875, 6.06348],
			"rotation": {"angle": 45, "axis": "y", "origin": [9.48492, 0.5, 7.48952]},
			"faces": {
				"north": {"uv": [14.5, 11.25, 13.75, 8.5], "rotation": 270, "texture": "#0"},
				"east": {"uv": [14.5, 11.25, 13.75, 8.5], "rotation": 270, "texture": "#0"},
				"south": {"uv": [14.5, 11.25, 13.75, 8.5], "rotation": 270, "texture": "#0"},
				"west": {"uv": [14.5, 11.25, 13.75, 8.5], "rotation": 270, "texture": "#0"},
				"up": {"uv": [14.5, 11.25, 13.75, 8.5], "rotation": 270, "texture": "#0"},
				"down": {"uv": [14.5, 11.25, 13.75, 8.5], "rotation": 270, "texture": "#0"}
			}
		},
		{
			"from": [10.73597, 0.125, 4.11348],
			"to": [11.73597, 0.875, 5.11348],
			"rotation": {"angle": 45, "axis": "y", "origin": [9.48492, 0.5, 7.48952]},
			"faces": {
				"north": {"uv": [13.75, 11.25, 13, 8.5], "rotation": 270, "texture": "#0"},
				"east": {"uv": [13.75, 11.25, 13, 8.5], "rotation": 270, "texture": "#0"},
				"south": {"uv": [13.75, 11.25, 13, 8.5], "rotation": 270, "texture": "#0"},
				"west": {"uv": [13.75, 11.25, 13, 8.5], "rotation": 270, "texture": "#0"},
				"up": {"uv": [13.75, 11.25, 13, 8.5], "rotation": 270, "texture": "#0"},
				"down": {"uv": [13.75, 11.25, 13, 8.5], "rotation": 270, "texture": "#0"}
			}
		},
		{
			"from": [6.90888, 0.125, 9.94056],
			"to": [7.90888, 0.875, 10.94056],
			"rotation": {"angle": 45, "axis": "y", "origin": [9.48492, 0.5, 7.48952]},
			"faces": {
				"north": {"uv": [13, 11.25, 12.25, 8.5], "rotation": 270, "texture": "#0"},
				"east": {"uv": [13, 11.25, 12.25, 8.5], "rotation": 270, "texture": "#0"},
				"south": {"uv": [13, 11.25, 12.25, 8.5], "rotation": 270, "texture": "#0"},
				"west": {"uv": [13, 11.25, 12.25, 8.5], "rotation": 270, "texture": "#0"},
				"up": {"uv": [13, 11.25, 12.25, 8.5], "rotation": 270, "texture": "#0"},
				"down": {"uv": [13, 11.25, 12.25, 8.5], "rotation": 270, "texture": "#0"}
			}
		},
		{
			"from": [5.95888, 0.125, 9.04056],
			"to": [6.95888, 0.875, 10.04056],
			"rotation": {"angle": 45, "axis": "y", "origin": [9.48492, 0.5, 7.48952]},
			"faces": {
				"north": {"uv": [12.25, 11.25, 11.5, 8.5], "rotation": 270, "texture": "#0"},
				"east": {"uv": [12.25, 11.25, 11.5, 8.5], "rotation": 270, "texture": "#0"},
				"south": {"uv": [12.25, 11.25, 11.5, 8.5], "rotation": 270, "texture": "#0"},
				"west": {"uv": [12.25, 11.25, 11.5, 8.5], "rotation": 270, "texture": "#0"},
				"up": {"uv": [12.25, 11.25, 11.5, 8.5], "rotation": 270, "texture": "#0"},
				"down": {"uv": [12.25, 11.25, 11.5, 8.5], "rotation": 270, "texture": "#0"}
			}
		},
		{
			"from": [10.775, 0.125, 9.925],
			"to": [11.775, 0.875, 10.925],
			"rotation": {"angle": 0, "axis": "y", "origin": [16, 0, 16]},
			"faces": {
				"north": {"uv": [11.5, 11.25, 10.75, 8.5], "rotation": 270, "texture": "#0"},
				"east": {"uv": [11.5, 11.25, 10.75, 8.5], "rotation": 270, "texture": "#0"},
				"south": {"uv": [11.5, 11.25, 10.75, 8.5], "rotation": 270, "texture": "#0"},
				"west": {"uv": [11.5, 11.25, 10.75, 8.5], "rotation": 270, "texture": "#0"},
				"up": {"uv": [11.5, 11.25, 10.75, 8.5], "rotation": 270, "texture": "#0"},
				"down": {"uv": [11.5, 11.25, 10.75, 8.5], "rotation": 270, "texture": "#0"}
			}
		},
		{
			"from": [11.725, 0.125, 9.025],
			"to": [12.725, 0.875, 10.025],
			"rotation": {"angle": 0, "axis": "y", "origin": [16, 0, 16]},
			"faces": {
				"north": {"uv": [10.75, 11.25, 10, 8.5], "rotation": 270, "texture": "#0"},
				"east": {"uv": [10.75, 11.25, 10, 8.5], "rotation": 270, "texture": "#0"},
				"south": {"uv": [10.75, 11.25, 10, 8.5], "rotation": 270, "texture": "#0"},
				"west": {"uv": [10.75, 11.25, 10, 8.5], "rotation": 270, "texture": "#0"},
				"up": {"uv": [10.75, 11.25, 10, 8.5], "rotation": 270, "texture": "#0"},
				"down": {"uv": [10.75, 11.25, 10, 8.5], "rotation": 270, "texture": "#0"}
			}
		},
		{
			"from": [9.075, 0.125, 9.575],
			"to": [10.075, 0.875, 10.575],
			"rotation": {"angle": 45, "axis": "y", "origin": [8.85, 0.5, 5.05]},
			"faces": {
				"north": {"uv": [10, 11.25, 9.25, 8.5], "rotation": 270, "texture": "#0"},
				"east": {"uv": [10, 11.25, 9.25, 8.5], "rotation": 270, "texture": "#0"},
				"south": {"uv": [10, 11.25, 9.25, 8.5], "rotation": 270, "texture": "#0"},
				"west": {"uv": [10, 11.25, 9.25, 8.5], "rotation": 270, "texture": "#0"},
				"up": {"uv": [10, 11.25, 9.25, 8.5], "rotation": 270, "texture": "#0"},
				"down": {"uv": [10, 11.25, 9.25, 8.5], "rotation": 270, "texture": "#0"}
			}
		},
		{
			"from": [9.975, 0.125, 8.625],
			"to": [10.975, 0.875, 9.625],
			"rotation": {"angle": 45, "axis": "y", "origin": [8.85, 0.5, 5.05]},
			"faces": {
				"north": {"uv": [10, 10.5, 9.25, 8.5], "rotation": 270, "texture": "#0"},
				"east": {"uv": [10, 10.5, 9.25, 8.5], "rotation": 270, "texture": "#0"},
				"south": {"uv": [10, 10.5, 9.25, 8.5], "rotation": 270, "texture": "#0"},
				"west": {"uv": [10, 10.5, 9.25, 8.5], "rotation": 270, "texture": "#0"},
				"up": {"uv": [10, 10.5, 9.25, 8.5], "rotation": 270, "texture": "#0"},
				"down": {"uv": [10, 10.5, 9.25, 8.5], "rotation": 270, "texture": "#0"}
			}
		},
		{
			"from": [11.65, 0.125, 5],
			"to": [12.65, 0.875, 6],
			"rotation": {"angle": 0, "axis": "y", "origin": [16, 0, 0]},
			"faces": {
				"north": {"uv": [10, 9.75, 9.25, 8.5], "rotation": 270, "texture": "#0"},
				"east": {"uv": [10, 9.75, 9.25, 8.5], "rotation": 270, "texture": "#0"},
				"south": {"uv": [10, 9.75, 9.25, 8.5], "rotation": 270, "texture": "#0"},
				"west": {"uv": [10, 9.75, 9.25, 8.5], "rotation": 270, "texture": "#0"},
				"up": {"uv": [10, 9.75, 9.25, 8.5], "rotation": 270, "texture": "#0"},
				"down": {"uv": [10, 9.75, 9.25, 8.5], "rotation": 270, "texture": "#0"}
			}
		},
		{
			"from": [10.7, 0.125, 4.1],
			"to": [11.7, 0.875, 5.1],
			"rotation": {"angle": 0, "axis": "y", "origin": [16, 0, 0]},
			"faces": {
				"north": {"uv": [10, 9, 9.25, 8.5], "rotation": 270, "texture": "#0"},
				"east": {"uv": [10, 9, 9.25, 8.5], "rotation": 270, "texture": "#0"},
				"south": {"uv": [10, 9, 9.25, 8.5], "rotation": 270, "texture": "#0"},
				"west": {"uv": [10, 9, 9.25, 8.5], "rotation": 270, "texture": "#0"},
				"up": {"uv": [10, 9, 9.25, 8.5], "rotation": 270, "texture": "#0"},
				"down": {"uv": [10, 9, 9.25, 8.5], "rotation": 270, "texture": "#0"}
			}
		},
		{
			"from": [7.125, 0.125, 4.1],
			"to": [8.125, 0.875, 5.1],
			"faces": {
				"north": {"uv": [14.25, 10.75, 13.5, 8], "rotation": 270, "texture": "#0"},
				"east": {"uv": [14.25, 10.75, 13.5, 8], "rotation": 270, "texture": "#0"},
				"south": {"uv": [14.25, 10.75, 13.5, 8], "rotation": 270, "texture": "#0"},
				"west": {"uv": [14.25, 10.75, 13.5, 8], "rotation": 270, "texture": "#0"},
				"up": {"uv": [14.25, 10.75, 13.5, 8], "rotation": 270, "texture": "#0"},
				"down": {"uv": [14.25, 10.75, 13.5, 8], "rotation": 270, "texture": "#0"}
			}
		},
		{
			"from": [6.175, 0.125, 5],
			"to": [7.175, 0.875, 6],
			"faces": {
				"north": {"uv": [14.25, 10, 13.5, 7.25], "rotation": 270, "texture": "#0"},
				"east": {"uv": [14.25, 10, 13.5, 7.25], "rotation": 270, "texture": "#0"},
				"south": {"uv": [14.25, 10, 13.5, 7.25], "rotation": 270, "texture": "#0"},
				"west": {"uv": [14.25, 10, 13.5, 7.25], "rotation": 270, "texture": "#0"},
				"up": {"uv": [14.25, 10, 13.5, 7.25], "rotation": 270, "texture": "#0"},
				"down": {"uv": [14.25, 10, 13.5, 7.25], "rotation": 270, "texture": "#0"}
			}
		},
		{
			"from": [7.2, 0.125, 6.6],
			"to": [8.2, 0.875, 7.6],
			"rotation": {"angle": -45, "axis": "y", "origin": [7.15, 0.5, 5.05]},
			"faces": {
				"north": {"uv": [14.25, 9.25, 13.5, 6.5], "rotation": 270, "texture": "#0"},
				"east": {"uv": [14.25, 9.25, 13.5, 6.5], "rotation": 270, "texture": "#0"},
				"south": {"uv": [14.25, 9.25, 13.5, 6.5], "rotation": 270, "texture": "#0"},
				"west": {"uv": [14.25, 9.25, 13.5, 6.5], "rotation": 270, "texture": "#0"},
				"up": {"uv": [14.25, 9.25, 13.5, 6.5], "rotation": 270, "texture": "#0"},
				"down": {"uv": [14.25, 9.25, 13.5, 6.5], "rotation": 270, "texture": "#0"}
			}
		},
		{
			"from": [8.1, 0.125, 7.55],
			"to": [9.1, 0.875, 8.55],
			"rotation": {"angle": -45, "axis": "y", "origin": [7.15, 0.5, 5.05]},
			"faces": {
				"north": {"uv": [14.25, 8.5, 13.5, 5.75], "rotation": 270, "texture": "#0"},
				"east": {"uv": [14.25, 8.5, 13.5, 5.75], "rotation": 270, "texture": "#0"},
				"south": {"uv": [14.25, 8.5, 13.5, 5.75], "rotation": 270, "texture": "#0"},
				"west": {"uv": [14.25, 8.5, 13.5, 5.75], "rotation": 270, "texture": "#0"},
				"up": {"uv": [14.25, 8.5, 13.5, 5.75], "rotation": 270, "texture": "#0"},
				"down": {"uv": [14.25, 8.5, 13.5, 5.75], "rotation": 270, "texture": "#0"}
			}
		},
		{
			"from": [7.2, 0.125, 9.925],
			"to": [8.2, 0.875, 10.925],
			"rotation": {"angle": 0, "axis": "y", "origin": [0, 0, 16]},
			"faces": {
				"north": {"uv": [14.25, 7.75, 13.5, 5], "rotation": 270, "texture": "#0"},
				"east": {"uv": [14.25, 7.75, 13.5, 5], "rotation": 270, "texture": "#0"},
				"south": {"uv": [14.25, 7.75, 13.5, 5], "rotation": 270, "texture": "#0"},
				"west": {"uv": [14.25, 7.75, 13.5, 5], "rotation": 270, "texture": "#0"},
				"up": {"uv": [14.25, 7.75, 13.5, 5], "rotation": 270, "texture": "#0"},
				"down": {"uv": [14.25, 7.75, 13.5, 5], "rotation": 270, "texture": "#0"}
			}
		},
		{
			"from": [6.25, 0.125, 9.025],
			"to": [7.25, 0.875, 10.025],
			"rotation": {"angle": 0, "axis": "y", "origin": [0, 0, 16]},
			"faces": {
				"north": {"uv": [14.25, 7, 13.5, 4.25], "rotation": 270, "texture": "#0"},
				"east": {"uv": [14.25, 7, 13.5, 4.25], "rotation": 270, "texture": "#0"},
				"south": {"uv": [14.25, 7, 13.5, 4.25], "rotation": 270, "texture": "#0"},
				"west": {"uv": [14.25, 7, 13.5, 4.25], "rotation": 270, "texture": "#0"},
				"up": {"uv": [14.25, 7, 13.5, 4.25], "rotation": 270, "texture": "#0"},
				"down": {"uv": [14.25, 7, 13.5, 4.25], "rotation": 270, "texture": "#0"}
			}
		},
		{
			"from": [10.05, 7.85, 8.35],
			"to": [11.05, 8.6, 9.35],
			"rotation": {"angle": 45, "axis": "y", "origin": [8.925, 8.225, 4.775]},
			"faces": {
				"north": {"uv": [11.5, 11.75, 10.75, 9], "rotation": 270, "texture": "#0"},
				"east": {"uv": [11.5, 11.75, 10.75, 9], "rotation": 270, "texture": "#0"},
				"south": {"uv": [11.5, 11.75, 10.75, 9], "rotation": 270, "texture": "#0"},
				"west": {"uv": [11.5, 11.75, 10.75, 9], "rotation": 270, "texture": "#0"},
				"up": {"uv": [11.5, 11.75, 10.75, 9], "rotation": 270, "texture": "#0"},
				"down": {"uv": [11.5, 11.75, 10.75, 9], "rotation": 270, "texture": "#0"}
			}
		},
		{
			"from": [9.15, 7.85, 9.3],
			"to": [10.15, 8.6, 10.3],
			"rotation": {"angle": 45, "axis": "y", "origin": [8.925, 8.225, 4.775]},
			"faces": {
				"north": {"uv": [10.75, 11.75, 10, 9], "rotation": 270, "texture": "#0"},
				"east": {"uv": [10.75, 11.75, 10, 9], "rotation": 270, "texture": "#0"},
				"south": {"uv": [10.75, 11.75, 10, 9], "rotation": 270, "texture": "#0"},
				"west": {"uv": [10.75, 11.75, 10, 9], "rotation": 270, "texture": "#0"},
				"up": {"uv": [10.75, 11.75, 10, 9], "rotation": 270, "texture": "#0"},
				"down": {"uv": [10.75, 11.75, 10, 9], "rotation": 270, "texture": "#0"}
			}
		},
		{
			"from": [11.8, 7.85, 8.75],
			"to": [12.8, 8.6, 9.75],
			"rotation": {"angle": 0, "axis": "y", "origin": [16.075, 7.725, 15.725]},
			"faces": {
				"north": {"uv": [10, 11.75, 9.25, 9], "rotation": 270, "texture": "#0"},
				"east": {"uv": [10, 11.75, 9.25, 9], "rotation": 270, "texture": "#0"},
				"south": {"uv": [10, 11.75, 9.25, 9], "rotation": 270, "texture": "#0"},
				"west": {"uv": [10, 11.75, 9.25, 9], "rotation": 270, "texture": "#0"},
				"up": {"uv": [10, 11.75, 9.25, 9], "rotation": 270, "texture": "#0"},
				"down": {"uv": [10, 11.75, 9.25, 9], "rotation": 270, "texture": "#0"}
			}
		},
		{
			"from": [10.85, 7.85, 9.65],
			"to": [11.85, 8.6, 10.65],
			"rotation": {"angle": 0, "axis": "y", "origin": [16.075, 7.725, 15.725]},
			"faces": {
				"north": {"uv": [10, 11, 9.25, 9], "rotation": 270, "texture": "#0"},
				"east": {"uv": [10, 11, 9.25, 9], "rotation": 270, "texture": "#0"},
				"south": {"uv": [10, 11, 9.25, 9], "rotation": 270, "texture": "#0"},
				"west": {"uv": [10, 11, 9.25, 9], "rotation": 270, "texture": "#0"},
				"up": {"uv": [10, 11, 9.25, 9], "rotation": 270, "texture": "#0"},
				"down": {"uv": [10, 11, 9.25, 9], "rotation": 270, "texture": "#0"}
			}
		},
		{
			"from": [6.03388, 7.85, 8.76556],
			"to": [7.03388, 8.6, 9.76556],
			"rotation": {"angle": 45, "axis": "y", "origin": [9.55992, 8.225, 7.21452]},
			"faces": {
				"north": {"uv": [10, 10.25, 9.25, 9], "rotation": 270, "texture": "#0"},
				"east": {"uv": [10, 10.25, 9.25, 9], "rotation": 270, "texture": "#0"},
				"south": {"uv": [10, 10.25, 9.25, 9], "rotation": 270, "texture": "#0"},
				"west": {"uv": [10, 10.25, 9.25, 9], "rotation": 270, "texture": "#0"},
				"up": {"uv": [10, 10.25, 9.25, 9], "rotation": 270, "texture": "#0"},
				"down": {"uv": [10, 10.25, 9.25, 9], "rotation": 270, "texture": "#0"}
			}
		},
		{
			"from": [6.98388, 7.85, 9.66556],
			"to": [7.98388, 8.6, 10.66556],
			"rotation": {"angle": 45, "axis": "y", "origin": [9.55992, 8.225, 7.21452]},
			"faces": {
				"north": {"uv": [10, 9.5, 9.25, 9], "rotation": 270, "texture": "#0"},
				"east": {"uv": [10, 9.5, 9.25, 9], "rotation": 270, "texture": "#0"},
				"south": {"uv": [10, 9.5, 9.25, 9], "rotation": 270, "texture": "#0"},
				"west": {"uv": [10, 9.5, 9.25, 9], "rotation": 270, "texture": "#0"},
				"up": {"uv": [10, 9.5, 9.25, 9], "rotation": 270, "texture": "#0"},
				"down": {"uv": [10, 9.5, 9.25, 9], "rotation": 270, "texture": "#0"}
			}
		},
		{
			"from": [7.275, 7.85, 9.65],
			"to": [8.275, 8.6, 10.65],
			"rotation": {"angle": 0, "axis": "y", "origin": [0.075, 7.725, 15.725]},
			"faces": {
				"north": {"uv": [14.75, 11.25, 14, 8.5], "rotation": 270, "texture": "#0"},
				"east": {"uv": [14.75, 11.25, 14, 8.5], "rotation": 270, "texture": "#0"},
				"south": {"uv": [14.75, 11.25, 14, 8.5], "rotation": 270, "texture": "#0"},
				"west": {"uv": [14.75, 11.25, 14, 8.5], "rotation": 270, "texture": "#0"},
				"up": {"uv": [14.75, 11.25, 14, 8.5], "rotation": 270, "texture": "#0"},
				"down": {"uv": [14.75, 11.25, 14, 8.5], "rotation": 270, "texture": "#0"}
			}
		},
		{
			"from": [6.325, 7.85, 8.75],
			"to": [7.325, 8.6, 9.75],
			"rotation": {"angle": 0, "axis": "y", "origin": [0.075, 7.725, 15.725]},
			"faces": {
				"north": {"uv": [14.75, 10.5, 14, 7.75], "rotation": 270, "texture": "#0"},
				"east": {"uv": [14.75, 10.5, 14, 7.75], "rotation": 270, "texture": "#0"},
				"south": {"uv": [14.75, 10.5, 14, 7.75], "rotation": 270, "texture": "#0"},
				"west": {"uv": [14.75, 10.5, 14, 7.75], "rotation": 270, "texture": "#0"},
				"up": {"uv": [14.75, 10.5, 14, 7.75], "rotation": 270, "texture": "#0"},
				"down": {"uv": [14.75, 10.5, 14, 7.75], "rotation": 270, "texture": "#0"}
			}
		},
		{
			"from": [8.175, 7.85, 7.275],
			"to": [9.175, 8.6, 8.275],
			"rotation": {"angle": -45, "axis": "y", "origin": [7.225, 8.225, 4.775]},
			"faces": {
				"north": {"uv": [14.75, 9.75, 14, 7], "rotation": 270, "texture": "#0"},
				"east": {"uv": [14.75, 9.75, 14, 7], "rotation": 270, "texture": "#0"},
				"south": {"uv": [14.75, 9.75, 14, 7], "rotation": 270, "texture": "#0"},
				"west": {"uv": [14.75, 9.75, 14, 7], "rotation": 270, "texture": "#0"},
				"up": {"uv": [14.75, 9.75, 14, 7], "rotation": 270, "texture": "#0"},
				"down": {"uv": [14.75, 9.75, 14, 7], "rotation": 270, "texture": "#0"}
			}
		},
		{
			"from": [7.275, 7.85, 6.325],
			"to": [8.275, 8.6, 7.325],
			"rotation": {"angle": -45, "axis": "y", "origin": [7.225, 8.225, 4.775]},
			"faces": {
				"north": {"uv": [14.75, 9, 14, 6.25], "rotation": 270, "texture": "#0"},
				"east": {"uv": [14.75, 9, 14, 6.25], "rotation": 270, "texture": "#0"},
				"south": {"uv": [14.75, 9, 14, 6.25], "rotation": 270, "texture": "#0"},
				"west": {"uv": [14.75, 9, 14, 6.25], "rotation": 270, "texture": "#0"},
				"up": {"uv": [14.75, 9, 14, 6.25], "rotation": 270, "texture": "#0"},
				"down": {"uv": [14.75, 9, 14, 6.25], "rotation": 270, "texture": "#0"}
			}
		},
		{
			"from": [11.725, 7.85, 4.725],
			"to": [12.725, 8.6, 5.725],
			"rotation": {"angle": 0, "axis": "y", "origin": [16.075, 7.725, -0.275]},
			"faces": {
				"north": {"uv": [14.75, 8.25, 14, 5.5], "rotation": 270, "texture": "#0"},
				"east": {"uv": [14.75, 8.25, 14, 5.5], "rotation": 270, "texture": "#0"},
				"south": {"uv": [14.75, 8.25, 14, 5.5], "rotation": 270, "texture": "#0"},
				"west": {"uv": [14.75, 8.25, 14, 5.5], "rotation": 270, "texture": "#0"},
				"up": {"uv": [14.75, 8.25, 14, 5.5], "rotation": 270, "texture": "#0"},
				"down": {"uv": [14.75, 8.25, 14, 5.5], "rotation": 270, "texture": "#0"}
			}
		},
		{
			"from": [10.775, 7.85, 3.825],
			"to": [11.775, 8.6, 4.825],
			"rotation": {"angle": 0, "axis": "y", "origin": [16.075, 7.725, -0.275]},
			"faces": {
				"north": {"uv": [14.75, 7.5, 14, 4.75], "rotation": 270, "texture": "#0"},
				"east": {"uv": [14.75, 7.5, 14, 4.75], "rotation": 270, "texture": "#0"},
				"south": {"uv": [14.75, 7.5, 14, 4.75], "rotation": 270, "texture": "#0"},
				"west": {"uv": [14.75, 7.5, 14, 4.75], "rotation": 270, "texture": "#0"},
				"up": {"uv": [14.75, 7.5, 14, 4.75], "rotation": 270, "texture": "#0"},
				"down": {"uv": [14.75, 7.5, 14, 4.75], "rotation": 270, "texture": "#0"}
			}
		},
		{
			"from": [11.71097, 7.85, 4.78848],
			"to": [12.71097, 8.6, 5.78848],
			"rotation": {"angle": 45, "axis": "y", "origin": [9.55992, 8.225, 7.21452]},
			"faces": {
				"north": {"uv": [14.75, 6.75, 14, 4], "rotation": 270, "texture": "#0"},
				"east": {"uv": [14.75, 6.75, 14, 4], "rotation": 270, "texture": "#0"},
				"south": {"uv": [14.75, 6.75, 14, 4], "rotation": 270, "texture": "#0"},
				"west": {"uv": [14.75, 6.75, 14, 4], "rotation": 270, "texture": "#0"},
				"up": {"uv": [14.75, 6.75, 14, 4], "rotation": 270, "texture": "#0"},
				"down": {"uv": [14.75, 6.75, 14, 4], "rotation": 270, "texture": "#0"}
			}
		},
		{
			"from": [10.81097, 7.85, 3.83848],
			"to": [11.81097, 8.6, 4.83848],
			"rotation": {"angle": 45, "axis": "y", "origin": [9.55992, 8.225, 7.21452]},
			"faces": {
				"north": {"uv": [14.75, 6, 14, 3.25], "rotation": 270, "texture": "#0"},
				"east": {"uv": [14.75, 6, 14, 3.25], "rotation": 270, "texture": "#0"},
				"south": {"uv": [14.75, 6, 14, 3.25], "rotation": 270, "texture": "#0"},
				"west": {"uv": [14.75, 6, 14, 3.25], "rotation": 270, "texture": "#0"},
				"up": {"uv": [14.75, 6, 14, 3.25], "rotation": 270, "texture": "#0"},
				"down": {"uv": [14.75, 6, 14, 3.25], "rotation": 270, "texture": "#0"}
			}
		},
		{
			"from": [7.2, 7.85, 3.825],
			"to": [8.2, 8.6, 4.825],
			"rotation": {"angle": 0, "axis": "y", "origin": [0.075, 7.725, -0.275]},
			"faces": {
				"north": {"uv": [14.75, 5.25, 14, 2.5], "rotation": 270, "texture": "#0"},
				"east": {"uv": [14.75, 5.25, 14, 2.5], "rotation": 270, "texture": "#0"},
				"south": {"uv": [14.75, 5.25, 14, 2.5], "rotation": 270, "texture": "#0"},
				"west": {"uv": [14.75, 5.25, 14, 2.5], "rotation": 270, "texture": "#0"},
				"up": {"uv": [14.75, 5.25, 14, 2.5], "rotation": 270, "texture": "#0"},
				"down": {"uv": [14.75, 5.25, 14, 2.5], "rotation": 270, "texture": "#0"}
			}
		},
		{
			"from": [6.25, 7.85, 4.725],
			"to": [7.25, 8.6, 5.725],
			"rotation": {"angle": 0, "axis": "y", "origin": [0.075, 7.725, -0.275]},
			"faces": {
				"north": {"uv": [14.75, 4.5, 14, 1.75], "rotation": 270, "texture": "#0"},
				"east": {"uv": [14.75, 4.5, 14, 1.75], "rotation": 270, "texture": "#0"},
				"south": {"uv": [14.75, 4.5, 14, 1.75], "rotation": 270, "texture": "#0"},
				"west": {"uv": [14.75, 4.5, 14, 1.75], "rotation": 270, "texture": "#0"},
				"up": {"uv": [14.75, 4.5, 14, 1.75], "rotation": 270, "texture": "#0"},
				"down": {"uv": [14.75, 4.5, 14, 1.75], "rotation": 270, "texture": "#0"}
			}
		},
		{
			"from": [12.2, 4.825, 8.025],
			"to": [13.2, 5.575, 9.025],
			"rotation": {"angle": -45, "axis": "y", "origin": [9.92037, 5.2, 6.54078]},
			"faces": {
				"north": {"uv": [13.5, 10.75, 12.75, 8], "rotation": 270, "texture": "#0"},
				"east": {"uv": [13.5, 10.75, 12.75, 8], "rotation": 270, "texture": "#0"},
				"south": {"uv": [13.5, 10.75, 12.75, 8], "rotation": 270, "texture": "#0"},
				"west": {"uv": [13.5, 10.75, 12.75, 8], "rotation": 270, "texture": "#0"},
				"up": {"uv": [13.5, 10.75, 12.75, 8], "rotation": 270, "texture": "#0"},
				"down": {"uv": [13.5, 10.75, 12.75, 8], "rotation": 270, "texture": "#0"}
			}
		},
		{
			"from": [11.25, 4.825, 8.925],
			"to": [12.25, 5.575, 9.925],
			"rotation": {"angle": -45, "axis": "y", "origin": [9.92037, 5.2, 6.54078]},
			"faces": {
				"north": {"uv": [12.75, 10.75, 12, 8], "rotation": 270, "texture": "#0"},
				"east": {"uv": [12.75, 10.75, 12, 8], "rotation": 270, "texture": "#0"},
				"south": {"uv": [12.75, 10.75, 12, 8], "rotation": 270, "texture": "#0"},
				"west": {"uv": [12.75, 10.75, 12, 8], "rotation": 270, "texture": "#0"},
				"up": {"uv": [12.75, 10.75, 12, 8], "rotation": 270, "texture": "#0"},
				"down": {"uv": [12.75, 10.75, 12, 8], "rotation": 270, "texture": "#0"}
			}
		},
		{
			"from": [7.40855, 4.825, 8.98355],
			"to": [8.40855, 5.575, 9.98355],
			"rotation": {"angle": 0, "axis": "y", "origin": [9.92037, 5.2, 6.54078]},
			"faces": {
				"north": {"uv": [14.25, 4.75, 13.5, 2], "rotation": 270, "texture": "#0"},
				"east": {"uv": [14.25, 4.75, 13.5, 2], "rotation": 270, "texture": "#0"},
				"south": {"uv": [14.25, 4.75, 13.5, 2], "rotation": 270, "texture": "#0"},
				"west": {"uv": [14.25, 4.75, 13.5, 2], "rotation": 270, "texture": "#0"},
				"up": {"uv": [14.25, 4.75, 13.5, 2], "rotation": 270, "texture": "#0"},
				"down": {"uv": [14.25, 4.75, 13.5, 2], "rotation": 270, "texture": "#0"}
			}
		},
		{
			"from": [6.45855, 4.825, 8.08355],
			"to": [7.45855, 5.575, 9.08355],
			"rotation": {"angle": 0, "axis": "y", "origin": [9.92037, 5.2, 6.54078]},
			"faces": {
				"north": {"uv": [14.25, 4, 13.5, 1.25], "rotation": 270, "texture": "#0"},
				"east": {"uv": [14.25, 4, 13.5, 1.25], "rotation": 270, "texture": "#0"},
				"south": {"uv": [14.25, 4, 13.5, 1.25], "rotation": 270, "texture": "#0"},
				"west": {"uv": [14.25, 4, 13.5, 1.25], "rotation": 270, "texture": "#0"},
				"up": {"uv": [14.25, 4, 13.5, 1.25], "rotation": 270, "texture": "#0"},
				"down": {"uv": [14.25, 4, 13.5, 1.25], "rotation": 270, "texture": "#0"}
			}
		},
		{
			"from": [7.675, 4.825, 8.925],
			"to": [8.675, 5.575, 9.925],
			"rotation": {"angle": -45, "axis": "y", "origin": [9.92037, 5.2, 6.54078]},
			"faces": {
				"north": {"uv": [11.25, 10.75, 10.5, 8], "rotation": 270, "texture": "#0"},
				"east": {"uv": [11.25, 10.75, 10.5, 8], "rotation": 270, "texture": "#0"},
				"south": {"uv": [11.25, 10.75, 10.5, 8], "rotation": 270, "texture": "#0"},
				"west": {"uv": [11.25, 10.75, 10.5, 8], "rotation": 270, "texture": "#0"},
				"up": {"uv": [11.25, 10.75, 10.5, 8], "rotation": 270, "texture": "#0"},
				"down": {"uv": [11.25, 10.75, 10.5, 8], "rotation": 270, "texture": "#0"}
			}
		},
		{
			"from": [6.725, 4.825, 8.025],
			"to": [7.725, 5.575, 9.025],
			"rotation": {"angle": -45, "axis": "y", "origin": [9.92037, 5.2, 6.54078]},
			"faces": {
				"north": {"uv": [12, 10.75, 11.25, 8], "rotation": 270, "texture": "#0"},
				"east": {"uv": [12, 10.75, 11.25, 8], "rotation": 270, "texture": "#0"},
				"south": {"uv": [12, 10.75, 11.25, 8], "rotation": 270, "texture": "#0"},
				"west": {"uv": [12, 10.75, 11.25, 8], "rotation": 270, "texture": "#0"},
				"up": {"uv": [12, 10.75, 11.25, 8], "rotation": 270, "texture": "#0"},
				"down": {"uv": [12, 10.75, 11.25, 8], "rotation": 270, "texture": "#0"}
			}
		},
		{
			"from": [6.55855, 4.825, 4.10647],
			"to": [7.55855, 5.575, 5.10647],
			"rotation": {"angle": 0, "axis": "y", "origin": [9.92037, 5.2, 6.54078]},
			"faces": {
				"north": {"uv": [10, 8.25, 9.25, 8], "rotation": 270, "texture": "#0"},
				"east": {"uv": [10, 8.25, 9.25, 8], "rotation": 270, "texture": "#0"},
				"south": {"uv": [10, 8.25, 9.25, 8], "rotation": 270, "texture": "#0"},
				"west": {"uv": [10, 8.25, 9.25, 8], "rotation": 270, "texture": "#0"},
				"up": {"uv": [10, 8.25, 9.25, 8], "rotation": 270, "texture": "#0"},
				"down": {"uv": [10, 8.25, 9.25, 8], "rotation": 270, "texture": "#0"}
			}
		},
		{
			"from": [7.50855, 4.825, 3.20647],
			"to": [8.50855, 5.575, 4.20647],
			"rotation": {"angle": 0, "axis": "y", "origin": [9.92037, 5.2, 6.54078]},
			"faces": {
				"north": {"uv": [13.75, 10, 13, 7.25], "rotation": 270, "texture": "#0"},
				"east": {"uv": [13.75, 10, 13, 7.25], "rotation": 270, "texture": "#0"},
				"south": {"uv": [13.75, 10, 13, 7.25], "rotation": 270, "texture": "#0"},
				"west": {"uv": [13.75, 10, 13, 7.25], "rotation": 270, "texture": "#0"},
				"up": {"uv": [13.75, 10, 13, 7.25], "rotation": 270, "texture": "#0"},
				"down": {"uv": [13.75, 10, 13, 7.25], "rotation": 270, "texture": "#0"}
			}
		},
		{
			"from": [6.65, 4.825, 4],
			"to": [7.65, 5.575, 5],
			"rotation": {"angle": -45, "axis": "y", "origin": [9.92037, 5.2, 6.54078]},
			"faces": {
				"north": {"uv": [13.75, 9.25, 13, 6.5], "rotation": 270, "texture": "#0"},
				"east": {"uv": [13.75, 9.25, 13, 6.5], "rotation": 270, "texture": "#0"},
				"south": {"uv": [13.75, 9.25, 13, 6.5], "rotation": 270, "texture": "#0"},
				"west": {"uv": [13.75, 9.25, 13, 6.5], "rotation": 270, "texture": "#0"},
				"up": {"uv": [13.75, 9.25, 13, 6.5], "rotation": 270, "texture": "#0"},
				"down": {"uv": [13.75, 9.25, 13, 6.5], "rotation": 270, "texture": "#0"}
			}
		},
		{
			"from": [7.6, 4.825, 3.1],
			"to": [8.6, 5.575, 4.1],
			"rotation": {"angle": -45, "axis": "y", "origin": [9.92037, 5.2, 6.54078]},
			"faces": {
				"north": {"uv": [13.75, 8.5, 13, 5.75], "rotation": 270, "texture": "#0"},
				"east": {"uv": [13.75, 8.5, 13, 5.75], "rotation": 270, "texture": "#0"},
				"south": {"uv": [13.75, 8.5, 13, 5.75], "rotation": 270, "texture": "#0"},
				"west": {"uv": [13.75, 8.5, 13, 5.75], "rotation": 270, "texture": "#0"},
				"up": {"uv": [13.75, 8.5, 13, 5.75], "rotation": 270, "texture": "#0"},
				"down": {"uv": [13.75, 8.5, 13, 5.75], "rotation": 270, "texture": "#0"}
			}
		},
		{
			"from": [11.23563, 4.825, 3.15647],
			"to": [12.23563, 5.575, 4.15647],
			"rotation": {"angle": 0, "axis": "y", "origin": [9.92037, 5.2, 6.54078]},
			"faces": {
				"north": {"uv": [14.25, 5.5, 13.5, 2.75], "rotation": 270, "texture": "#0"},
				"east": {"uv": [14.25, 5.5, 13.5, 2.75], "rotation": 270, "texture": "#0"},
				"south": {"uv": [14.25, 5.5, 13.5, 2.75], "rotation": 270, "texture": "#0"},
				"west": {"uv": [14.25, 5.5, 13.5, 2.75], "rotation": 270, "texture": "#0"},
				"up": {"uv": [14.25, 5.5, 13.5, 2.75], "rotation": 270, "texture": "#0"},
				"down": {"uv": [14.25, 5.5, 13.5, 2.75], "rotation": 270, "texture": "#0"}
			}
		},
		{
			"from": [12.13563, 4.825, 4.10647],
			"to": [13.13563, 5.575, 5.10647],
			"rotation": {"angle": 0, "axis": "y", "origin": [9.92037, 5.2, 6.54078]},
			"faces": {
				"north": {"uv": [14.25, 6.25, 13.5, 3.5], "rotation": 270, "texture": "#0"},
				"east": {"uv": [14.25, 6.25, 13.5, 3.5], "rotation": 270, "texture": "#0"},
				"south": {"uv": [14.25, 6.25, 13.5, 3.5], "rotation": 270, "texture": "#0"},
				"west": {"uv": [14.25, 6.25, 13.5, 3.5], "rotation": 270, "texture": "#0"},
				"up": {"uv": [14.25, 6.25, 13.5, 3.5], "rotation": 270, "texture": "#0"},
				"down": {"uv": [14.25, 6.25, 13.5, 3.5], "rotation": 270, "texture": "#0"}
			}
		},
		{
			"from": [11.175, 4.825, 3.1],
			"to": [12.175, 5.575, 4.1],
			"rotation": {"angle": -45, "axis": "y", "origin": [9.92037, 5.2, 6.54078]},
			"faces": {
				"north": {"uv": [10.5, 10.75, 9.75, 8], "rotation": 270, "texture": "#0"},
				"east": {"uv": [10.5, 10.75, 9.75, 8], "rotation": 270, "texture": "#0"},
				"south": {"uv": [10.5, 10.75, 9.75, 8], "rotation": 270, "texture": "#0"},
				"west": {"uv": [10.5, 10.75, 9.75, 8], "rotation": 270, "texture": "#0"},
				"up": {"uv": [10.5, 10.75, 9.75, 8], "rotation": 270, "texture": "#0"},
				"down": {"uv": [10.5, 10.75, 9.75, 8], "rotation": 270, "texture": "#0"}
			}
		},
		{
			"from": [12.125, 4.825, 4],
			"to": [13.125, 5.575, 5],
			"rotation": {"angle": -45, "axis": "y", "origin": [9.92037, 5.2, 6.54078]},
			"faces": {
				"north": {"uv": [10, 10.5, 9.25, 8], "rotation": 270, "texture": "#0"},
				"east": {"uv": [10, 10.5, 9.25, 8], "rotation": 270, "texture": "#0"},
				"south": {"uv": [10, 10.5, 9.25, 8], "rotation": 270, "texture": "#0"},
				"west": {"uv": [10, 10.5, 9.25, 8], "rotation": 270, "texture": "#0"},
				"up": {"uv": [10, 10.5, 9.25, 8], "rotation": 270, "texture": "#0"},
				"down": {"uv": [10, 10.5, 9.25, 8], "rotation": 270, "texture": "#0"}
			}
		},
		{
			"from": [12.16063, 4.825, 7.85855],
			"to": [13.16063, 5.575, 8.85855],
			"rotation": {"angle": 0, "axis": "y", "origin": [9.92037, 5.2, 6.54078]},
			"faces": {
				"north": {"uv": [10, 9, 9.25, 8], "rotation": 270, "texture": "#0"},
				"east": {"uv": [10, 9, 9.25, 8], "rotation": 270, "texture": "#0"},
				"south": {"uv": [10, 9, 9.25, 8], "rotation": 270, "texture": "#0"},
				"west": {"uv": [10, 9, 9.25, 8], "rotation": 270, "texture": "#0"},
				"up": {"uv": [10, 9, 9.25, 8], "rotation": 270, "texture": "#0"},
				"down": {"uv": [10, 9, 9.25, 8], "rotation": 270, "texture": "#0"}
			}
		},
		{
			"from": [11.48563, 4.825, 8.88355],
			"to": [12.48563, 5.575, 9.88355],
			"rotation": {"angle": 0, "axis": "y", "origin": [9.92037, 5.2, 6.54078]},
			"faces": {
				"north": {"uv": [10, 9.75, 9.25, 8], "rotation": 270, "texture": "#0"},
				"east": {"uv": [10, 9.75, 9.25, 8], "rotation": 270, "texture": "#0"},
				"south": {"uv": [10, 9.75, 9.25, 8], "rotation": 270, "texture": "#0"},
				"west": {"uv": [10, 9.75, 9.25, 8], "rotation": 270, "texture": "#0"},
				"up": {"uv": [10, 9.75, 9.25, 8], "rotation": 270, "texture": "#0"},
				"down": {"uv": [10, 9.75, 9.25, 8], "rotation": 270, "texture": "#0"}
			}
		}
	],
	"display": {
		"thirdperson_righthand": {
			"rotation": [90, 0, 0],
			"translation": [-2.5, -2.75, 9.5],
			"scale": [1.10352, 1.10352, 1.10352]
		},
		"thirdperson_lefthand": {
			"rotation": [90, 0, 0],
			"translation": [2.5, -2.75, 9.5],
			"scale": [1.10352, 1.10352, 1.10352]
		},
		"firstperson_righthand": {
			"rotation": [125.75, 0, 0],
			"translation": [-5, 0, 2.75],
			"scale": [1.16797, 1.16797, 1.16797]
		},
		"firstperson_lefthand": {
			"rotation": [125.75, 0, 0],
			"translation": [-1.75, 0, 2.75],
			"scale": [1.16797, 1.16797, 1.16797]
		},
		"gui": {
			"rotation": [41.81, -28.01, 30.65],
			"translation": [-2.75, 3, 0],
			"scale": [0.93164, 0.93164, 0.93164]
		},
		"fixed": {
			"translation": [2.75, 2.5, 0]
		}
	}
}