{
	"credit": "Made with Blockbench",
	"textures": {
		"main": "nw:stand/base/anim/highway_feet"
	},
	"elements": [
		{
			"from": [12, 0, 0],
			"to": [16, 1, 6],
			"faces": {
				"north": {"uv": [0, 0, 1, 0.25], "texture": "#main"},
				"east": {"uv": [0, 0, 1.5, 0.25], "texture": "#main"},
				"south": {"uv": [0, 0, 1, 0.25], "texture": "#main"},
				"west": {"uv": [0, 0, 1.5, 0.25], "texture": "#main"},
				"up": {"uv": [0, 0, 1, 1.5], "texture": "#main"},
				"down": {"uv": [0, 0, 1, 1.5], "texture": "#main"}
			}
		},
		{
			"from": [0, 0, 10],
			"to": [4, 1, 16],
			"faces": {
				"north": {"uv": [0, 0, 1, 0.25], "texture": "#main"},
				"east": {"uv": [0, 0, 1.5, 0.25], "texture": "#main"},
				"south": {"uv": [0, 0, 1, 0.25], "texture": "#main"},
				"west": {"uv": [0, 0, 1.5, 0.25], "texture": "#main"},
				"up": {"uv": [0, 0, 1, 1.5], "texture": "#main"},
				"down": {"uv": [0, 0, 1, 1.5], "texture": "#main"}
			}
		},
		{
			"from": [12, 0, 1],
			"to": [16, 1, 7],
			"faces": {
				"north": {"uv": [4, 0, 5, 0.25], "texture": "#main"},
				"east": {"uv": [4, 0, 5.5, 0.25], "texture": "#main"},
				"south": {"uv": [4, 0, 5, 0.25], "texture": "#main"},
				"west": {"uv": [4, 0, 5.5, 0.25], "texture": "#main"},
				"up": {"uv": [4, 0, 5, 1.5], "texture": "#main"},
				"down": {"uv": [4, 0, 5, 1.5], "texture": "#main"}
			}
		},
		{
			"from": [0, 1, 9],
			"to": [4, 2, 15],
			"rotation": {"angle": -22.5, "axis": "x", "origin": [2, 0.5, 13]},
			"faces": {
				"north": {"uv": [4, 0, 5, 0.25], "texture": "#main"},
				"east": {"uv": [4, 0, 5.5, 0.25], "texture": "#main"},
				"south": {"uv": [4, 0, 5, 0.25], "texture": "#main"},
				"west": {"uv": [4, 0, 5.5, 0.25], "texture": "#main"},
				"up": {"uv": [4, 0, 5, 1.5], "texture": "#main"},
				"down": {"uv": [4, 0, 5, 1.5], "texture": "#main"}
			}
		},
		{
			"from": [12, 0, 2],
			"to": [16, 1, 8],
			"faces": {
				"north": {"uv": [8, 0, 9, 0.25], "texture": "#main"},
				"east": {"uv": [8, 0, 9.5, 0.25], "texture": "#main"},
				"south": {"uv": [8, 0, 9, 0.25], "texture": "#main"},
				"west": {"uv": [8, 0, 9.5, 0.25], "texture": "#main"},
				"up": {"uv": [8, 0, 9, 1.5], "texture": "#main"},
				"down": {"uv": [8, 0, 9, 1.5], "texture": "#main"}
			}
		},
		{
			"from": [0, 3, 9],
			"to": [4, 4, 15],
			"rotation": {"angle": -22.5, "axis": "x", "origin": [2, 0.5, 13]},
			"faces": {
				"north": {"uv": [8, 0, 9, 0.25], "texture": "#main"},
				"east": {"uv": [8, 0, 9.5, 0.25], "texture": "#main"},
				"south": {"uv": [8, 0, 9, 0.25], "texture": "#main"},
				"west": {"uv": [8, 0, 9.5, 0.25], "texture": "#main"},
				"up": {"uv": [8, 0, 9, 1.5], "texture": "#main"},
				"down": {"uv": [8, 0, 9, 1.5], "texture": "#main"}
			}
		},
		{
			"from": [12, 0, 4],
			"to": [16, 1, 10],
			"faces": {
				"north": {"uv": [12, 0, 13, 0.25], "texture": "#main"},
				"east": {"uv": [12, 0, 13.5, 0.25], "texture": "#main"},
				"south": {"uv": [12, 0, 13, 0.25], "texture": "#main"},
				"west": {"uv": [12, 0, 13.5, 0.25], "texture": "#main"},
				"up": {"uv": [12, 0, 13, 1.5], "texture": "#main"},
				"down": {"uv": [12, 0, 13, 1.5], "texture": "#main"}
			}
		},
		{
			"from": [0, 3.31283, 6.54539],
			"to": [4, 4.31283, 12.54539],
			"rotation": {"angle": 0, "axis": "x", "origin": [2, 3.81283, 10.54539]},
			"faces": {
				"north": {"uv": [12, 0, 13, 0.25], "texture": "#main"},
				"east": {"uv": [12, 0, 13.5, 0.25], "texture": "#main"},
				"south": {"uv": [12, 0, 13, 0.25], "texture": "#main"},
				"west": {"uv": [12, 0, 13.5, 0.25], "texture": "#main"},
				"up": {"uv": [12, 0, 13, 1.5], "texture": "#main"},
				"down": {"uv": [12, 0, 13, 1.5], "texture": "#main"}
			}
		},
		{
			"from": [12, 0, 5],
			"to": [16, 1, 11],
			"faces": {
				"north": {"uv": [0, 4, 1, 4.25], "texture": "#main"},
				"east": {"uv": [0, 4, 1.5, 4.25], "texture": "#main"},
				"south": {"uv": [0, 4, 1, 4.25], "texture": "#main"},
				"west": {"uv": [0, 4, 1.5, 4.25], "texture": "#main"},
				"up": {"uv": [0, 4, 1, 5.5], "texture": "#main"},
				"down": {"uv": [0, 4, 1, 5.5], "texture": "#main"}
			}
		},
		{
			"from": [0, 3.31283, 5.54539],
			"to": [4, 4.31283, 11.54539],
			"rotation": {"angle": 0, "axis": "x", "origin": [2, 3.81283, 10.54539]},
			"faces": {
				"north": {"uv": [0, 4, 1, 4.25], "texture": "#main"},
				"east": {"uv": [0, 4, 1.5, 4.25], "texture": "#main"},
				"south": {"uv": [0, 4, 1, 4.25], "texture": "#main"},
				"west": {"uv": [0, 4, 1.5, 4.25], "texture": "#main"},
				"up": {"uv": [0, 4, 1, 5.5], "texture": "#main"},
				"down": {"uv": [0, 4, 1, 5.5], "texture": "#main"}
			}
		},
		{
			"from": [12, 0, 7],
			"to": [16, 1, 13],
			"faces": {
				"north": {"uv": [4, 4, 5, 4.25], "texture": "#main"},
				"east": {"uv": [4, 4, 5.5, 4.25], "texture": "#main"},
				"south": {"uv": [4, 4, 5, 4.25], "texture": "#main"},
				"west": {"uv": [4, 4, 5.5, 4.25], "texture": "#main"},
				"up": {"uv": [4, 4, 5, 5.5], "texture": "#main"},
				"down": {"uv": [4, 4, 5, 5.5], "texture": "#main"}
			}
		},
		{
			"from": [0, 2.31283, 4.54539],
			"to": [4, 3.31283, 10.54539],
			"rotation": {"angle": 22.5, "axis": "x", "origin": [2, 3.81283, 8.54539]},
			"faces": {
				"north": {"uv": [4, 4, 5, 4.25], "texture": "#main"},
				"east": {"uv": [4, 4, 5.5, 4.25], "texture": "#main"},
				"south": {"uv": [4, 4, 5, 4.25], "texture": "#main"},
				"west": {"uv": [4, 4, 5.5, 4.25], "texture": "#main"},
				"up": {"uv": [4, 4, 5, 5.5], "texture": "#main"},
				"down": {"uv": [4, 4, 5, 5.5], "texture": "#main"}
			}
		},
		{
			"from": [12, 0, 8],
			"to": [16, 1, 14],
			"faces": {
				"north": {"uv": [8, 4, 9, 4.25], "texture": "#main"},
				"east": {"uv": [8, 4, 9.5, 4.25], "texture": "#main"},
				"south": {"uv": [8, 4, 9, 4.25], "texture": "#main"},
				"west": {"uv": [8, 4, 9.5, 4.25], "texture": "#main"},
				"up": {"uv": [8, 4, 9, 5.5], "texture": "#main"},
				"down": {"uv": [8, 4, 9, 5.5], "texture": "#main"}
			}
		},
		{
			"from": [0, 0.31283, 3.54539],
			"to": [4, 1.31283, 9.54539],
			"rotation": {"angle": 22.5, "axis": "x", "origin": [2, 3.81283, 8.54539]},
			"faces": {
				"north": {"uv": [8, 4, 9, 4.25], "texture": "#main"},
				"east": {"uv": [8, 4, 9.5, 4.25], "texture": "#main"},
				"south": {"uv": [8, 4, 9, 4.25], "texture": "#main"},
				"west": {"uv": [8, 4, 9.5, 4.25], "texture": "#main"},
				"up": {"uv": [8, 4, 9, 5.5], "texture": "#main"},
				"down": {"uv": [8, 4, 9, 5.5], "texture": "#main"}
			}
		},
		{
			"from": [12, 0, 10],
			"to": [16, 1, 16],
			"faces": {
				"north": {"uv": [12, 4, 13, 4.25], "texture": "#main"},
				"east": {"uv": [12, 4, 13.5, 4.25], "texture": "#main"},
				"south": {"uv": [12, 4, 13, 4.25], "texture": "#main"},
				"west": {"uv": [12, 4, 13.5, 4.25], "texture": "#main"},
				"up": {"uv": [12, 4, 13, 5.5], "texture": "#main"},
				"down": {"uv": [12, 4, 13, 5.5], "texture": "#main"}
			}
		},
		{
			"from": [0, 0.05656, 0.04958],
			"to": [4, 1.05656, 6.04958],
			"rotation": {"angle": 0, "axis": "x", "origin": [2, 1.80656, 5.54958]},
			"faces": {
				"north": {"uv": [12, 4, 13, 4.25], "texture": "#main"},
				"east": {"uv": [12, 4, 13.5, 4.25], "texture": "#main"},
				"south": {"uv": [12, 4, 13, 4.25], "texture": "#main"},
				"west": {"uv": [12, 4, 13.5, 4.25], "texture": "#main"},
				"up": {"uv": [12, 4, 13, 5.5], "texture": "#main"},
				"down": {"uv": [12, 4, 13, 5.5], "texture": "#main"}
			}
		},
		{
			"from": [0, 0, 1],
			"to": [4, 1, 7],
			"rotation": {"angle": 0, "axis": "y", "origin": [16, 0, 0]},
			"faces": {
				"north": {"uv": [1, 8, 0, 8.25], "texture": "#main"},
				"east": {"uv": [1.5, 8, 0, 8.25], "texture": "#main"},
				"south": {"uv": [1, 8, 0, 8.25], "texture": "#main"},
				"west": {"uv": [1.5, 8, 0, 8.25], "texture": "#main"},
				"up": {"uv": [1, 8, 0, 9.5], "texture": "#main"},
				"down": {"uv": [1, 8, 0, 9.5], "texture": "#main"}
			}
		},
		{
			"from": [12, 1, 9],
			"to": [16, 2, 15],
			"rotation": {"angle": -22.5, "axis": "x", "origin": [14, 0.5, 13]},
			"faces": {
				"north": {"uv": [1, 8, 0, 8.25], "texture": "#main"},
				"east": {"uv": [1.5, 8, 0, 8.25], "texture": "#main"},
				"south": {"uv": [1, 8, 0, 8.25], "texture": "#main"},
				"west": {"uv": [1.5, 8, 0, 8.25], "texture": "#main"},
				"up": {"uv": [1, 8, 0, 9.5], "texture": "#main"},
				"down": {"uv": [1, 8, 0, 9.5], "texture": "#main"}
			}
		},
		{
			"from": [0, 0, 2],
			"to": [4, 1, 8],
			"rotation": {"angle": 0, "axis": "y", "origin": [16, 0, 0]},
			"faces": {
				"north": {"uv": [5, 8, 4, 8.25], "texture": "#main"},
				"east": {"uv": [5.5, 8, 4, 8.25], "texture": "#main"},
				"south": {"uv": [5, 8, 4, 8.25], "texture": "#main"},
				"west": {"uv": [5.5, 8, 4, 8.25], "texture": "#main"},
				"up": {"uv": [5, 8, 4, 9.5], "texture": "#main"},
				"down": {"uv": [5, 8, 4, 9.5], "texture": "#main"}
			}
		},
		{
			"from": [12, 3, 9],
			"to": [16, 4, 15],
			"rotation": {"angle": -22.5, "axis": "x", "origin": [14, 0.5, 13]},
			"faces": {
				"north": {"uv": [5, 8, 4, 8.25], "texture": "#main"},
				"east": {"uv": [5.5, 8, 4, 8.25], "texture": "#main"},
				"south": {"uv": [5, 8, 4, 8.25], "texture": "#main"},
				"west": {"uv": [5.5, 8, 4, 8.25], "texture": "#main"},
				"up": {"uv": [5, 8, 4, 9.5], "texture": "#main"},
				"down": {"uv": [5, 8, 4, 9.5], "texture": "#main"}
			}
		},
		{
			"from": [0, 0, 4],
			"to": [4, 1, 10],
			"rotation": {"angle": 0, "axis": "y", "origin": [16, 0, 0]},
			"faces": {
				"north": {"uv": [9, 8, 8, 8.25], "texture": "#main"},
				"east": {"uv": [9.5, 8, 8, 8.25], "texture": "#main"},
				"south": {"uv": [9, 8, 8, 8.25], "texture": "#main"},
				"west": {"uv": [9.5, 8, 8, 8.25], "texture": "#main"},
				"up": {"uv": [9, 8, 8, 9.5], "texture": "#main"},
				"down": {"uv": [9, 8, 8, 9.5], "texture": "#main"}
			}
		},
		{
			"from": [12, 3.31283, 6.54539],
			"to": [16, 4.31283, 12.54539],
			"rotation": {"angle": 0, "axis": "x", "origin": [14, 3.81283, 10.54539]},
			"faces": {
				"north": {"uv": [9, 8, 8, 8.25], "texture": "#main"},
				"east": {"uv": [9.5, 8, 8, 8.25], "texture": "#main"},
				"south": {"uv": [9, 8, 8, 8.25], "texture": "#main"},
				"west": {"uv": [9.5, 8, 8, 8.25], "texture": "#main"},
				"up": {"uv": [9, 8, 8, 9.5], "texture": "#main"},
				"down": {"uv": [9, 8, 8, 9.5], "texture": "#main"}
			}
		},
		{
			"from": [0, 0, 7],
			"to": [4, 1, 13],
			"rotation": {"angle": 0, "axis": "y", "origin": [16, 0, 0]},
			"faces": {
				"north": {"uv": [13, 8, 12, 8.25], "texture": "#main"},
				"east": {"uv": [13.5, 8, 12, 8.25], "texture": "#main"},
				"south": {"uv": [13, 8, 12, 8.25], "texture": "#main"},
				"west": {"uv": [13.5, 8, 12, 8.25], "texture": "#main"},
				"up": {"uv": [13, 8, 12, 9.5], "texture": "#main"},
				"down": {"uv": [13, 8, 12, 9.5], "texture": "#main"}
			}
		},
		{
			"from": [12, 2.31283, 4.54539],
			"to": [16, 3.31283, 10.54539],
			"rotation": {"angle": 22.5, "axis": "x", "origin": [14, 3.81283, 8.54539]},
			"faces": {
				"north": {"uv": [13, 8, 12, 8.25], "texture": "#main"},
				"east": {"uv": [13.5, 8, 12, 8.25], "texture": "#main"},
				"south": {"uv": [13, 8, 12, 8.25], "texture": "#main"},
				"west": {"uv": [13.5, 8, 12, 8.25], "texture": "#main"},
				"up": {"uv": [13, 8, 12, 9.5], "texture": "#main"},
				"down": {"uv": [13, 8, 12, 9.5], "texture": "#main"}
			}
		},
		{
			"from": [0, 0, 8],
			"to": [4, 1, 14],
			"rotation": {"angle": 0, "axis": "y", "origin": [16, 0, 0]},
			"faces": {
				"north": {"uv": [1, 12, 0, 12.25], "texture": "#main"},
				"east": {"uv": [1.5, 12, 0, 12.25], "texture": "#main"},
				"south": {"uv": [1, 12, 0, 12.25], "texture": "#main"},
				"west": {"uv": [1.5, 12, 0, 12.25], "texture": "#main"},
				"up": {"uv": [1, 12, 0, 13.5], "texture": "#main"},
				"down": {"uv": [1, 12, 0, 13.5], "texture": "#main"}
			}
		},
		{
			"from": [12, 0.31283, 3.54539],
			"to": [16, 1.31283, 9.54539],
			"rotation": {"angle": 22.5, "axis": "x", "origin": [14, 3.81283, 8.54539]},
			"faces": {
				"north": {"uv": [1, 12, 0, 12.25], "texture": "#main"},
				"east": {"uv": [1.5, 12, 0, 12.25], "texture": "#main"},
				"south": {"uv": [1, 12, 0, 12.25], "texture": "#main"},
				"west": {"uv": [1.5, 12, 0, 12.25], "texture": "#main"},
				"up": {"uv": [1, 12, 0, 13.5], "texture": "#main"},
				"down": {"uv": [1, 12, 0, 13.5], "texture": "#main"}
			}
		},
		{
			"from": [28, 7, 8],
			"to": [32, 8, 14],
			"rotation": {"angle": 0, "axis": "y", "origin": [16, 7, 8]},
			"faces": {
				"north": {"uv": [0, 0, 1, 0.25], "texture": "#main"},
				"east": {"uv": [0, 0, 1.5, 0.25], "texture": "#main"},
				"south": {"uv": [0, 0, 1, 0.25], "texture": "#main"},
				"west": {"uv": [0, 0, 1.5, 0.25], "texture": "#main"},
				"up": {"uv": [0, 0, 1, 1.5], "texture": "#main"},
				"down": {"uv": [0, 0, 1, 1.5], "texture": "#main"}
			}
		},
		{
			"from": [16, 7, 18],
			"to": [20, 8, 24],
			"rotation": {"angle": 0, "axis": "y", "origin": [16, 7, 8]},
			"faces": {
				"north": {"uv": [0, 0, 1, 0.25], "texture": "#main"},
				"east": {"uv": [0, 0, 1.5, 0.25], "texture": "#main"},
				"south": {"uv": [0, 0, 1, 0.25], "texture": "#main"},
				"west": {"uv": [0, 0, 1.5, 0.25], "texture": "#main"},
				"up": {"uv": [0, 0, 1, 1.5], "texture": "#main"},
				"down": {"uv": [0, 0, 1, 1.5], "texture": "#main"}
			}
		},
		{
			"from": [28, 7, 9],
			"to": [32, 8, 15],
			"rotation": {"angle": 0, "axis": "y", "origin": [16, 7, 8]},
			"faces": {
				"north": {"uv": [4, 0, 5, 0.25], "texture": "#main"},
				"east": {"uv": [4, 0, 5.5, 0.25], "texture": "#main"},
				"south": {"uv": [4, 0, 5, 0.25], "texture": "#main"},
				"west": {"uv": [4, 0, 5.5, 0.25], "texture": "#main"},
				"up": {"uv": [4, 0, 5, 1.5], "texture": "#main"},
				"down": {"uv": [4, 0, 5, 1.5], "texture": "#main"}
			}
		},
		{
			"from": [16, 8, 17],
			"to": [20, 9, 23],
			"rotation": {"angle": -22.5, "axis": "x", "origin": [18, 7.5, 21]},
			"faces": {
				"north": {"uv": [4, 0, 5, 0.25], "texture": "#main"},
				"east": {"uv": [4, 0, 5.5, 0.25], "texture": "#main"},
				"south": {"uv": [4, 0, 5, 0.25], "texture": "#main"},
				"west": {"uv": [4, 0, 5.5, 0.25], "texture": "#main"},
				"up": {"uv": [4, 0, 5, 1.5], "texture": "#main"},
				"down": {"uv": [4, 0, 5, 1.5], "texture": "#main"}
			}
		},
		{
			"from": [28, 7, 10],
			"to": [32, 8, 16],
			"rotation": {"angle": 0, "axis": "y", "origin": [16, 7, 8]},
			"faces": {
				"north": {"uv": [8, 0, 9, 0.25], "texture": "#main"},
				"east": {"uv": [8, 0, 9.5, 0.25], "texture": "#main"},
				"south": {"uv": [8, 0, 9, 0.25], "texture": "#main"},
				"west": {"uv": [8, 0, 9.5, 0.25], "texture": "#main"},
				"up": {"uv": [8, 0, 9, 1.5], "texture": "#main"},
				"down": {"uv": [8, 0, 9, 1.5], "texture": "#main"}
			}
		},
		{
			"from": [16, 10, 17],
			"to": [20, 11, 23],
			"rotation": {"angle": -22.5, "axis": "x", "origin": [18, 7.5, 21]},
			"faces": {
				"north": {"uv": [8, 0, 9, 0.25], "texture": "#main"},
				"east": {"uv": [8, 0, 9.5, 0.25], "texture": "#main"},
				"south": {"uv": [8, 0, 9, 0.25], "texture": "#main"},
				"west": {"uv": [8, 0, 9.5, 0.25], "texture": "#main"},
				"up": {"uv": [8, 0, 9, 1.5], "texture": "#main"},
				"down": {"uv": [8, 0, 9, 1.5], "texture": "#main"}
			}
		},
		{
			"from": [28, 7, 12],
			"to": [32, 8, 18],
			"rotation": {"angle": 0, "axis": "y", "origin": [16, 7, 8]},
			"faces": {
				"north": {"uv": [12, 0, 13, 0.25], "texture": "#main"},
				"east": {"uv": [12, 0, 13.5, 0.25], "texture": "#main"},
				"south": {"uv": [12, 0, 13, 0.25], "texture": "#main"},
				"west": {"uv": [12, 0, 13.5, 0.25], "texture": "#main"},
				"up": {"uv": [12, 0, 13, 1.5], "texture": "#main"},
				"down": {"uv": [12, 0, 13, 1.5], "texture": "#main"}
			}
		},
		{
			"from": [16, 10.31283, 14.54539],
			"to": [20, 11.31283, 20.54539],
			"rotation": {"angle": 0, "axis": "x", "origin": [18, 10.81283, 18.54539]},
			"faces": {
				"north": {"uv": [12, 0, 13, 0.25], "texture": "#main"},
				"east": {"uv": [12, 0, 13.5, 0.25], "texture": "#main"},
				"south": {"uv": [12, 0, 13, 0.25], "texture": "#main"},
				"west": {"uv": [12, 0, 13.5, 0.25], "texture": "#main"},
				"up": {"uv": [12, 0, 13, 1.5], "texture": "#main"},
				"down": {"uv": [12, 0, 13, 1.5], "texture": "#main"}
			}
		},
		{
			"from": [28, 7, 13],
			"to": [32, 8, 19],
			"rotation": {"angle": 0, "axis": "y", "origin": [16, 7, 8]},
			"faces": {
				"north": {"uv": [0, 4, 1, 4.25], "texture": "#main"},
				"east": {"uv": [0, 4, 1.5, 4.25], "texture": "#main"},
				"south": {"uv": [0, 4, 1, 4.25], "texture": "#main"},
				"west": {"uv": [0, 4, 1.5, 4.25], "texture": "#main"},
				"up": {"uv": [0, 4, 1, 5.5], "texture": "#main"},
				"down": {"uv": [0, 4, 1, 5.5], "texture": "#main"}
			}
		},
		{
			"from": [16, 10.31283, 13.54539],
			"to": [20, 11.31283, 19.54539],
			"rotation": {"angle": 0, "axis": "x", "origin": [18, 10.81283, 18.54539]},
			"faces": {
				"north": {"uv": [0, 4, 1, 4.25], "texture": "#main"},
				"east": {"uv": [0, 4, 1.5, 4.25], "texture": "#main"},
				"south": {"uv": [0, 4, 1, 4.25], "texture": "#main"},
				"west": {"uv": [0, 4, 1.5, 4.25], "texture": "#main"},
				"up": {"uv": [0, 4, 1, 5.5], "texture": "#main"},
				"down": {"uv": [0, 4, 1, 5.5], "texture": "#main"}
			}
		},
		{
			"from": [28, 7, 15],
			"to": [32, 8, 21],
			"rotation": {"angle": 0, "axis": "y", "origin": [16, 7, 8]},
			"faces": {
				"north": {"uv": [4, 4, 5, 4.25], "texture": "#main"},
				"east": {"uv": [4, 4, 5.5, 4.25], "texture": "#main"},
				"south": {"uv": [4, 4, 5, 4.25], "texture": "#main"},
				"west": {"uv": [4, 4, 5.5, 4.25], "texture": "#main"},
				"up": {"uv": [4, 4, 5, 5.5], "texture": "#main"},
				"down": {"uv": [4, 4, 5, 5.5], "texture": "#main"}
			}
		},
		{
			"from": [16, 9.31283, 12.54539],
			"to": [20, 10.31283, 18.54539],
			"rotation": {"angle": 22.5, "axis": "x", "origin": [18, 10.81283, 16.54539]},
			"faces": {
				"north": {"uv": [4, 4, 5, 4.25], "texture": "#main"},
				"east": {"uv": [4, 4, 5.5, 4.25], "texture": "#main"},
				"south": {"uv": [4, 4, 5, 4.25], "texture": "#main"},
				"west": {"uv": [4, 4, 5.5, 4.25], "texture": "#main"},
				"up": {"uv": [4, 4, 5, 5.5], "texture": "#main"},
				"down": {"uv": [4, 4, 5, 5.5], "texture": "#main"}
			}
		},
		{
			"from": [28, 7, 16],
			"to": [32, 8, 22],
			"rotation": {"angle": 0, "axis": "y", "origin": [16, 7, 8]},
			"faces": {
				"north": {"uv": [8, 4, 9, 4.25], "texture": "#main"},
				"east": {"uv": [8, 4, 9.5, 4.25], "texture": "#main"},
				"south": {"uv": [8, 4, 9, 4.25], "texture": "#main"},
				"west": {"uv": [8, 4, 9.5, 4.25], "texture": "#main"},
				"up": {"uv": [8, 4, 9, 5.5], "texture": "#main"},
				"down": {"uv": [8, 4, 9, 5.5], "texture": "#main"}
			}
		},
		{
			"from": [16, 7.31283, 11.54539],
			"to": [20, 8.31283, 17.54539],
			"rotation": {"angle": 22.5, "axis": "x", "origin": [18, 10.81283, 16.54539]},
			"faces": {
				"north": {"uv": [8, 4, 9, 4.25], "texture": "#main"},
				"east": {"uv": [8, 4, 9.5, 4.25], "texture": "#main"},
				"south": {"uv": [8, 4, 9, 4.25], "texture": "#main"},
				"west": {"uv": [8, 4, 9.5, 4.25], "texture": "#main"},
				"up": {"uv": [8, 4, 9, 5.5], "texture": "#main"},
				"down": {"uv": [8, 4, 9, 5.5], "texture": "#main"}
			}
		},
		{
			"from": [28, 7, 18],
			"to": [32, 8, 24],
			"rotation": {"angle": 0, "axis": "y", "origin": [16, 7, 8]},
			"faces": {
				"north": {"uv": [12, 4, 13, 4.25], "texture": "#main"},
				"east": {"uv": [12, 4, 13.5, 4.25], "texture": "#main"},
				"south": {"uv": [12, 4, 13, 4.25], "texture": "#main"},
				"west": {"uv": [12, 4, 13.5, 4.25], "texture": "#main"},
				"up": {"uv": [12, 4, 13, 5.5], "texture": "#main"},
				"down": {"uv": [12, 4, 13, 5.5], "texture": "#main"}
			}
		},
		{
			"from": [16, 7.05656, 8.04958],
			"to": [20, 8.05656, 14.04958],
			"rotation": {"angle": 0, "axis": "x", "origin": [18, 8.80656, 13.54958]},
			"faces": {
				"north": {"uv": [12, 4, 13, 4.25], "texture": "#main"},
				"east": {"uv": [12, 4, 13.5, 4.25], "texture": "#main"},
				"south": {"uv": [12, 4, 13, 4.25], "texture": "#main"},
				"west": {"uv": [12, 4, 13.5, 4.25], "texture": "#main"},
				"up": {"uv": [12, 4, 13, 5.5], "texture": "#main"},
				"down": {"uv": [12, 4, 13, 5.5], "texture": "#main"}
			}
		},
		{
			"from": [16, 7, 9],
			"to": [20, 8, 15],
			"rotation": {"angle": 0, "axis": "y", "origin": [32, 7, 8]},
			"faces": {
				"north": {"uv": [1, 8, 0, 8.25], "texture": "#main"},
				"east": {"uv": [1.5, 8, 0, 8.25], "texture": "#main"},
				"south": {"uv": [1, 8, 0, 8.25], "texture": "#main"},
				"west": {"uv": [1.5, 8, 0, 8.25], "texture": "#main"},
				"up": {"uv": [1, 8, 0, 9.5], "texture": "#main"},
				"down": {"uv": [1, 8, 0, 9.5], "texture": "#main"}
			}
		},
		{
			"from": [28, 8, 17],
			"to": [32, 9, 23],
			"rotation": {"angle": -22.5, "axis": "x", "origin": [30, 7.5, 21]},
			"faces": {
				"north": {"uv": [1, 8, 0, 8.25], "texture": "#main"},
				"east": {"uv": [1.5, 8, 0, 8.25], "texture": "#main"},
				"south": {"uv": [1, 8, 0, 8.25], "texture": "#main"},
				"west": {"uv": [1.5, 8, 0, 8.25], "texture": "#main"},
				"up": {"uv": [1, 8, 0, 9.5], "texture": "#main"},
				"down": {"uv": [1, 8, 0, 9.5], "texture": "#main"}
			}
		},
		{
			"from": [16, 7, 10],
			"to": [20, 8, 16],
			"rotation": {"angle": 0, "axis": "y", "origin": [32, 7, 8]},
			"faces": {
				"north": {"uv": [5, 8, 4, 8.25], "texture": "#main"},
				"east": {"uv": [5.5, 8, 4, 8.25], "texture": "#main"},
				"south": {"uv": [5, 8, 4, 8.25], "texture": "#main"},
				"west": {"uv": [5.5, 8, 4, 8.25], "texture": "#main"},
				"up": {"uv": [5, 8, 4, 9.5], "texture": "#main"},
				"down": {"uv": [5, 8, 4, 9.5], "texture": "#main"}
			}
		},
		{
			"from": [28, 10, 17],
			"to": [32, 11, 23],
			"rotation": {"angle": -22.5, "axis": "x", "origin": [30, 7.5, 21]},
			"faces": {
				"north": {"uv": [5, 8, 4, 8.25], "texture": "#main"},
				"east": {"uv": [5.5, 8, 4, 8.25], "texture": "#main"},
				"south": {"uv": [5, 8, 4, 8.25], "texture": "#main"},
				"west": {"uv": [5.5, 8, 4, 8.25], "texture": "#main"},
				"up": {"uv": [5, 8, 4, 9.5], "texture": "#main"},
				"down": {"uv": [5, 8, 4, 9.5], "texture": "#main"}
			}
		},
		{
			"from": [16, 7, 12],
			"to": [20, 8, 18],
			"rotation": {"angle": 0, "axis": "y", "origin": [32, 7, 8]},
			"faces": {
				"north": {"uv": [9, 8, 8, 8.25], "texture": "#main"},
				"east": {"uv": [9.5, 8, 8, 8.25], "texture": "#main"},
				"south": {"uv": [9, 8, 8, 8.25], "texture": "#main"},
				"west": {"uv": [9.5, 8, 8, 8.25], "texture": "#main"},
				"up": {"uv": [9, 8, 8, 9.5], "texture": "#main"},
				"down": {"uv": [9, 8, 8, 9.5], "texture": "#main"}
			}
		},
		{
			"from": [28, 10.31283, 14.54539],
			"to": [32, 11.31283, 20.54539],
			"rotation": {"angle": 0, "axis": "x", "origin": [30, 10.81283, 18.54539]},
			"faces": {
				"north": {"uv": [9, 8, 8, 8.25], "texture": "#main"},
				"east": {"uv": [9.5, 8, 8, 8.25], "texture": "#main"},
				"south": {"uv": [9, 8, 8, 8.25], "texture": "#main"},
				"west": {"uv": [9.5, 8, 8, 8.25], "texture": "#main"},
				"up": {"uv": [9, 8, 8, 9.5], "texture": "#main"},
				"down": {"uv": [9, 8, 8, 9.5], "texture": "#main"}
			}
		},
		{
			"from": [16, 7, 15],
			"to": [20, 8, 21],
			"rotation": {"angle": 0, "axis": "y", "origin": [32, 7, 8]},
			"faces": {
				"north": {"uv": [13, 8, 12, 8.25], "texture": "#main"},
				"east": {"uv": [13.5, 8, 12, 8.25], "texture": "#main"},
				"south": {"uv": [13, 8, 12, 8.25], "texture": "#main"},
				"west": {"uv": [13.5, 8, 12, 8.25], "texture": "#main"},
				"up": {"uv": [13, 8, 12, 9.5], "texture": "#main"},
				"down": {"uv": [13, 8, 12, 9.5], "texture": "#main"}
			}
		},
		{
			"from": [28, 9.31283, 12.54539],
			"to": [32, 10.31283, 18.54539],
			"rotation": {"angle": 22.5, "axis": "x", "origin": [30, 10.81283, 16.54539]},
			"faces": {
				"north": {"uv": [13, 8, 12, 8.25], "texture": "#main"},
				"east": {"uv": [13.5, 8, 12, 8.25], "texture": "#main"},
				"south": {"uv": [13, 8, 12, 8.25], "texture": "#main"},
				"west": {"uv": [13.5, 8, 12, 8.25], "texture": "#main"},
				"up": {"uv": [13, 8, 12, 9.5], "texture": "#main"},
				"down": {"uv": [13, 8, 12, 9.5], "texture": "#main"}
			}
		},
		{
			"from": [16, 7, 16],
			"to": [20, 8, 22],
			"rotation": {"angle": 0, "axis": "y", "origin": [32, 7, 8]},
			"faces": {
				"north": {"uv": [1, 12, 0, 12.25], "texture": "#main"},
				"east": {"uv": [1.5, 12, 0, 12.25], "texture": "#main"},
				"south": {"uv": [1, 12, 0, 12.25], "texture": "#main"},
				"west": {"uv": [1.5, 12, 0, 12.25], "texture": "#main"},
				"up": {"uv": [1, 12, 0, 13.5], "texture": "#main"},
				"down": {"uv": [1, 12, 0, 13.5], "texture": "#main"}
			}
		},
		{
			"from": [28, 7.31283, 11.54539],
			"to": [32, 8.31283, 17.54539],
			"rotation": {"angle": 22.5, "axis": "x", "origin": [30, 10.81283, 16.54539]},
			"faces": {
				"north": {"uv": [1, 12, 0, 12.25], "texture": "#main"},
				"east": {"uv": [1.5, 12, 0, 12.25], "texture": "#main"},
				"south": {"uv": [1, 12, 0, 12.25], "texture": "#main"},
				"west": {"uv": [1.5, 12, 0, 12.25], "texture": "#main"},
				"up": {"uv": [1, 12, 0, 13.5], "texture": "#main"},
				"down": {"uv": [1, 12, 0, 13.5], "texture": "#main"}
			}
		},
		{
			"from": [-4, 17, -7],
			"to": [0, 18, -1],
			"rotation": {"angle": 0, "axis": "y", "origin": [-16, 17, -7]},
			"faces": {
				"north": {"uv": [0, 0, 1, 0.25], "texture": "#main"},
				"east": {"uv": [0, 0, 1.5, 0.25], "texture": "#main"},
				"south": {"uv": [0, 0, 1, 0.25], "texture": "#main"},
				"west": {"uv": [0, 0, 1.5, 0.25], "texture": "#main"},
				"up": {"uv": [0, 0, 1, 1.5], "texture": "#main"},
				"down": {"uv": [0, 0, 1, 1.5], "texture": "#main"}
			}
		},
		{
			"from": [-16, 17, 3],
			"to": [-12, 18, 9],
			"rotation": {"angle": 0, "axis": "y", "origin": [-16, 17, -7]},
			"faces": {
				"north": {"uv": [0, 0, 1, 0.25], "texture": "#main"},
				"east": {"uv": [0, 0, 1.5, 0.25], "texture": "#main"},
				"south": {"uv": [0, 0, 1, 0.25], "texture": "#main"},
				"west": {"uv": [0, 0, 1.5, 0.25], "texture": "#main"},
				"up": {"uv": [0, 0, 1, 1.5], "texture": "#main"},
				"down": {"uv": [0, 0, 1, 1.5], "texture": "#main"}
			}
		},
		{
			"from": [-4, 17, -6],
			"to": [0, 18, 0],
			"rotation": {"angle": 0, "axis": "y", "origin": [-16, 17, -7]},
			"faces": {
				"north": {"uv": [4, 0, 5, 0.25], "texture": "#main"},
				"east": {"uv": [4, 0, 5.5, 0.25], "texture": "#main"},
				"south": {"uv": [4, 0, 5, 0.25], "texture": "#main"},
				"west": {"uv": [4, 0, 5.5, 0.25], "texture": "#main"},
				"up": {"uv": [4, 0, 5, 1.5], "texture": "#main"},
				"down": {"uv": [4, 0, 5, 1.5], "texture": "#main"}
			}
		},
		{
			"from": [-16, 18, 2],
			"to": [-12, 19, 8],
			"rotation": {"angle": -22.5, "axis": "x", "origin": [-14, 17.5, 6]},
			"faces": {
				"north": {"uv": [4, 0, 5, 0.25], "texture": "#main"},
				"east": {"uv": [4, 0, 5.5, 0.25], "texture": "#main"},
				"south": {"uv": [4, 0, 5, 0.25], "texture": "#main"},
				"west": {"uv": [4, 0, 5.5, 0.25], "texture": "#main"},
				"up": {"uv": [4, 0, 5, 1.5], "texture": "#main"},
				"down": {"uv": [4, 0, 5, 1.5], "texture": "#main"}
			}
		},
		{
			"from": [-4, 17, -5],
			"to": [0, 18, 1],
			"rotation": {"angle": 0, "axis": "y", "origin": [-16, 17, -7]},
			"faces": {
				"north": {"uv": [8, 0, 9, 0.25], "texture": "#main"},
				"east": {"uv": [8, 0, 9.5, 0.25], "texture": "#main"},
				"south": {"uv": [8, 0, 9, 0.25], "texture": "#main"},
				"west": {"uv": [8, 0, 9.5, 0.25], "texture": "#main"},
				"up": {"uv": [8, 0, 9, 1.5], "texture": "#main"},
				"down": {"uv": [8, 0, 9, 1.5], "texture": "#main"}
			}
		},
		{
			"from": [-16, 20, 2],
			"to": [-12, 21, 8],
			"rotation": {"angle": -22.5, "axis": "x", "origin": [-14, 17.5, 6]},
			"faces": {
				"north": {"uv": [8, 0, 9, 0.25], "texture": "#main"},
				"east": {"uv": [8, 0, 9.5, 0.25], "texture": "#main"},
				"south": {"uv": [8, 0, 9, 0.25], "texture": "#main"},
				"west": {"uv": [8, 0, 9.5, 0.25], "texture": "#main"},
				"up": {"uv": [8, 0, 9, 1.5], "texture": "#main"},
				"down": {"uv": [8, 0, 9, 1.5], "texture": "#main"}
			}
		},
		{
			"from": [-4, 17, -3],
			"to": [0, 18, 3],
			"rotation": {"angle": 0, "axis": "y", "origin": [-16, 17, -7]},
			"faces": {
				"north": {"uv": [12, 0, 13, 0.25], "texture": "#main"},
				"east": {"uv": [12, 0, 13.5, 0.25], "texture": "#main"},
				"south": {"uv": [12, 0, 13, 0.25], "texture": "#main"},
				"west": {"uv": [12, 0, 13.5, 0.25], "texture": "#main"},
				"up": {"uv": [12, 0, 13, 1.5], "texture": "#main"},
				"down": {"uv": [12, 0, 13, 1.5], "texture": "#main"}
			}
		},
		{
			"from": [-16, 20.31283, -0.45461],
			"to": [-12, 21.31283, 5.54539],
			"rotation": {"angle": 0, "axis": "x", "origin": [-14, 20.81283, 3.54539]},
			"faces": {
				"north": {"uv": [12, 0, 13, 0.25], "texture": "#main"},
				"east": {"uv": [12, 0, 13.5, 0.25], "texture": "#main"},
				"south": {"uv": [12, 0, 13, 0.25], "texture": "#main"},
				"west": {"uv": [12, 0, 13.5, 0.25], "texture": "#main"},
				"up": {"uv": [12, 0, 13, 1.5], "texture": "#main"},
				"down": {"uv": [12, 0, 13, 1.5], "texture": "#main"}
			}
		},
		{
			"from": [-4, 17, -2],
			"to": [0, 18, 4],
			"rotation": {"angle": 0, "axis": "y", "origin": [-16, 17, -7]},
			"faces": {
				"north": {"uv": [0, 4, 1, 4.25], "texture": "#main"},
				"east": {"uv": [0, 4, 1.5, 4.25], "texture": "#main"},
				"south": {"uv": [0, 4, 1, 4.25], "texture": "#main"},
				"west": {"uv": [0, 4, 1.5, 4.25], "texture": "#main"},
				"up": {"uv": [0, 4, 1, 5.5], "texture": "#main"},
				"down": {"uv": [0, 4, 1, 5.5], "texture": "#main"}
			}
		},
		{
			"from": [-16, 20.31283, -1.45461],
			"to": [-12, 21.31283, 4.54539],
			"rotation": {"angle": 0, "axis": "x", "origin": [-14, 20.81283, 3.54539]},
			"faces": {
				"north": {"uv": [0, 4, 1, 4.25], "texture": "#main"},
				"east": {"uv": [0, 4, 1.5, 4.25], "texture": "#main"},
				"south": {"uv": [0, 4, 1, 4.25], "texture": "#main"},
				"west": {"uv": [0, 4, 1.5, 4.25], "texture": "#main"},
				"up": {"uv": [0, 4, 1, 5.5], "texture": "#main"},
				"down": {"uv": [0, 4, 1, 5.5], "texture": "#main"}
			}
		},
		{
			"from": [-4, 17, 0],
			"to": [0, 18, 6],
			"rotation": {"angle": 0, "axis": "y", "origin": [-16, 17, -7]},
			"faces": {
				"north": {"uv": [4, 4, 5, 4.25], "texture": "#main"},
				"east": {"uv": [4, 4, 5.5, 4.25], "texture": "#main"},
				"south": {"uv": [4, 4, 5, 4.25], "texture": "#main"},
				"west": {"uv": [4, 4, 5.5, 4.25], "texture": "#main"},
				"up": {"uv": [4, 4, 5, 5.5], "texture": "#main"},
				"down": {"uv": [4, 4, 5, 5.5], "texture": "#main"}
			}
		},
		{
			"from": [-16, 19.31283, -2.45461],
			"to": [-12, 20.31283, 3.54539],
			"rotation": {"angle": 22.5, "axis": "x", "origin": [-14, 20.81283, 1.54539]},
			"faces": {
				"north": {"uv": [4, 4, 5, 4.25], "texture": "#main"},
				"east": {"uv": [4, 4, 5.5, 4.25], "texture": "#main"},
				"south": {"uv": [4, 4, 5, 4.25], "texture": "#main"},
				"west": {"uv": [4, 4, 5.5, 4.25], "texture": "#main"},
				"up": {"uv": [4, 4, 5, 5.5], "texture": "#main"},
				"down": {"uv": [4, 4, 5, 5.5], "texture": "#main"}
			}
		},
		{
			"from": [-4, 17, 1],
			"to": [0, 18, 7],
			"rotation": {"angle": 0, "axis": "y", "origin": [-16, 17, -7]},
			"faces": {
				"north": {"uv": [8, 4, 9, 4.25], "texture": "#main"},
				"east": {"uv": [8, 4, 9.5, 4.25], "texture": "#main"},
				"south": {"uv": [8, 4, 9, 4.25], "texture": "#main"},
				"west": {"uv": [8, 4, 9.5, 4.25], "texture": "#main"},
				"up": {"uv": [8, 4, 9, 5.5], "texture": "#main"},
				"down": {"uv": [8, 4, 9, 5.5], "texture": "#main"}
			}
		},
		{
			"from": [-16, 17.31283, -3.45461],
			"to": [-12, 18.31283, 2.54539],
			"rotation": {"angle": 22.5, "axis": "x", "origin": [-14, 20.81283, 1.54539]},
			"faces": {
				"north": {"uv": [8, 4, 9, 4.25], "texture": "#main"},
				"east": {"uv": [8, 4, 9.5, 4.25], "texture": "#main"},
				"south": {"uv": [8, 4, 9, 4.25], "texture": "#main"},
				"west": {"uv": [8, 4, 9.5, 4.25], "texture": "#main"},
				"up": {"uv": [8, 4, 9, 5.5], "texture": "#main"},
				"down": {"uv": [8, 4, 9, 5.5], "texture": "#main"}
			}
		},
		{
			"from": [-4, 17, 3],
			"to": [0, 18, 9],
			"rotation": {"angle": 0, "axis": "y", "origin": [-16, 17, -7]},
			"faces": {
				"north": {"uv": [12, 4, 13, 4.25], "texture": "#main"},
				"east": {"uv": [12, 4, 13.5, 4.25], "texture": "#main"},
				"south": {"uv": [12, 4, 13, 4.25], "texture": "#main"},
				"west": {"uv": [12, 4, 13.5, 4.25], "texture": "#main"},
				"up": {"uv": [12, 4, 13, 5.5], "texture": "#main"},
				"down": {"uv": [12, 4, 13, 5.5], "texture": "#main"}
			}
		},
		{
			"from": [-16, 17.05656, -6.95042],
			"to": [-12, 18.05656, -0.95042],
			"rotation": {"angle": 0, "axis": "x", "origin": [-14, 18.80656, -1.45042]},
			"faces": {
				"north": {"uv": [12, 4, 13, 4.25], "texture": "#main"},
				"east": {"uv": [12, 4, 13.5, 4.25], "texture": "#main"},
				"south": {"uv": [12, 4, 13, 4.25], "texture": "#main"},
				"west": {"uv": [12, 4, 13.5, 4.25], "texture": "#main"},
				"up": {"uv": [12, 4, 13, 5.5], "texture": "#main"},
				"down": {"uv": [12, 4, 13, 5.5], "texture": "#main"}
			}
		},
		{
			"from": [-16, 17, -6],
			"to": [-12, 18, 0],
			"rotation": {"angle": 0, "axis": "y", "origin": [0, 17, -7]},
			"faces": {
				"north": {"uv": [1, 8, 0, 8.25], "texture": "#main"},
				"east": {"uv": [1.5, 8, 0, 8.25], "texture": "#main"},
				"south": {"uv": [1, 8, 0, 8.25], "texture": "#main"},
				"west": {"uv": [1.5, 8, 0, 8.25], "texture": "#main"},
				"up": {"uv": [1, 8, 0, 9.5], "texture": "#main"},
				"down": {"uv": [1, 8, 0, 9.5], "texture": "#main"}
			}
		},
		{
			"from": [-4, 18, 2],
			"to": [0, 19, 8],
			"rotation": {"angle": -22.5, "axis": "x", "origin": [-2, 17.5, 6]},
			"faces": {
				"north": {"uv": [1, 8, 0, 8.25], "texture": "#main"},
				"east": {"uv": [1.5, 8, 0, 8.25], "texture": "#main"},
				"south": {"uv": [1, 8, 0, 8.25], "texture": "#main"},
				"west": {"uv": [1.5, 8, 0, 8.25], "texture": "#main"},
				"up": {"uv": [1, 8, 0, 9.5], "texture": "#main"},
				"down": {"uv": [1, 8, 0, 9.5], "texture": "#main"}
			}
		},
		{
			"from": [-16, 17, -5],
			"to": [-12, 18, 1],
			"rotation": {"angle": 0, "axis": "y", "origin": [0, 17, -7]},
			"faces": {
				"north": {"uv": [5, 8, 4, 8.25], "texture": "#main"},
				"east": {"uv": [5.5, 8, 4, 8.25], "texture": "#main"},
				"south": {"uv": [5, 8, 4, 8.25], "texture": "#main"},
				"west": {"uv": [5.5, 8, 4, 8.25], "texture": "#main"},
				"up": {"uv": [5, 8, 4, 9.5], "texture": "#main"},
				"down": {"uv": [5, 8, 4, 9.5], "texture": "#main"}
			}
		},
		{
			"from": [-4, 20, 2],
			"to": [0, 21, 8],
			"rotation": {"angle": -22.5, "axis": "x", "origin": [-2, 17.5, 6]},
			"faces": {
				"north": {"uv": [5, 8, 4, 8.25], "texture": "#main"},
				"east": {"uv": [5.5, 8, 4, 8.25], "texture": "#main"},
				"south": {"uv": [5, 8, 4, 8.25], "texture": "#main"},
				"west": {"uv": [5.5, 8, 4, 8.25], "texture": "#main"},
				"up": {"uv": [5, 8, 4, 9.5], "texture": "#main"},
				"down": {"uv": [5, 8, 4, 9.5], "texture": "#main"}
			}
		},
		{
			"from": [-16, 17, -3],
			"to": [-12, 18, 3],
			"rotation": {"angle": 0, "axis": "y", "origin": [0, 17, -7]},
			"faces": {
				"north": {"uv": [9, 8, 8, 8.25], "texture": "#main"},
				"east": {"uv": [9.5, 8, 8, 8.25], "texture": "#main"},
				"south": {"uv": [9, 8, 8, 8.25], "texture": "#main"},
				"west": {"uv": [9.5, 8, 8, 8.25], "texture": "#main"},
				"up": {"uv": [9, 8, 8, 9.5], "texture": "#main"},
				"down": {"uv": [9, 8, 8, 9.5], "texture": "#main"}
			}
		},
		{
			"from": [-4, 20.31283, -0.45461],
			"to": [0, 21.31283, 5.54539],
			"rotation": {"angle": 0, "axis": "x", "origin": [-2, 20.81283, 3.54539]},
			"faces": {
				"north": {"uv": [9, 8, 8, 8.25], "texture": "#main"},
				"east": {"uv": [9.5, 8, 8, 8.25], "texture": "#main"},
				"south": {"uv": [9, 8, 8, 8.25], "texture": "#main"},
				"west": {"uv": [9.5, 8, 8, 8.25], "texture": "#main"},
				"up": {"uv": [9, 8, 8, 9.5], "texture": "#main"},
				"down": {"uv": [9, 8, 8, 9.5], "texture": "#main"}
			}
		},
		{
			"from": [-16, 17, 0],
			"to": [-12, 18, 6],
			"rotation": {"angle": 0, "axis": "y", "origin": [0, 17, -7]},
			"faces": {
				"north": {"uv": [13, 8, 12, 8.25], "texture": "#main"},
				"east": {"uv": [13.5, 8, 12, 8.25], "texture": "#main"},
				"south": {"uv": [13, 8, 12, 8.25], "texture": "#main"},
				"west": {"uv": [13.5, 8, 12, 8.25], "texture": "#main"},
				"up": {"uv": [13, 8, 12, 9.5], "texture": "#main"},
				"down": {"uv": [13, 8, 12, 9.5], "texture": "#main"}
			}
		},
		{
			"from": [-4, 19.31283, -2.45461],
			"to": [0, 20.31283, 3.54539],
			"rotation": {"angle": 22.5, "axis": "x", "origin": [-2, 20.81283, 1.54539]},
			"faces": {
				"north": {"uv": [13, 8, 12, 8.25], "texture": "#main"},
				"east": {"uv": [13.5, 8, 12, 8.25], "texture": "#main"},
				"south": {"uv": [13, 8, 12, 8.25], "texture": "#main"},
				"west": {"uv": [13.5, 8, 12, 8.25], "texture": "#main"},
				"up": {"uv": [13, 8, 12, 9.5], "texture": "#main"},
				"down": {"uv": [13, 8, 12, 9.5], "texture": "#main"}
			}
		},
		{
			"from": [-16, 17, 1],
			"to": [-12, 18, 7],
			"rotation": {"angle": 0, "axis": "y", "origin": [0, 17, -7]},
			"faces": {
				"north": {"uv": [1, 12, 0, 12.25], "texture": "#main"},
				"east": {"uv": [1.5, 12, 0, 12.25], "texture": "#main"},
				"south": {"uv": [1, 12, 0, 12.25], "texture": "#main"},
				"west": {"uv": [1.5, 12, 0, 12.25], "texture": "#main"},
				"up": {"uv": [1, 12, 0, 13.5], "texture": "#main"},
				"down": {"uv": [1, 12, 0, 13.5], "texture": "#main"}
			}
		},
		{
			"from": [-4, 17.31283, -3.45461],
			"to": [0, 18.31283, 2.54539],
			"rotation": {"angle": 22.5, "axis": "x", "origin": [-2, 20.81283, 1.54539]},
			"faces": {
				"north": {"uv": [1, 12, 0, 12.25], "texture": "#main"},
				"east": {"uv": [1.5, 12, 0, 12.25], "texture": "#main"},
				"south": {"uv": [1, 12, 0, 12.25], "texture": "#main"},
				"west": {"uv": [1.5, 12, 0, 12.25], "texture": "#main"},
				"up": {"uv": [1, 12, 0, 13.5], "texture": "#main"},
				"down": {"uv": [1, 12, 0, 13.5], "texture": "#main"}
			}
		},
		{
			"from": [19, 7, -16],
			"to": [23, 8, -10],
			"rotation": {"angle": 0, "axis": "y", "origin": [7, 7, -16]},
			"faces": {
				"north": {"uv": [0, 0, 1, 0.25], "texture": "#main"},
				"east": {"uv": [0, 0, 1.5, 0.25], "texture": "#main"},
				"south": {"uv": [0, 0, 1, 0.25], "texture": "#main"},
				"west": {"uv": [0, 0, 1.5, 0.25], "texture": "#main"},
				"up": {"uv": [0, 0, 1, 1.5], "texture": "#main"},
				"down": {"uv": [0, 0, 1, 1.5], "texture": "#main"}
			}
		},
		{
			"from": [7, 7, -6],
			"to": [11, 8, 0],
			"rotation": {"angle": 0, "axis": "y", "origin": [7, 7, -16]},
			"faces": {
				"north": {"uv": [0, 0, 1, 0.25], "texture": "#main"},
				"east": {"uv": [0, 0, 1.5, 0.25], "texture": "#main"},
				"south": {"uv": [0, 0, 1, 0.25], "texture": "#main"},
				"west": {"uv": [0, 0, 1.5, 0.25], "texture": "#main"},
				"up": {"uv": [0, 0, 1, 1.5], "texture": "#main"},
				"down": {"uv": [0, 0, 1, 1.5], "texture": "#main"}
			}
		},
		{
			"from": [19, 7, -15],
			"to": [23, 8, -9],
			"rotation": {"angle": 0, "axis": "y", "origin": [7, 7, -16]},
			"faces": {
				"north": {"uv": [4, 0, 5, 0.25], "texture": "#main"},
				"east": {"uv": [4, 0, 5.5, 0.25], "texture": "#main"},
				"south": {"uv": [4, 0, 5, 0.25], "texture": "#main"},
				"west": {"uv": [4, 0, 5.5, 0.25], "texture": "#main"},
				"up": {"uv": [4, 0, 5, 1.5], "texture": "#main"},
				"down": {"uv": [4, 0, 5, 1.5], "texture": "#main"}
			}
		},
		{
			"from": [7, 8, -7],
			"to": [11, 9, -1],
			"rotation": {"angle": -22.5, "axis": "x", "origin": [9, 7.5, -3]},
			"faces": {
				"north": {"uv": [4, 0, 5, 0.25], "texture": "#main"},
				"east": {"uv": [4, 0, 5.5, 0.25], "texture": "#main"},
				"south": {"uv": [4, 0, 5, 0.25], "texture": "#main"},
				"west": {"uv": [4, 0, 5.5, 0.25], "texture": "#main"},
				"up": {"uv": [4, 0, 5, 1.5], "texture": "#main"},
				"down": {"uv": [4, 0, 5, 1.5], "texture": "#main"}
			}
		},
		{
			"from": [19, 7, -14],
			"to": [23, 8, -8],
			"rotation": {"angle": 0, "axis": "y", "origin": [7, 7, -16]},
			"faces": {
				"north": {"uv": [8, 0, 9, 0.25], "texture": "#main"},
				"east": {"uv": [8, 0, 9.5, 0.25], "texture": "#main"},
				"south": {"uv": [8, 0, 9, 0.25], "texture": "#main"},
				"west": {"uv": [8, 0, 9.5, 0.25], "texture": "#main"},
				"up": {"uv": [8, 0, 9, 1.5], "texture": "#main"},
				"down": {"uv": [8, 0, 9, 1.5], "texture": "#main"}
			}
		},
		{
			"from": [7, 10, -7],
			"to": [11, 11, -1],
			"rotation": {"angle": -22.5, "axis": "x", "origin": [9, 7.5, -3]},
			"faces": {
				"north": {"uv": [8, 0, 9, 0.25], "texture": "#main"},
				"east": {"uv": [8, 0, 9.5, 0.25], "texture": "#main"},
				"south": {"uv": [8, 0, 9, 0.25], "texture": "#main"},
				"west": {"uv": [8, 0, 9.5, 0.25], "texture": "#main"},
				"up": {"uv": [8, 0, 9, 1.5], "texture": "#main"},
				"down": {"uv": [8, 0, 9, 1.5], "texture": "#main"}
			}
		},
		{
			"from": [19, 7, -12],
			"to": [23, 8, -6],
			"rotation": {"angle": 0, "axis": "y", "origin": [7, 7, -16]},
			"faces": {
				"north": {"uv": [12, 0, 13, 0.25], "texture": "#main"},
				"east": {"uv": [12, 0, 13.5, 0.25], "texture": "#main"},
				"south": {"uv": [12, 0, 13, 0.25], "texture": "#main"},
				"west": {"uv": [12, 0, 13.5, 0.25], "texture": "#main"},
				"up": {"uv": [12, 0, 13, 1.5], "texture": "#main"},
				"down": {"uv": [12, 0, 13, 1.5], "texture": "#main"}
			}
		},
		{
			"from": [7, 10.31283, -9.45461],
			"to": [11, 11.31283, -3.45461],
			"rotation": {"angle": 0, "axis": "x", "origin": [9, 10.81283, -5.45461]},
			"faces": {
				"north": {"uv": [12, 0, 13, 0.25], "texture": "#main"},
				"east": {"uv": [12, 0, 13.5, 0.25], "texture": "#main"},
				"south": {"uv": [12, 0, 13, 0.25], "texture": "#main"},
				"west": {"uv": [12, 0, 13.5, 0.25], "texture": "#main"},
				"up": {"uv": [12, 0, 13, 1.5], "texture": "#main"},
				"down": {"uv": [12, 0, 13, 1.5], "texture": "#main"}
			}
		},
		{
			"from": [19, 7, -11],
			"to": [23, 8, -5],
			"rotation": {"angle": 0, "axis": "y", "origin": [7, 7, -16]},
			"faces": {
				"north": {"uv": [0, 4, 1, 4.25], "texture": "#main"},
				"east": {"uv": [0, 4, 1.5, 4.25], "texture": "#main"},
				"south": {"uv": [0, 4, 1, 4.25], "texture": "#main"},
				"west": {"uv": [0, 4, 1.5, 4.25], "texture": "#main"},
				"up": {"uv": [0, 4, 1, 5.5], "texture": "#main"},
				"down": {"uv": [0, 4, 1, 5.5], "texture": "#main"}
			}
		},
		{
			"from": [7, 10.31283, -10.45461],
			"to": [11, 11.31283, -4.45461],
			"rotation": {"angle": 0, "axis": "x", "origin": [9, 10.81283, -5.45461]},
			"faces": {
				"north": {"uv": [0, 4, 1, 4.25], "texture": "#main"},
				"east": {"uv": [0, 4, 1.5, 4.25], "texture": "#main"},
				"south": {"uv": [0, 4, 1, 4.25], "texture": "#main"},
				"west": {"uv": [0, 4, 1.5, 4.25], "texture": "#main"},
				"up": {"uv": [0, 4, 1, 5.5], "texture": "#main"},
				"down": {"uv": [0, 4, 1, 5.5], "texture": "#main"}
			}
		},
		{
			"from": [19, 7, -9],
			"to": [23, 8, -3],
			"rotation": {"angle": 0, "axis": "y", "origin": [7, 7, -16]},
			"faces": {
				"north": {"uv": [4, 4, 5, 4.25], "texture": "#main"},
				"east": {"uv": [4, 4, 5.5, 4.25], "texture": "#main"},
				"south": {"uv": [4, 4, 5, 4.25], "texture": "#main"},
				"west": {"uv": [4, 4, 5.5, 4.25], "texture": "#main"},
				"up": {"uv": [4, 4, 5, 5.5], "texture": "#main"},
				"down": {"uv": [4, 4, 5, 5.5], "texture": "#main"}
			}
		},
		{
			"from": [7, 9.31283, -11.45461],
			"to": [11, 10.31283, -5.45461],
			"rotation": {"angle": 22.5, "axis": "x", "origin": [9, 10.81283, -7.45461]},
			"faces": {
				"north": {"uv": [4, 4, 5, 4.25], "texture": "#main"},
				"east": {"uv": [4, 4, 5.5, 4.25], "texture": "#main"},
				"south": {"uv": [4, 4, 5, 4.25], "texture": "#main"},
				"west": {"uv": [4, 4, 5.5, 4.25], "texture": "#main"},
				"up": {"uv": [4, 4, 5, 5.5], "texture": "#main"},
				"down": {"uv": [4, 4, 5, 5.5], "texture": "#main"}
			}
		},
		{
			"from": [19, 7, -8],
			"to": [23, 8, -2],
			"rotation": {"angle": 0, "axis": "y", "origin": [7, 7, -16]},
			"faces": {
				"north": {"uv": [8, 4, 9, 4.25], "texture": "#main"},
				"east": {"uv": [8, 4, 9.5, 4.25], "texture": "#main"},
				"south": {"uv": [8, 4, 9, 4.25], "texture": "#main"},
				"west": {"uv": [8, 4, 9.5, 4.25], "texture": "#main"},
				"up": {"uv": [8, 4, 9, 5.5], "texture": "#main"},
				"down": {"uv": [8, 4, 9, 5.5], "texture": "#main"}
			}
		},
		{
			"from": [7, 7.31283, -12.45461],
			"to": [11, 8.31283, -6.45461],
			"rotation": {"angle": 22.5, "axis": "x", "origin": [9, 10.81283, -7.45461]},
			"faces": {
				"north": {"uv": [8, 4, 9, 4.25], "texture": "#main"},
				"east": {"uv": [8, 4, 9.5, 4.25], "texture": "#main"},
				"south": {"uv": [8, 4, 9, 4.25], "texture": "#main"},
				"west": {"uv": [8, 4, 9.5, 4.25], "texture": "#main"},
				"up": {"uv": [8, 4, 9, 5.5], "texture": "#main"},
				"down": {"uv": [8, 4, 9, 5.5], "texture": "#main"}
			}
		},
		{
			"from": [19, 7, -6],
			"to": [23, 8, 0],
			"rotation": {"angle": 0, "axis": "y", "origin": [7, 7, -16]},
			"faces": {
				"north": {"uv": [12, 4, 13, 4.25], "texture": "#main"},
				"east": {"uv": [12, 4, 13.5, 4.25], "texture": "#main"},
				"south": {"uv": [12, 4, 13, 4.25], "texture": "#main"},
				"west": {"uv": [12, 4, 13.5, 4.25], "texture": "#main"},
				"up": {"uv": [12, 4, 13, 5.5], "texture": "#main"},
				"down": {"uv": [12, 4, 13, 5.5], "texture": "#main"}
			}
		},
		{
			"from": [7, 7.05656, -15.95042],
			"to": [11, 8.05656, -9.95042],
			"rotation": {"angle": 0, "axis": "x", "origin": [9, 8.80656, -10.45042]},
			"faces": {
				"north": {"uv": [12, 4, 13, 4.25], "texture": "#main"},
				"east": {"uv": [12, 4, 13.5, 4.25], "texture": "#main"},
				"south": {"uv": [12, 4, 13, 4.25], "texture": "#main"},
				"west": {"uv": [12, 4, 13.5, 4.25], "texture": "#main"},
				"up": {"uv": [12, 4, 13, 5.5], "texture": "#main"},
				"down": {"uv": [12, 4, 13, 5.5], "texture": "#main"}
			}
		},
		{
			"from": [7, 7, -15],
			"to": [11, 8, -9],
			"rotation": {"angle": 0, "axis": "y", "origin": [23, 7, -16]},
			"faces": {
				"north": {"uv": [1, 8, 0, 8.25], "texture": "#main"},
				"east": {"uv": [1.5, 8, 0, 8.25], "texture": "#main"},
				"south": {"uv": [1, 8, 0, 8.25], "texture": "#main"},
				"west": {"uv": [1.5, 8, 0, 8.25], "texture": "#main"},
				"up": {"uv": [1, 8, 0, 9.5], "texture": "#main"},
				"down": {"uv": [1, 8, 0, 9.5], "texture": "#main"}
			}
		},
		{
			"from": [19, 8, -7],
			"to": [23, 9, -1],
			"rotation": {"angle": -22.5, "axis": "x", "origin": [21, 7.5, -3]},
			"faces": {
				"north": {"uv": [1, 8, 0, 8.25], "texture": "#main"},
				"east": {"uv": [1.5, 8, 0, 8.25], "texture": "#main"},
				"south": {"uv": [1, 8, 0, 8.25], "texture": "#main"},
				"west": {"uv": [1.5, 8, 0, 8.25], "texture": "#main"},
				"up": {"uv": [1, 8, 0, 9.5], "texture": "#main"},
				"down": {"uv": [1, 8, 0, 9.5], "texture": "#main"}
			}
		},
		{
			"from": [7, 7, -14],
			"to": [11, 8, -8],
			"rotation": {"angle": 0, "axis": "y", "origin": [23, 7, -16]},
			"faces": {
				"north": {"uv": [5, 8, 4, 8.25], "texture": "#main"},
				"east": {"uv": [5.5, 8, 4, 8.25], "texture": "#main"},
				"south": {"uv": [5, 8, 4, 8.25], "texture": "#main"},
				"west": {"uv": [5.5, 8, 4, 8.25], "texture": "#main"},
				"up": {"uv": [5, 8, 4, 9.5], "texture": "#main"},
				"down": {"uv": [5, 8, 4, 9.5], "texture": "#main"}
			}
		},
		{
			"from": [19, 10, -7],
			"to": [23, 11, -1],
			"rotation": {"angle": -22.5, "axis": "x", "origin": [21, 7.5, -3]},
			"faces": {
				"north": {"uv": [5, 8, 4, 8.25], "texture": "#main"},
				"east": {"uv": [5.5, 8, 4, 8.25], "texture": "#main"},
				"south": {"uv": [5, 8, 4, 8.25], "texture": "#main"},
				"west": {"uv": [5.5, 8, 4, 8.25], "texture": "#main"},
				"up": {"uv": [5, 8, 4, 9.5], "texture": "#main"},
				"down": {"uv": [5, 8, 4, 9.5], "texture": "#main"}
			}
		},
		{
			"from": [7, 7, -12],
			"to": [11, 8, -6],
			"rotation": {"angle": 0, "axis": "y", "origin": [23, 7, -16]},
			"faces": {
				"north": {"uv": [9, 8, 8, 8.25], "texture": "#main"},
				"east": {"uv": [9.5, 8, 8, 8.25], "texture": "#main"},
				"south": {"uv": [9, 8, 8, 8.25], "texture": "#main"},
				"west": {"uv": [9.5, 8, 8, 8.25], "texture": "#main"},
				"up": {"uv": [9, 8, 8, 9.5], "texture": "#main"},
				"down": {"uv": [9, 8, 8, 9.5], "texture": "#main"}
			}
		},
		{
			"from": [19, 10.31283, -9.45461],
			"to": [23, 11.31283, -3.45461],
			"rotation": {"angle": 0, "axis": "x", "origin": [21, 10.81283, -5.45461]},
			"faces": {
				"north": {"uv": [9, 8, 8, 8.25], "texture": "#main"},
				"east": {"uv": [9.5, 8, 8, 8.25], "texture": "#main"},
				"south": {"uv": [9, 8, 8, 8.25], "texture": "#main"},
				"west": {"uv": [9.5, 8, 8, 8.25], "texture": "#main"},
				"up": {"uv": [9, 8, 8, 9.5], "texture": "#main"},
				"down": {"uv": [9, 8, 8, 9.5], "texture": "#main"}
			}
		},
		{
			"from": [7, 7, -9],
			"to": [11, 8, -3],
			"rotation": {"angle": 0, "axis": "y", "origin": [23, 7, -16]},
			"faces": {
				"north": {"uv": [13, 8, 12, 8.25], "texture": "#main"},
				"east": {"uv": [13.5, 8, 12, 8.25], "texture": "#main"},
				"south": {"uv": [13, 8, 12, 8.25], "texture": "#main"},
				"west": {"uv": [13.5, 8, 12, 8.25], "texture": "#main"},
				"up": {"uv": [13, 8, 12, 9.5], "texture": "#main"},
				"down": {"uv": [13, 8, 12, 9.5], "texture": "#main"}
			}
		},
		{
			"from": [19, 9.31283, -11.45461],
			"to": [23, 10.31283, -5.45461],
			"rotation": {"angle": 22.5, "axis": "x", "origin": [21, 10.81283, -7.45461]},
			"faces": {
				"north": {"uv": [13, 8, 12, 8.25], "texture": "#main"},
				"east": {"uv": [13.5, 8, 12, 8.25], "texture": "#main"},
				"south": {"uv": [13, 8, 12, 8.25], "texture": "#main"},
				"west": {"uv": [13.5, 8, 12, 8.25], "texture": "#main"},
				"up": {"uv": [13, 8, 12, 9.5], "texture": "#main"},
				"down": {"uv": [13, 8, 12, 9.5], "texture": "#main"}
			}
		},
		{
			"from": [7, 7, -8],
			"to": [11, 8, -2],
			"rotation": {"angle": 0, "axis": "y", "origin": [23, 7, -16]},
			"faces": {
				"north": {"uv": [1, 12, 0, 12.25], "texture": "#main"},
				"east": {"uv": [1.5, 12, 0, 12.25], "texture": "#main"},
				"south": {"uv": [1, 12, 0, 12.25], "texture": "#main"},
				"west": {"uv": [1.5, 12, 0, 12.25], "texture": "#main"},
				"up": {"uv": [1, 12, 0, 13.5], "texture": "#main"},
				"down": {"uv": [1, 12, 0, 13.5], "texture": "#main"}
			}
		},
		{
			"from": [19, 7.31283, -12.45461],
			"to": [23, 8.31283, -6.45461],
			"rotation": {"angle": 22.5, "axis": "x", "origin": [21, 10.81283, -7.45461]},
			"faces": {
				"north": {"uv": [1, 12, 0, 12.25], "texture": "#main"},
				"east": {"uv": [1.5, 12, 0, 12.25], "texture": "#main"},
				"south": {"uv": [1, 12, 0, 12.25], "texture": "#main"},
				"west": {"uv": [1.5, 12, 0, 12.25], "texture": "#main"},
				"up": {"uv": [1, 12, 0, 13.5], "texture": "#main"},
				"down": {"uv": [1, 12, 0, 13.5], "texture": "#main"}
			}
		},
		{
			"from": [6, 27, 15],
			"to": [10, 28, 21],
			"rotation": {"angle": 0, "axis": "y", "origin": [-6, 27, 15]},
			"faces": {
				"north": {"uv": [0, 0, 1, 0.25], "texture": "#main"},
				"east": {"uv": [0, 0, 1.5, 0.25], "texture": "#main"},
				"south": {"uv": [0, 0, 1, 0.25], "texture": "#main"},
				"west": {"uv": [0, 0, 1.5, 0.25], "texture": "#main"},
				"up": {"uv": [0, 0, 1, 1.5], "texture": "#main"},
				"down": {"uv": [0, 0, 1, 1.5], "texture": "#main"}
			}
		},
		{
			"from": [-6, 27, 25],
			"to": [-2, 28, 31],
			"rotation": {"angle": 0, "axis": "y", "origin": [-6, 27, 15]},
			"faces": {
				"north": {"uv": [0, 0, 1, 0.25], "texture": "#main"},
				"east": {"uv": [0, 0, 1.5, 0.25], "texture": "#main"},
				"south": {"uv": [0, 0, 1, 0.25], "texture": "#main"},
				"west": {"uv": [0, 0, 1.5, 0.25], "texture": "#main"},
				"up": {"uv": [0, 0, 1, 1.5], "texture": "#main"},
				"down": {"uv": [0, 0, 1, 1.5], "texture": "#main"}
			}
		},
		{
			"from": [6, 27, 16],
			"to": [10, 28, 22],
			"rotation": {"angle": 0, "axis": "y", "origin": [-6, 27, 15]},
			"faces": {
				"north": {"uv": [4, 0, 5, 0.25], "texture": "#main"},
				"east": {"uv": [4, 0, 5.5, 0.25], "texture": "#main"},
				"south": {"uv": [4, 0, 5, 0.25], "texture": "#main"},
				"west": {"uv": [4, 0, 5.5, 0.25], "texture": "#main"},
				"up": {"uv": [4, 0, 5, 1.5], "texture": "#main"},
				"down": {"uv": [4, 0, 5, 1.5], "texture": "#main"}
			}
		},
		{
			"from": [-6, 28, 24],
			"to": [-2, 29, 30],
			"rotation": {"angle": -22.5, "axis": "x", "origin": [-4, 27.5, 28]},
			"faces": {
				"north": {"uv": [4, 0, 5, 0.25], "texture": "#main"},
				"east": {"uv": [4, 0, 5.5, 0.25], "texture": "#main"},
				"south": {"uv": [4, 0, 5, 0.25], "texture": "#main"},
				"west": {"uv": [4, 0, 5.5, 0.25], "texture": "#main"},
				"up": {"uv": [4, 0, 5, 1.5], "texture": "#main"},
				"down": {"uv": [4, 0, 5, 1.5], "texture": "#main"}
			}
		},
		{
			"from": [6, 27, 17],
			"to": [10, 28, 23],
			"rotation": {"angle": 0, "axis": "y", "origin": [-6, 27, 15]},
			"faces": {
				"north": {"uv": [8, 0, 9, 0.25], "texture": "#main"},
				"east": {"uv": [8, 0, 9.5, 0.25], "texture": "#main"},
				"south": {"uv": [8, 0, 9, 0.25], "texture": "#main"},
				"west": {"uv": [8, 0, 9.5, 0.25], "texture": "#main"},
				"up": {"uv": [8, 0, 9, 1.5], "texture": "#main"},
				"down": {"uv": [8, 0, 9, 1.5], "texture": "#main"}
			}
		},
		{
			"from": [-6, 30, 24],
			"to": [-2, 31, 30],
			"rotation": {"angle": -22.5, "axis": "x", "origin": [-4, 27.5, 28]},
			"faces": {
				"north": {"uv": [8, 0, 9, 0.25], "texture": "#main"},
				"east": {"uv": [8, 0, 9.5, 0.25], "texture": "#main"},
				"south": {"uv": [8, 0, 9, 0.25], "texture": "#main"},
				"west": {"uv": [8, 0, 9.5, 0.25], "texture": "#main"},
				"up": {"uv": [8, 0, 9, 1.5], "texture": "#main"},
				"down": {"uv": [8, 0, 9, 1.5], "texture": "#main"}
			}
		},
		{
			"from": [6, 27, 19],
			"to": [10, 28, 25],
			"rotation": {"angle": 0, "axis": "y", "origin": [-6, 27, 15]},
			"faces": {
				"north": {"uv": [12, 0, 13, 0.25], "texture": "#main"},
				"east": {"uv": [12, 0, 13.5, 0.25], "texture": "#main"},
				"south": {"uv": [12, 0, 13, 0.25], "texture": "#main"},
				"west": {"uv": [12, 0, 13.5, 0.25], "texture": "#main"},
				"up": {"uv": [12, 0, 13, 1.5], "texture": "#main"},
				"down": {"uv": [12, 0, 13, 1.5], "texture": "#main"}
			}
		},
		{
			"from": [-6, 30.31283, 21.54539],
			"to": [-2, 31.31283, 27.54539],
			"rotation": {"angle": 0, "axis": "x", "origin": [-4, 30.81283, 25.54539]},
			"faces": {
				"north": {"uv": [12, 0, 13, 0.25], "texture": "#main"},
				"east": {"uv": [12, 0, 13.5, 0.25], "texture": "#main"},
				"south": {"uv": [12, 0, 13, 0.25], "texture": "#main"},
				"west": {"uv": [12, 0, 13.5, 0.25], "texture": "#main"},
				"up": {"uv": [12, 0, 13, 1.5], "texture": "#main"},
				"down": {"uv": [12, 0, 13, 1.5], "texture": "#main"}
			}
		},
		{
			"from": [6, 27, 20],
			"to": [10, 28, 26],
			"rotation": {"angle": 0, "axis": "y", "origin": [-6, 27, 15]},
			"faces": {
				"north": {"uv": [0, 4, 1, 4.25], "texture": "#main"},
				"east": {"uv": [0, 4, 1.5, 4.25], "texture": "#main"},
				"south": {"uv": [0, 4, 1, 4.25], "texture": "#main"},
				"west": {"uv": [0, 4, 1.5, 4.25], "texture": "#main"},
				"up": {"uv": [0, 4, 1, 5.5], "texture": "#main"},
				"down": {"uv": [0, 4, 1, 5.5], "texture": "#main"}
			}
		},
		{
			"from": [-6, 30.31283, 20.54539],
			"to": [-2, 31.31283, 26.54539],
			"rotation": {"angle": 0, "axis": "x", "origin": [-4, 30.81283, 25.54539]},
			"faces": {
				"north": {"uv": [0, 4, 1, 4.25], "texture": "#main"},
				"east": {"uv": [0, 4, 1.5, 4.25], "texture": "#main"},
				"south": {"uv": [0, 4, 1, 4.25], "texture": "#main"},
				"west": {"uv": [0, 4, 1.5, 4.25], "texture": "#main"},
				"up": {"uv": [0, 4, 1, 5.5], "texture": "#main"},
				"down": {"uv": [0, 4, 1, 5.5], "texture": "#main"}
			}
		},
		{
			"from": [6, 27, 22],
			"to": [10, 28, 28],
			"rotation": {"angle": 0, "axis": "y", "origin": [-6, 27, 15]},
			"faces": {
				"north": {"uv": [4, 4, 5, 4.25], "texture": "#main"},
				"east": {"uv": [4, 4, 5.5, 4.25], "texture": "#main"},
				"south": {"uv": [4, 4, 5, 4.25], "texture": "#main"},
				"west": {"uv": [4, 4, 5.5, 4.25], "texture": "#main"},
				"up": {"uv": [4, 4, 5, 5.5], "texture": "#main"},
				"down": {"uv": [4, 4, 5, 5.5], "texture": "#main"}
			}
		},
		{
			"from": [-6, 29.31283, 19.54539],
			"to": [-2, 30.31283, 25.54539],
			"rotation": {"angle": 22.5, "axis": "x", "origin": [-4, 30.81283, 23.54539]},
			"faces": {
				"north": {"uv": [4, 4, 5, 4.25], "texture": "#main"},
				"east": {"uv": [4, 4, 5.5, 4.25], "texture": "#main"},
				"south": {"uv": [4, 4, 5, 4.25], "texture": "#main"},
				"west": {"uv": [4, 4, 5.5, 4.25], "texture": "#main"},
				"up": {"uv": [4, 4, 5, 5.5], "texture": "#main"},
				"down": {"uv": [4, 4, 5, 5.5], "texture": "#main"}
			}
		},
		{
			"from": [6, 27, 23],
			"to": [10, 28, 29],
			"rotation": {"angle": 0, "axis": "y", "origin": [-6, 27, 15]},
			"faces": {
				"north": {"uv": [8, 4, 9, 4.25], "texture": "#main"},
				"east": {"uv": [8, 4, 9.5, 4.25], "texture": "#main"},
				"south": {"uv": [8, 4, 9, 4.25], "texture": "#main"},
				"west": {"uv": [8, 4, 9.5, 4.25], "texture": "#main"},
				"up": {"uv": [8, 4, 9, 5.5], "texture": "#main"},
				"down": {"uv": [8, 4, 9, 5.5], "texture": "#main"}
			}
		},
		{
			"from": [-6, 27.31283, 18.54539],
			"to": [-2, 28.31283, 24.54539],
			"rotation": {"angle": 22.5, "axis": "x", "origin": [-4, 30.81283, 23.54539]},
			"faces": {
				"north": {"uv": [8, 4, 9, 4.25], "texture": "#main"},
				"east": {"uv": [8, 4, 9.5, 4.25], "texture": "#main"},
				"south": {"uv": [8, 4, 9, 4.25], "texture": "#main"},
				"west": {"uv": [8, 4, 9.5, 4.25], "texture": "#main"},
				"up": {"uv": [8, 4, 9, 5.5], "texture": "#main"},
				"down": {"uv": [8, 4, 9, 5.5], "texture": "#main"}
			}
		},
		{
			"from": [6, 27, 25],
			"to": [10, 28, 31],
			"rotation": {"angle": 0, "axis": "y", "origin": [-6, 27, 15]},
			"faces": {
				"north": {"uv": [12, 4, 13, 4.25], "texture": "#main"},
				"east": {"uv": [12, 4, 13.5, 4.25], "texture": "#main"},
				"south": {"uv": [12, 4, 13, 4.25], "texture": "#main"},
				"west": {"uv": [12, 4, 13.5, 4.25], "texture": "#main"},
				"up": {"uv": [12, 4, 13, 5.5], "texture": "#main"},
				"down": {"uv": [12, 4, 13, 5.5], "texture": "#main"}
			}
		},
		{
			"from": [-6, 27.05656, 15.04958],
			"to": [-2, 28.05656, 21.04958],
			"rotation": {"angle": 0, "axis": "x", "origin": [-4, 28.80656, 20.54958]},
			"faces": {
				"north": {"uv": [12, 4, 13, 4.25], "texture": "#main"},
				"east": {"uv": [12, 4, 13.5, 4.25], "texture": "#main"},
				"south": {"uv": [12, 4, 13, 4.25], "texture": "#main"},
				"west": {"uv": [12, 4, 13.5, 4.25], "texture": "#main"},
				"up": {"uv": [12, 4, 13, 5.5], "texture": "#main"},
				"down": {"uv": [12, 4, 13, 5.5], "texture": "#main"}
			}
		},
		{
			"from": [-6, 27, 16],
			"to": [-2, 28, 22],
			"rotation": {"angle": 0, "axis": "y", "origin": [10, 27, 15]},
			"faces": {
				"north": {"uv": [1, 8, 0, 8.25], "texture": "#main"},
				"east": {"uv": [1.5, 8, 0, 8.25], "texture": "#main"},
				"south": {"uv": [1, 8, 0, 8.25], "texture": "#main"},
				"west": {"uv": [1.5, 8, 0, 8.25], "texture": "#main"},
				"up": {"uv": [1, 8, 0, 9.5], "texture": "#main"},
				"down": {"uv": [1, 8, 0, 9.5], "texture": "#main"}
			}
		},
		{
			"from": [6, 28, 24],
			"to": [10, 29, 30],
			"rotation": {"angle": -22.5, "axis": "x", "origin": [8, 27.5, 28]},
			"faces": {
				"north": {"uv": [1, 8, 0, 8.25], "texture": "#main"},
				"east": {"uv": [1.5, 8, 0, 8.25], "texture": "#main"},
				"south": {"uv": [1, 8, 0, 8.25], "texture": "#main"},
				"west": {"uv": [1.5, 8, 0, 8.25], "texture": "#main"},
				"up": {"uv": [1, 8, 0, 9.5], "texture": "#main"},
				"down": {"uv": [1, 8, 0, 9.5], "texture": "#main"}
			}
		},
		{
			"from": [-6, 27, 17],
			"to": [-2, 28, 23],
			"rotation": {"angle": 0, "axis": "y", "origin": [10, 27, 15]},
			"faces": {
				"north": {"uv": [5, 8, 4, 8.25], "texture": "#main"},
				"east": {"uv": [5.5, 8, 4, 8.25], "texture": "#main"},
				"south": {"uv": [5, 8, 4, 8.25], "texture": "#main"},
				"west": {"uv": [5.5, 8, 4, 8.25], "texture": "#main"},
				"up": {"uv": [5, 8, 4, 9.5], "texture": "#main"},
				"down": {"uv": [5, 8, 4, 9.5], "texture": "#main"}
			}
		},
		{
			"from": [6, 30, 24],
			"to": [10, 31, 30],
			"rotation": {"angle": -22.5, "axis": "x", "origin": [8, 27.5, 28]},
			"faces": {
				"north": {"uv": [5, 8, 4, 8.25], "texture": "#main"},
				"east": {"uv": [5.5, 8, 4, 8.25], "texture": "#main"},
				"south": {"uv": [5, 8, 4, 8.25], "texture": "#main"},
				"west": {"uv": [5.5, 8, 4, 8.25], "texture": "#main"},
				"up": {"uv": [5, 8, 4, 9.5], "texture": "#main"},
				"down": {"uv": [5, 8, 4, 9.5], "texture": "#main"}
			}
		},
		{
			"from": [-6, 27, 19],
			"to": [-2, 28, 25],
			"rotation": {"angle": 0, "axis": "y", "origin": [10, 27, 15]},
			"faces": {
				"north": {"uv": [9, 8, 8, 8.25], "texture": "#main"},
				"east": {"uv": [9.5, 8, 8, 8.25], "texture": "#main"},
				"south": {"uv": [9, 8, 8, 8.25], "texture": "#main"},
				"west": {"uv": [9.5, 8, 8, 8.25], "texture": "#main"},
				"up": {"uv": [9, 8, 8, 9.5], "texture": "#main"},
				"down": {"uv": [9, 8, 8, 9.5], "texture": "#main"}
			}
		},
		{
			"from": [6, 30.31283, 21.54539],
			"to": [10, 31.31283, 27.54539],
			"rotation": {"angle": 0, "axis": "x", "origin": [8, 30.81283, 25.54539]},
			"faces": {
				"north": {"uv": [9, 8, 8, 8.25], "texture": "#main"},
				"east": {"uv": [9.5, 8, 8, 8.25], "texture": "#main"},
				"south": {"uv": [9, 8, 8, 8.25], "texture": "#main"},
				"west": {"uv": [9.5, 8, 8, 8.25], "texture": "#main"},
				"up": {"uv": [9, 8, 8, 9.5], "texture": "#main"},
				"down": {"uv": [9, 8, 8, 9.5], "texture": "#main"}
			}
		},
		{
			"from": [-6, 27, 22],
			"to": [-2, 28, 28],
			"rotation": {"angle": 0, "axis": "y", "origin": [10, 27, 15]},
			"faces": {
				"north": {"uv": [13, 8, 12, 8.25], "texture": "#main"},
				"east": {"uv": [13.5, 8, 12, 8.25], "texture": "#main"},
				"south": {"uv": [13, 8, 12, 8.25], "texture": "#main"},
				"west": {"uv": [13.5, 8, 12, 8.25], "texture": "#main"},
				"up": {"uv": [13, 8, 12, 9.5], "texture": "#main"},
				"down": {"uv": [13, 8, 12, 9.5], "texture": "#main"}
			}
		},
		{
			"from": [6, 29.31283, 19.54539],
			"to": [10, 30.31283, 25.54539],
			"rotation": {"angle": 22.5, "axis": "x", "origin": [8, 30.81283, 23.54539]},
			"faces": {
				"north": {"uv": [13, 8, 12, 8.25], "texture": "#main"},
				"east": {"uv": [13.5, 8, 12, 8.25], "texture": "#main"},
				"south": {"uv": [13, 8, 12, 8.25], "texture": "#main"},
				"west": {"uv": [13.5, 8, 12, 8.25], "texture": "#main"},
				"up": {"uv": [13, 8, 12, 9.5], "texture": "#main"},
				"down": {"uv": [13, 8, 12, 9.5], "texture": "#main"}
			}
		},
		{
			"from": [-6, 27, 23],
			"to": [-2, 28, 29],
			"rotation": {"angle": 0, "axis": "y", "origin": [10, 27, 15]},
			"faces": {
				"north": {"uv": [1, 12, 0, 12.25], "texture": "#main"},
				"east": {"uv": [1.5, 12, 0, 12.25], "texture": "#main"},
				"south": {"uv": [1, 12, 0, 12.25], "texture": "#main"},
				"west": {"uv": [1.5, 12, 0, 12.25], "texture": "#main"},
				"up": {"uv": [1, 12, 0, 13.5], "texture": "#main"},
				"down": {"uv": [1, 12, 0, 13.5], "texture": "#main"}
			}
		},
		{
			"from": [6, 27.31283, 18.54539],
			"to": [10, 28.31283, 24.54539],
			"rotation": {"angle": 22.5, "axis": "x", "origin": [8, 30.81283, 23.54539]},
			"faces": {
				"north": {"uv": [1, 12, 0, 12.25], "texture": "#main"},
				"east": {"uv": [1.5, 12, 0, 12.25], "texture": "#main"},
				"south": {"uv": [1, 12, 0, 12.25], "texture": "#main"},
				"west": {"uv": [1.5, 12, 0, 12.25], "texture": "#main"},
				"up": {"uv": [1, 12, 0, 13.5], "texture": "#main"},
				"down": {"uv": [1, 12, 0, 13.5], "texture": "#main"}
			}
		}
	],
	"display": {
		"head": {
			"translation": [0, -35.75, 0]
		}
	},
	"groups": [
		{
			"name": "1",
			"origin": [14, 3.81283, 8.54539],
			"color": 0,
			"children": [0, 1, 2, 3, 4, 5, 6, 7, 8, 9, 10, 11, 12, 13, 14, 15, 16, 17, 18, 19, 20, 21, 22, 23, 24, 25]
		},
		{
			"name": "2",
			"origin": [14, 3.81283, 8.54539],
			"color": 0,
			"children": [26, 27, 28, 29, 30, 31, 32, 33, 34, 35, 36, 37, 38, 39, 40, 41, 42, 43, 44, 45, 46, 47, 48, 49, 50, 51]
		},
		{
			"name": "2",
			"origin": [14, 3.81283, 8.54539],
			"color": 0,
			"children": [52, 53, 54, 55, 56, 57, 58, 59, 60, 61, 62, 63, 64, 65, 66, 67, 68, 69, 70, 71, 72, 73, 74, 75, 76, 77]
		},
		{
			"name": "2",
			"origin": [14, 3.81283, 8.54539],
			"color": 0,
			"children": [78, 79, 80, 81, 82, 83, 84, 85, 86, 87, 88, 89, 90, 91, 92, 93, 94, 95, 96, 97, 98, 99, 100, 101, 102, 103]
		},
		{
			"name": "2",
			"origin": [14, 3.81283, 8.54539],
			"color": 0,
			"children": [104, 105, 106, 107, 108, 109, 110, 111, 112, 113, 114, 115, 116, 117, 118, 119, 120, 121, 122, 123, 124, 125, 126, 127, 128, 129]
		}
	]
}