{
	"credit": "Made with Blockbench",
	"texture_size": [64, 64],
	"textures": {
		"0": "nw:stand/base/silver_chariot",
		"2": "nw:stand/evo/anubis",
		"particle": "nw:item/broken_anubis"
	},
	"elements": [
		{
			"name": "Head",
			"from": [5.5, 4.75, 7.375],
			"to": [9.5, 8.75, 11.375],
			"rotation": {"angle": 0, "axis": "x", "origin": [7.5, 4, 9]},
			"faces": {
				"north": {"uv": [2, 2, 4, 4], "texture": "#2"},
				"east": {"uv": [0, 2, 2, 4], "texture": "#2"},
				"south": {"uv": [6, 2, 8, 4], "texture": "#2"},
				"west": {"uv": [4, 2, 6, 4], "texture": "#2"},
				"up": {"uv": [4, 2, 2, 0], "texture": "#2"},
				"down": {"uv": [6, 0, 4, 2], "texture": "#2"}
			}
		},
		{
			"name": "Hat Layer",
			"from": [5.25, 4.5, 7.125],
			"to": [9.75, 9, 11.625],
			"rotation": {"angle": 0, "axis": "x", "origin": [7.5, 4, 9]},
			"faces": {
				"north": {"uv": [10, 2, 12, 4], "texture": "#2"},
				"east": {"uv": [8, 2, 10, 4], "texture": "#2"},
				"south": {"uv": [14, 2, 16, 4], "texture": "#2"},
				"west": {"uv": [12, 2, 14, 4], "texture": "#2"},
				"up": {"uv": [12, 2, 10, 0], "texture": "#2"},
				"down": {"uv": [14, 0, 12, 2], "texture": "#2"}
			}
		},
		{
			"name": "Body",
			"from": [5.5, -1.5, 8],
			"to": [9.5, 4.5, 10],
			"rotation": {"angle": 0, "axis": "x", "origin": [7.5, -2, 9]},
			"faces": {
				"north": {"uv": [5, 5, 7, 8], "texture": "#2"},
				"east": {"uv": [4, 5, 5, 8], "texture": "#2"},
				"south": {"uv": [8, 5, 10, 8], "texture": "#2"},
				"west": {"uv": [7, 5, 8, 8], "texture": "#2"},
				"up": {"uv": [7, 5, 5, 4], "texture": "#2"},
				"down": {"uv": [9, 4, 7, 5], "texture": "#2"}
			}
		},
		{
			"name": "Body Layer",
			"from": [5.375, -1.625, 7.875],
			"to": [9.625, 4.625, 10.125],
			"rotation": {"angle": 0, "axis": "x", "origin": [7.5, -2, 9]},
			"faces": {
				"north": {"uv": [5, 9, 7, 12], "texture": "#2"},
				"east": {"uv": [4, 9, 5, 12], "texture": "#2"},
				"south": {"uv": [8, 9, 10, 12], "texture": "#2"},
				"west": {"uv": [7, 9, 8, 12], "texture": "#2"},
				"up": {"uv": [7, 9, 5, 8], "texture": "#2"},
				"down": {"uv": [9, 8, 7, 9], "texture": "#2"}
			}
		},
		{
			"name": "Right Arm",
			"from": [12.73624, 3, 7.27743],
			"to": [15.73624, 4.5, 9.27743],
			"rotation": {"angle": 0, "axis": "y", "origin": [10, 3.5, 8.5]},
			"faces": {
				"north": {"uv": [11, 6.75, 11.75, 8], "rotation": 90, "texture": "#2"},
				"east": {"uv": [12.5, 4, 11.75, 5], "rotation": 270, "texture": "#2"},
				"south": {"uv": [12.75, 6.75, 13.5, 8], "rotation": 270, "texture": "#2"},
				"west": {"uv": [11.75, 5, 11, 4], "rotation": 270, "texture": "#2"},
				"up": {"uv": [10, 6.5, 11, 8], "rotation": 270, "texture": "#2"},
				"down": {"uv": [11.75, 6.75, 12.75, 8], "rotation": 270, "texture": "#2"}
			}
		},
		{
			"name": "Right Arm Layer",
			"from": [12.61124, 2.875, 7.15243],
			"to": [15.86124, 4.625, 9.40243],
			"rotation": {"angle": 0, "axis": "y", "origin": [10, 3.5, 8.5]},
			"faces": {
				"north": {"uv": [11, 10.5, 11.75, 12], "rotation": 90, "texture": "#2"},
				"east": {"uv": [12.5, 8, 11.75, 9], "rotation": 270, "texture": "#2"},
				"south": {"uv": [12.75, 10.5, 13.5, 12], "rotation": 270, "texture": "#2"},
				"west": {"uv": [11.75, 9, 11, 8], "rotation": 270, "texture": "#2"},
				"up": {"uv": [10, 10.5, 11, 12], "rotation": 270, "texture": "#2"},
				"down": {"uv": [11.75, 10.5, 12.75, 12], "rotation": 270, "texture": "#2"}
			}
		},
		{
			"name": "Right Arm",
			"from": [9.73624, 3, 7.27743],
			"to": [12.73624, 4.5, 9.27743],
			"rotation": {"angle": 0, "axis": "y", "origin": [10, 3.5, 8.5]},
			"faces": {
				"north": {"uv": [11, 5, 11.75, 6.5], "rotation": 90, "texture": "#2"},
				"east": {"uv": [12.5, 4, 11.75, 5], "rotation": 270, "texture": "#2"},
				"south": {"uv": [12.75, 5, 13.5, 6.5], "rotation": 270, "texture": "#2"},
				"west": {"uv": [11.75, 5, 11, 4], "rotation": 270, "texture": "#2"},
				"up": {"uv": [10, 5, 11, 6.5], "rotation": 270, "texture": "#2"},
				"down": {"uv": [11.75, 5, 12.75, 6.5], "rotation": 270, "texture": "#2"}
			}
		},
		{
			"name": "Right Arm Layer",
			"from": [9.61124, 2.875, 7.15243],
			"to": [12.86124, 4.625, 9.40243],
			"rotation": {"angle": 0, "axis": "y", "origin": [10, 3.5, 8.5]},
			"faces": {
				"north": {"uv": [11, 9, 11.75, 10.5], "rotation": 90, "texture": "#2"},
				"east": {"uv": [12.5, 8, 11.75, 9], "rotation": 270, "texture": "#2"},
				"south": {"uv": [12.75, 9, 13.5, 10.5], "rotation": 270, "texture": "#2"},
				"west": {"uv": [11.75, 9, 11, 8], "rotation": 270, "texture": "#2"},
				"up": {"uv": [10, 9, 11, 10.5], "rotation": 270, "texture": "#2"},
				"down": {"uv": [11.75, 9, 12.75, 10.5], "rotation": 270, "texture": "#2"}
			}
		},
		{
			"name": "Right Leg",
			"from": [7.45, -7.5, 8],
			"to": [9.45, -1.5, 10],
			"rotation": {"angle": -22.5, "axis": "x", "origin": [7.5, -1.5, 9]},
			"faces": {
				"north": {"uv": [1, 5, 2, 8], "texture": "#2"},
				"east": {"uv": [0, 5, 1, 8], "texture": "#2"},
				"south": {"uv": [3, 5, 4, 8], "texture": "#2"},
				"west": {"uv": [2, 5, 3, 8], "texture": "#2"},
				"up": {"uv": [2, 5, 1, 4], "texture": "#2"},
				"down": {"uv": [3, 4, 2, 5], "texture": "#2"}
			}
		},
		{
			"name": "Right Leg Layer",
			"from": [7.325, -7.625, 7.875],
			"to": [9.575, -1.375, 10.125],
			"rotation": {"angle": -22.5, "axis": "x", "origin": [7.5, -1.5, 9]},
			"faces": {
				"north": {"uv": [1, 9, 2, 12], "texture": "#2"},
				"east": {"uv": [0, 9, 1, 12], "texture": "#2"},
				"south": {"uv": [3, 9, 4, 12], "texture": "#2"},
				"west": {"uv": [2, 9, 3, 12], "texture": "#2"},
				"up": {"uv": [2, 9, 1, 8], "texture": "#2"},
				"down": {"uv": [3, 8, 2, 9], "texture": "#2"}
			}
		},
		{
			"name": "Left Leg",
			"from": [5.55, -7.5, 8],
			"to": [7.55, -1.5, 10],
			"rotation": {"angle": 0, "axis": "z", "origin": [7.5, -1.5, 9]},
			"faces": {
				"north": {"uv": [5, 13, 6, 16], "texture": "#2"},
				"east": {"uv": [4, 13, 5, 16], "texture": "#2"},
				"south": {"uv": [7, 13, 8, 16], "texture": "#2"},
				"west": {"uv": [6, 13, 7, 16], "texture": "#2"},
				"up": {"uv": [6, 13, 5, 12], "texture": "#2"},
				"down": {"uv": [7, 12, 6, 13], "texture": "#2"}
			}
		},
		{
			"name": "Left Leg Layer",
			"from": [5.425, -7.625, 7.875],
			"to": [7.675, -1.375, 10.125],
			"rotation": {"angle": 0, "axis": "z", "origin": [7.5, -1.5, 9]},
			"faces": {
				"north": {"uv": [1, 13, 2, 16], "texture": "#2"},
				"east": {"uv": [0, 13, 1, 16], "texture": "#2"},
				"south": {"uv": [3, 13, 4, 16], "texture": "#2"},
				"west": {"uv": [2, 13, 3, 16], "texture": "#2"},
				"up": {"uv": [2, 13, 1, 12], "texture": "#2"},
				"down": {"uv": [3, 12, 2, 13], "texture": "#2"}
			}
		},
		{
			"from": [0.25, 2.5, 7.5],
			"to": [0.75, 5, 10],
			"rotation": {"angle": 0, "axis": "y", "origin": [4.5, 1, 9.5]},
			"faces": {
				"north": {"uv": [0, 0, 0.25, 1.25], "texture": "#0"},
				"east": {"uv": [1.25, 1.25, 0, 0], "rotation": 180, "texture": "#0"},
				"south": {"uv": [0, 0, 0.25, 1.25], "texture": "#0"},
				"west": {"uv": [1.25, 1.25, 0, 0], "rotation": 180, "texture": "#0"},
				"up": {"uv": [0, 0, 1.25, 0.25], "rotation": 270, "texture": "#0"},
				"down": {"uv": [0, 0, 1.25, 0.25], "rotation": 90, "texture": "#0"}
			}
		},
		{
			"from": [-6.75, 3.5, 8.5],
			"to": [1.75, 4, 9],
			"rotation": {"angle": 0, "axis": "y", "origin": [4.5, 1, 9.5]},
			"faces": {
				"north": {"uv": [9.5, 13, 9.75, 16], "rotation": 270, "texture": "#0"},
				"east": {"uv": [0.25, 0.25, 0, 0], "rotation": 180, "texture": "#0"},
				"south": {"uv": [9.5, 13, 9.75, 16], "rotation": 90, "texture": "#0"},
				"west": {"uv": [6.25, 3, 6, 2.75], "rotation": 180, "texture": "#0"},
				"up": {"uv": [9.5, 11.75, 9.75, 16], "rotation": 270, "texture": "#0"},
				"down": {"uv": [9.25, 11.75, 9.5, 16], "rotation": 90, "texture": "#0"}
			}
		},
		{
			"name": "Right Arm",
			"from": [0.61732, 2.57612, 8],
			"to": [3.61732, 4.57612, 9.5],
			"rotation": {"angle": 0, "axis": "y", "origin": [4.5, 1, 9.5]},
			"faces": {
				"north": {"uv": [11.75, 8, 12.75, 6.75], "rotation": 90, "texture": "#2"},
				"east": {"uv": [11.75, 4, 11, 5], "rotation": 180, "texture": "#2"},
				"south": {"uv": [10, 8, 11, 6.5], "rotation": 270, "texture": "#2"},
				"west": {"uv": [12.5, 5, 11.75, 4], "texture": "#2"},
				"up": {"uv": [11.75, 6.75, 11, 8], "rotation": 90, "texture": "#2"},
				"down": {"uv": [13.5, 6.75, 12.75, 8], "rotation": 90, "texture": "#2"}
			}
		},
		{
			"name": "Right Arm Layer",
			"from": [0.49232, 2.45112, 7.875],
			"to": [3.74232, 4.70112, 9.625],
			"rotation": {"angle": 0, "axis": "y", "origin": [4.5, 1, 9.5]},
			"faces": {
				"north": {"uv": [11.75, 12, 12.75, 10.5], "rotation": 90, "texture": "#2"},
				"east": {"uv": [11.75, 8, 11, 9], "rotation": 180, "texture": "#2"},
				"south": {"uv": [10, 12, 11, 10.5], "rotation": 270, "texture": "#2"},
				"west": {"uv": [12.5, 9, 11.75, 8], "texture": "#2"},
				"up": {"uv": [11.75, 10.5, 11, 12], "rotation": 90, "texture": "#2"},
				"down": {"uv": [13.5, 10.5, 12.75, 12], "rotation": 90, "texture": "#2"}
			}
		},
		{
			"name": "Right Arm",
			"from": [3.61732, 2.57612, 8],
			"to": [6.61732, 4.57612, 9.5],
			"rotation": {"angle": 0, "axis": "y", "origin": [4.5, 1, 9.5]},
			"faces": {
				"north": {"uv": [11.75, 6.5, 12.75, 5], "rotation": 90, "texture": "#2"},
				"east": {"uv": [11.75, 4, 11, 5], "rotation": 180, "texture": "#2"},
				"south": {"uv": [10, 6.5, 11, 5], "rotation": 270, "texture": "#2"},
				"west": {"uv": [12.5, 5, 11.75, 4], "texture": "#2"},
				"up": {"uv": [11.75, 5, 11, 6.5], "rotation": 90, "texture": "#2"},
				"down": {"uv": [13.5, 5, 12.75, 6.5], "rotation": 90, "texture": "#2"}
			}
		},
		{
			"name": "Right Arm Layer",
			"from": [3.49232, 2.45112, 7.875],
			"to": [6.74232, 4.70112, 9.625],
			"rotation": {"angle": 0, "axis": "y", "origin": [4.5, 1, 9.5]},
			"faces": {
				"north": {"uv": [11.75, 10.5, 12.75, 9], "rotation": 90, "texture": "#2"},
				"east": {"uv": [11.75, 8, 11, 9], "rotation": 180, "texture": "#2"},
				"south": {"uv": [10, 10.5, 11, 9], "rotation": 270, "texture": "#2"},
				"west": {"uv": [12.5, 9, 11.75, 8], "texture": "#2"},
				"up": {"uv": [11.75, 9, 11, 10.5], "rotation": 90, "texture": "#2"},
				"down": {"uv": [13.5, 9, 12.75, 10.5], "rotation": 90, "texture": "#2"}
			}
		},
		{
			"name": "anubis_0",
			"from": [17.125, 3.1, 6.03055],
			"to": [18.725, 3.5, 6.83055],
			"rotation": {"angle": 45, "axis": "y", "origin": [10, 3.5, 8.5]},
			"faces": {
				"north": {"uv": [15, 0, 16, 4], "rotation": 270, "texture": "#particle"},
				"east": {"uv": [16, 0, 14, 1], "rotation": 180, "texture": "#particle"},
				"south": {"uv": [14, 0, 15, 4], "rotation": 90, "texture": "#particle"},
				"west": {"uv": [14, 3, 16, 4], "rotation": 180, "texture": "#particle"},
				"up": {"uv": [14, 4, 16, 0], "rotation": 270, "texture": "#particle"},
				"down": {"uv": [14, 0, 16, 4], "rotation": 90, "texture": "#particle"}
			}
		},
		{
			"name": "anubis_1",
			"from": [16.325, 3.1, 6.83055],
			"to": [17.925, 3.5, 7.23055],
			"rotation": {"angle": 45, "axis": "y", "origin": [10, 3.5, 8.5]},
			"faces": {
				"north": {"uv": [13, 2, 14, 6], "rotation": 270, "texture": "#particle"},
				"east": {"uv": [14, 2, 13, 3], "rotation": 180, "texture": "#particle"},
				"south": {"uv": [13, 2, 14, 6], "rotation": 90, "texture": "#particle"},
				"west": {"uv": [13, 5, 14, 6], "rotation": 180, "texture": "#particle"},
				"up": {"uv": [13, 6, 14, 2], "rotation": 270, "texture": "#particle"},
				"down": {"uv": [13, 2, 14, 6], "rotation": 90, "texture": "#particle"}
			}
		},
		{
			"name": "anubis_2",
			"from": [15.925, 3.1, 7.23055],
			"to": [17.525, 3.5, 7.63055],
			"rotation": {"angle": 45, "axis": "y", "origin": [10, 3.5, 8.5]},
			"faces": {
				"north": {"uv": [12, 3, 13, 7], "rotation": 270, "texture": "#particle"},
				"east": {"uv": [13, 3, 12, 4], "rotation": 180, "texture": "#particle"},
				"south": {"uv": [12, 3, 13, 7], "rotation": 90, "texture": "#particle"},
				"west": {"uv": [12, 6, 13, 7], "rotation": 180, "texture": "#particle"},
				"up": {"uv": [12, 7, 13, 3], "rotation": 270, "texture": "#particle"},
				"down": {"uv": [12, 3, 13, 7], "rotation": 90, "texture": "#particle"}
			}
		},
		{
			"name": "anubis_3",
			"from": [15.525, 3.1, 7.63055],
			"to": [17.125, 3.5, 8.03055],
			"rotation": {"angle": 45, "axis": "y", "origin": [10, 3.5, 8.5]},
			"faces": {
				"north": {"uv": [11, 4, 12, 8], "rotation": 270, "texture": "#particle"},
				"east": {"uv": [12, 4, 11, 5], "rotation": 180, "texture": "#particle"},
				"south": {"uv": [11, 4, 12, 8], "rotation": 90, "texture": "#particle"},
				"west": {"uv": [11, 7, 12, 8], "rotation": 180, "texture": "#particle"},
				"up": {"uv": [11, 8, 12, 4], "rotation": 270, "texture": "#particle"},
				"down": {"uv": [11, 4, 12, 8], "rotation": 90, "texture": "#particle"}
			}
		},
		{
			"name": "anubis_4",
			"from": [16.725, 3.1, 6.43055],
			"to": [17.125, 3.5, 6.83055],
			"rotation": {"angle": 45, "axis": "y", "origin": [10, 3.5, 8.5]},
			"faces": {
				"north": {"uv": [14, 4, 15, 5], "rotation": 270, "texture": "#particle"},
				"east": {"uv": [15, 4, 14, 5], "rotation": 180, "texture": "#particle"},
				"south": {"uv": [14, 4, 15, 5], "rotation": 90, "texture": "#particle"},
				"west": {"uv": [14, 4, 15, 5], "rotation": 180, "texture": "#particle"},
				"up": {"uv": [14, 5, 15, 4], "rotation": 270, "texture": "#particle"},
				"down": {"uv": [14, 4, 15, 5], "rotation": 90, "texture": "#particle"}
			}
		},
		{
			"name": "anubis_5",
			"from": [15.125, 3.1, 8.03055],
			"to": [16.725, 3.5, 8.43055],
			"rotation": {"angle": 45, "axis": "y", "origin": [10, 3.5, 8.5]},
			"faces": {
				"north": {"uv": [10, 5, 11, 9], "rotation": 270, "texture": "#particle"},
				"east": {"uv": [11, 5, 10, 6], "rotation": 180, "texture": "#particle"},
				"south": {"uv": [10, 5, 11, 9], "rotation": 90, "texture": "#particle"},
				"west": {"uv": [10, 8, 11, 9], "rotation": 180, "texture": "#particle"},
				"up": {"uv": [10, 9, 11, 5], "rotation": 270, "texture": "#particle"},
				"down": {"uv": [10, 5, 11, 9], "rotation": 90, "texture": "#particle"}
			}
		},
		{
			"name": "anubis_6",
			"from": [14.725, 3.1, 8.43055],
			"to": [16.325, 3.5, 8.83055],
			"rotation": {"angle": 45, "axis": "y", "origin": [10, 3.5, 8.5]},
			"faces": {
				"north": {"uv": [9, 6, 10, 10], "rotation": 270, "texture": "#particle"},
				"east": {"uv": [10, 6, 9, 7], "rotation": 180, "texture": "#particle"},
				"south": {"uv": [9, 6, 10, 10], "rotation": 90, "texture": "#particle"},
				"west": {"uv": [9, 9, 10, 10], "rotation": 180, "texture": "#particle"},
				"up": {"uv": [9, 10, 10, 6], "rotation": 270, "texture": "#particle"},
				"down": {"uv": [9, 6, 10, 10], "rotation": 90, "texture": "#particle"}
			}
		},
		{
			"name": "anubis_7",
			"from": [13.125, 3.1, 10.43055],
			"to": [15.925, 3.5, 10.83055],
			"rotation": {"angle": 45, "axis": "y", "origin": [10, 3.5, 8.5]},
			"faces": {
				"north": {"uv": [4, 7, 5, 14], "rotation": 270, "texture": "#particle"},
				"east": {"uv": [5, 7, 4, 8], "rotation": 180, "texture": "#particle"},
				"south": {"uv": [4, 7, 5, 14], "rotation": 90, "texture": "#particle"},
				"west": {"uv": [4, 13, 5, 14], "rotation": 180, "texture": "#particle"},
				"up": {"uv": [4, 14, 5, 7], "rotation": 270, "texture": "#particle"},
				"down": {"uv": [4, 7, 5, 14], "rotation": 90, "texture": "#particle"}
			}
		},
		{
			"name": "anubis_8",
			"from": [12.725, 3.1, 8.83055],
			"to": [15.925, 3.5, 9.23055],
			"rotation": {"angle": 45, "axis": "y", "origin": [10, 3.5, 8.5]},
			"faces": {
				"north": {"uv": [8, 7, 9, 15], "rotation": 270, "texture": "#particle"},
				"east": {"uv": [9, 7, 8, 8], "rotation": 180, "texture": "#particle"},
				"south": {"uv": [8, 7, 9, 15], "rotation": 90, "texture": "#particle"},
				"west": {"uv": [8, 14, 9, 15], "rotation": 180, "texture": "#particle"},
				"up": {"uv": [8, 15, 9, 7], "rotation": 270, "texture": "#particle"},
				"down": {"uv": [8, 7, 9, 15], "rotation": 90, "texture": "#particle"}
			}
		},
		{
			"name": "anubis_9",
			"from": [15.125, 3.1, 10.83055],
			"to": [15.525, 3.5, 11.63055],
			"rotation": {"angle": 45, "axis": "y", "origin": [10, 3.5, 8.5]},
			"faces": {
				"north": {"uv": [3, 8, 4, 9], "rotation": 270, "texture": "#particle"},
				"east": {"uv": [4, 8, 2, 9], "rotation": 180, "texture": "#particle"},
				"south": {"uv": [2, 8, 3, 9], "rotation": 90, "texture": "#particle"},
				"west": {"uv": [2, 8, 4, 9], "rotation": 180, "texture": "#particle"},
				"up": {"uv": [2, 9, 4, 8], "rotation": 270, "texture": "#particle"},
				"down": {"uv": [2, 8, 4, 9], "rotation": 90, "texture": "#particle"}
			}
		},
		{
			"name": "anubis_10",
			"from": [13.525, 3.1, 10.03055],
			"to": [15.525, 3.5, 10.43055],
			"rotation": {"angle": 45, "axis": "y", "origin": [10, 3.5, 8.5]},
			"faces": {
				"north": {"uv": [5, 8, 6, 13], "rotation": 270, "texture": "#particle"},
				"east": {"uv": [6, 8, 5, 9], "rotation": 180, "texture": "#particle"},
				"south": {"uv": [5, 8, 6, 13], "rotation": 90, "texture": "#particle"},
				"west": {"uv": [5, 12, 6, 13], "rotation": 180, "texture": "#particle"},
				"up": {"uv": [5, 13, 6, 8], "rotation": 270, "texture": "#particle"},
				"down": {"uv": [5, 8, 6, 13], "rotation": 90, "texture": "#particle"}
			}
		},
		{
			"name": "anubis_11",
			"from": [13.125, 3.1, 9.23055],
			"to": [15.525, 3.5, 9.63055],
			"rotation": {"angle": 45, "axis": "y", "origin": [10, 3.5, 8.5]},
			"faces": {
				"north": {"uv": [7, 8, 8, 14], "rotation": 270, "texture": "#particle"},
				"east": {"uv": [8, 8, 7, 9], "rotation": 180, "texture": "#particle"},
				"south": {"uv": [7, 8, 8, 14], "rotation": 90, "texture": "#particle"},
				"west": {"uv": [7, 13, 8, 14], "rotation": 180, "texture": "#particle"},
				"up": {"uv": [7, 14, 8, 8], "rotation": 270, "texture": "#particle"},
				"down": {"uv": [7, 8, 8, 14], "rotation": 90, "texture": "#particle"}
			}
		},
		{
			"name": "anubis_12",
			"from": [14.725, 3.1, 10.83055],
			"to": [15.125, 3.5, 11.23055],
			"rotation": {"angle": 45, "axis": "y", "origin": [10, 3.5, 8.5]},
			"faces": {
				"north": {"uv": [3, 9, 4, 10], "rotation": 270, "texture": "#particle"},
				"east": {"uv": [4, 9, 3, 10], "rotation": 180, "texture": "#particle"},
				"south": {"uv": [3, 9, 4, 10], "rotation": 90, "texture": "#particle"},
				"west": {"uv": [3, 9, 4, 10], "rotation": 180, "texture": "#particle"},
				"up": {"uv": [3, 10, 4, 9], "rotation": 270, "texture": "#particle"},
				"down": {"uv": [3, 9, 4, 10], "rotation": 90, "texture": "#particle"}
			}
		},
		{
			"name": "anubis_13",
			"from": [13.525, 3.1, 9.63055],
			"to": [15.125, 3.5, 10.03055],
			"rotation": {"angle": 45, "axis": "y", "origin": [10, 3.5, 8.5]},
			"faces": {
				"north": {"uv": [6, 9, 7, 13], "rotation": 270, "texture": "#particle"},
				"east": {"uv": [7, 9, 6, 10], "rotation": 180, "texture": "#particle"},
				"south": {"uv": [6, 9, 7, 13], "rotation": 90, "texture": "#particle"},
				"west": {"uv": [6, 12, 7, 13], "rotation": 180, "texture": "#particle"},
				"up": {"uv": [6, 13, 7, 9], "rotation": 270, "texture": "#particle"},
				"down": {"uv": [6, 9, 7, 13], "rotation": 90, "texture": "#particle"}
			}
		},
		{
			"name": "anubis_14",
			"from": [12.725, 3.1, 10.83055],
			"to": [13.925, 3.5, 11.23055],
			"rotation": {"angle": 45, "axis": "y", "origin": [10, 3.5, 8.5]},
			"faces": {
				"north": {"uv": [3, 12, 4, 15], "rotation": 270, "texture": "#particle"},
				"east": {"uv": [4, 12, 3, 13], "rotation": 180, "texture": "#particle"},
				"south": {"uv": [3, 12, 4, 15], "rotation": 90, "texture": "#particle"},
				"west": {"uv": [3, 14, 4, 15], "rotation": 180, "texture": "#particle"},
				"up": {"uv": [3, 15, 4, 12], "rotation": 270, "texture": "#particle"},
				"down": {"uv": [3, 12, 4, 15], "rotation": 90, "texture": "#particle"}
			}
		},
		{
			"name": "anubis_15",
			"from": [13.525, 3.1, 8.43055],
			"to": [13.925, 3.5, 8.83055],
			"rotation": {"angle": 45, "axis": "y", "origin": [10, 3.5, 8.5]},
			"faces": {
				"north": {"uv": [9, 12, 10, 13], "rotation": 270, "texture": "#particle"},
				"east": {"uv": [10, 12, 9, 13], "rotation": 180, "texture": "#particle"},
				"south": {"uv": [9, 12, 10, 13], "rotation": 90, "texture": "#particle"},
				"west": {"uv": [9, 12, 10, 13], "rotation": 180, "texture": "#particle"},
				"up": {"uv": [9, 13, 10, 12], "rotation": 270, "texture": "#particle"},
				"down": {"uv": [9, 12, 10, 13], "rotation": 90, "texture": "#particle"}
			}
		},
		{
			"name": "anubis_16",
			"from": [12.325, 3.1, 11.23055],
			"to": [13.525, 3.5, 11.63055],
			"rotation": {"angle": 45, "axis": "y", "origin": [10, 3.5, 8.5]},
			"faces": {
				"north": {"uv": [2, 13, 3, 16], "rotation": 270, "texture": "#particle"},
				"east": {"uv": [3, 13, 2, 14], "rotation": 180, "texture": "#particle"},
				"south": {"uv": [2, 13, 3, 16], "rotation": 90, "texture": "#particle"},
				"west": {"uv": [2, 15, 3, 16], "rotation": 180, "texture": "#particle"},
				"up": {"uv": [2, 16, 3, 13], "rotation": 270, "texture": "#particle"},
				"down": {"uv": [2, 13, 3, 16], "rotation": 90, "texture": "#particle"}
			}
		},
		{
			"name": "anubis_17",
			"from": [12.325, 3.1, 11.63055],
			"to": [13.125, 3.5, 12.03055],
			"rotation": {"angle": 45, "axis": "y", "origin": [10, 3.5, 8.5]},
			"faces": {
				"north": {"uv": [1, 14, 2, 16], "rotation": 270, "texture": "#particle"},
				"east": {"uv": [2, 14, 1, 15], "rotation": 180, "texture": "#particle"},
				"south": {"uv": [1, 14, 2, 16], "rotation": 90, "texture": "#particle"},
				"west": {"uv": [1, 15, 2, 16], "rotation": 180, "texture": "#particle"},
				"up": {"uv": [1, 16, 2, 14], "rotation": 270, "texture": "#particle"},
				"down": {"uv": [1, 14, 2, 16], "rotation": 90, "texture": "#particle"}
			}
		}
	],
	"display": {
		"thirdperson_righthand": {
			"rotation": [138, 0, -90.79],
			"translation": [3.5, 3.25, 1.5],
			"scale": [0.6, 0.6, 0.6]
		},
		"thirdperson_lefthand": {
			"rotation": [50, 0, -90.79],
			"translation": [3.5, 3.25, 1.5],
			"scale": [0.6, 0.6, 0.6]
		},
		"firstperson_righthand": {
			"rotation": [139.4, -2.87, -108.59],
			"translation": [4.75, 6.5, 0]
		},
		"firstperson_lefthand": {
			"rotation": [140.57, 4.99, 83.4],
			"translation": [-8.75, 5.25, 3]
		},
		"ground": {
			"translation": [0, 5.75, 0]
		},
		"gui": {
			"rotation": [0, -86.25, 90],
			"translation": [-0.25, -0.25, 0],
			"scale": [0.95508, 0.95508, 0.95508]
		},
		"head": {
			"translation": [1.5, 4.25, -4.25],
			"scale": [3.2, 3.2, 3.2]
		},
		"fixed": {
			"rotation": [90, 0, 0],
			"translation": [0, 0, 7.75],
			"scale": [1.08008, 1.08008, 1.08008]
		}
	},
	"groups": [
		{
			"name": "Head",
			"origin": [0, 24, 0],
			"color": 0,
			"children": [0, 1]
		},
		{
			"name": "Body",
			"origin": [0, 24, 0],
			"color": 0,
			"children": [2, 3]
		},
		{
			"name": "RightArm",
			"origin": [5, 22, 0],
			"color": 0,
			"children": [
				4,
				5,
				{
					"name": "RightArm",
					"origin": [5, 22, 0],
					"color": 0,
					"children": [6, 7]
				}
			]
		},
		{
			"name": "RightLeg",
			"origin": [1.9, 12, 0],
			"color": 0,
			"children": [8, 9]
		},
		{
			"name": "LeftLeg",
			"origin": [-1.9, 12, 0],
			"color": 0,
			"children": [10, 11]
		},
		12,
		13,
		{
			"name": "RightArm",
			"origin": [5, 22, 0],
			"color": 0,
			"children": [
				14,
				15,
				{
					"name": "RightArm",
					"origin": [5, 22, 0],
					"color": 0,
					"children": [16, 17]
				}
			]
		},
		{
			"name": "broken_anubis",
			"origin": [8, 8, 8],
			"color": 0,
			"children": [
				{
					"name": "anubis",
					"origin": [8, 8, 8],
					"color": 0,
					"children": [18, 19, 20, 21, 22, 23, 24, 25, 26, 27, 28, 29, 30, 31, 32, 33, 34, 35]
				}
			]
		}
	]
}