{
	"credit": "Made with Blockbench",
	"texture_size": [64, 64],
	"textures": {
		"0": "nw:stand/base/silver_chariot",
		"2": "nw:stand/evo/anubis",
		"particle": "nw:item/broken_anubis"
	},
	"elements": [
		{
			"name": "Head",
			"from": [4, 12.5, 8.75],
			"to": [12, 20.5, 16.75],
			"rotation": {"angle": 0, "axis": "y", "origin": [8, 11, 12]},
			"faces": {
				"north": {"uv": [2, 2, 4, 4], "texture": "#2"},
				"east": {"uv": [0, 2, 2, 4], "texture": "#2"},
				"south": {"uv": [6, 2, 8, 4], "texture": "#2"},
				"west": {"uv": [4, 2, 6, 4], "texture": "#2"},
				"up": {"uv": [4, 2, 2, 0], "texture": "#2"},
				"down": {"uv": [6, 0, 4, 2], "texture": "#2"}
			}
		},
		{
			"name": "Hat Layer",
			"from": [3.5, 12, 8.25],
			"to": [12.5, 21, 17.25],
			"rotation": {"angle": 0, "axis": "y", "origin": [8, 11, 12]},
			"faces": {
				"north": {"uv": [10, 2, 12, 4], "texture": "#2"},
				"east": {"uv": [8, 2, 10, 4], "texture": "#2"},
				"south": {"uv": [14, 2, 16, 4], "texture": "#2"},
				"west": {"uv": [12, 2, 14, 4], "texture": "#2"},
				"up": {"uv": [12, 2, 10, 0], "texture": "#2"},
				"down": {"uv": [14, 0, 12, 2], "texture": "#2"}
			}
		},
		{
			"name": "Body",
			"from": [4, -0.07609, 10.59012],
			"to": [12, 11.92391, 14.59012],
			"rotation": {"angle": -22.5, "axis": "x", "origin": [8, 11, 13]},
			"faces": {
				"north": {"uv": [5, 5, 7, 8], "texture": "#2"},
				"east": {"uv": [4, 5, 5, 8], "texture": "#2"},
				"south": {"uv": [8, 5, 10, 8], "texture": "#2"},
				"west": {"uv": [7, 5, 8, 8], "texture": "#2"},
				"up": {"uv": [7, 5, 5, 4], "texture": "#2"},
				"down": {"uv": [9, 4, 7, 5], "texture": "#2"}
			}
		},
		{
			"name": "Body Layer",
			"from": [3.75, -0.32609, 10.34012],
			"to": [12.25, 12.17391, 14.84012],
			"rotation": {"angle": -22.5, "axis": "x", "origin": [8, 11, 13]},
			"faces": {
				"north": {"uv": [5, 9, 7, 12], "texture": "#2"},
				"east": {"uv": [4, 9, 5, 12], "texture": "#2"},
				"south": {"uv": [8, 9, 10, 12], "texture": "#2"},
				"west": {"uv": [7, 9, 8, 12], "texture": "#2"},
				"up": {"uv": [7, 9, 5, 8], "texture": "#2"},
				"down": {"uv": [9, 8, 7, 9], "texture": "#2"}
			}
		},
		{
			"name": "Right Arm",
			"from": [15, 8, 0],
			"to": [18, 12, 6],
			"rotation": {"angle": -45, "axis": "y", "origin": [13, 11, 8]},
			"faces": {
				"north": {"uv": [12.5, 4, 11.75, 5], "rotation": 180, "texture": "#2"},
				"east": {"uv": [10, 6.5, 11, 8], "rotation": 270, "texture": "#2"},
				"south": {"uv": [11.75, 5, 11, 4], "texture": "#2"},
				"west": {"uv": [11.75, 6.75, 12.75, 8], "rotation": 90, "texture": "#2"},
				"up": {"uv": [11, 6.75, 11.75, 8], "rotation": 180, "texture": "#2"},
				"down": {"uv": [12.75, 6.75, 13.5, 8], "texture": "#2"}
			}
		},
		{
			"name": "Right Arm Layer",
			"from": [14.75, 7.75, -0.25],
			"to": [18.25, 12.25, 6.25],
			"rotation": {"angle": -45, "axis": "y", "origin": [13, 11, 8]},
			"faces": {
				"north": {"uv": [12.5, 8, 11.75, 9], "rotation": 180, "texture": "#2"},
				"east": {"uv": [10, 10.5, 11, 12], "rotation": 270, "texture": "#2"},
				"south": {"uv": [11.75, 9, 11, 8], "texture": "#2"},
				"west": {"uv": [11.75, 10.5, 12.75, 12], "rotation": 90, "texture": "#2"},
				"up": {"uv": [11, 10.5, 11.75, 12], "rotation": 180, "texture": "#2"},
				"down": {"uv": [12.75, 10.5, 13.5, 12], "texture": "#2"}
			}
		},
		{
			"name": "Right Arm",
			"from": [15, 8, 6],
			"to": [18, 12, 12],
			"rotation": {"angle": -45, "axis": "y", "origin": [13, 11, 8]},
			"faces": {
				"north": {"uv": [12.5, 4, 11.75, 5], "rotation": 180, "texture": "#2"},
				"east": {"uv": [10, 5, 11, 6.5], "rotation": 270, "texture": "#2"},
				"south": {"uv": [11.75, 5, 11, 4], "texture": "#2"},
				"west": {"uv": [11.75, 5, 12.75, 6.5], "rotation": 90, "texture": "#2"},
				"up": {"uv": [11, 5, 11.75, 6.5], "rotation": 180, "texture": "#2"},
				"down": {"uv": [12.75, 5, 13.5, 6.5], "texture": "#2"}
			}
		},
		{
			"name": "Right Arm Layer",
			"from": [14.75, 7.75, 5.75],
			"to": [18.25, 12.25, 12.25],
			"rotation": {"angle": -45, "axis": "y", "origin": [13, 11, 8]},
			"faces": {
				"north": {"uv": [12.5, 8, 11.75, 9], "rotation": 180, "texture": "#2"},
				"east": {"uv": [10, 9, 11, 10.5], "rotation": 270, "texture": "#2"},
				"south": {"uv": [11.75, 9, 11, 8], "texture": "#2"},
				"west": {"uv": [11.75, 9, 12.75, 10.5], "rotation": 90, "texture": "#2"},
				"up": {"uv": [11, 9, 11.75, 10.5], "rotation": 180, "texture": "#2"},
				"down": {"uv": [12.75, 9, 13.5, 10.5], "texture": "#2"}
			}
		},
		{
			"name": "Right Leg",
			"from": [7.9, -8.32538, 2.55377],
			"to": [11.9, 3.67462, 6.55377],
			"rotation": {"angle": -45, "axis": "x", "origin": [8, 11, 13]},
			"faces": {
				"north": {"uv": [1, 5, 2, 8], "texture": "#2"},
				"east": {"uv": [0, 5, 1, 8], "texture": "#2"},
				"south": {"uv": [3, 5, 4, 8], "texture": "#2"},
				"west": {"uv": [2, 5, 3, 8], "texture": "#2"},
				"up": {"uv": [2, 5, 1, 4], "texture": "#2"},
				"down": {"uv": [3, 4, 2, 5], "texture": "#2"}
			}
		},
		{
			"name": "Right Leg Layer",
			"from": [7.65, -8.57538, 2.30377],
			"to": [12.15, 3.92462, 6.80377],
			"rotation": {"angle": -45, "axis": "x", "origin": [8, 11, 13]},
			"faces": {
				"north": {"uv": [1, 9, 2, 12], "texture": "#2"},
				"east": {"uv": [0, 9, 1, 12], "texture": "#2"},
				"south": {"uv": [3, 9, 4, 12], "texture": "#2"},
				"west": {"uv": [2, 9, 3, 12], "texture": "#2"},
				"up": {"uv": [2, 9, 1, 8], "texture": "#2"},
				"down": {"uv": [3, 8, 2, 9], "texture": "#2"}
			}
		},
		{
			"name": "Left Leg",
			"from": [4.1, -11, 6],
			"to": [8.1, 1, 10],
			"rotation": {"angle": -45, "axis": "x", "origin": [8, 11, 13]},
			"faces": {
				"north": {"uv": [5, 13, 6, 16], "texture": "#2"},
				"east": {"uv": [4, 13, 5, 16], "texture": "#2"},
				"south": {"uv": [7, 13, 8, 16], "texture": "#2"},
				"west": {"uv": [6, 13, 7, 16], "texture": "#2"},
				"up": {"uv": [6, 13, 5, 12], "texture": "#2"},
				"down": {"uv": [7, 12, 6, 13], "texture": "#2"}
			}
		},
		{
			"name": "Left Leg Layer",
			"from": [3.85, -11.25, 5.75],
			"to": [8.35, 1.25, 10.25],
			"rotation": {"angle": -45, "axis": "x", "origin": [8, 11, 13]},
			"faces": {
				"north": {"uv": [1, 13, 2, 16], "texture": "#2"},
				"east": {"uv": [0, 13, 1, 16], "texture": "#2"},
				"south": {"uv": [3, 13, 4, 16], "texture": "#2"},
				"west": {"uv": [2, 13, 3, 16], "texture": "#2"},
				"up": {"uv": [2, 13, 1, 12], "texture": "#2"},
				"down": {"uv": [3, 12, 2, 13], "texture": "#2"}
			}
		},
		{
			"from": [-1, 8, 15],
			"to": [0, 13, 20],
			"rotation": {"angle": -45, "axis": "y", "origin": [13, 20.25, 6.5]},
			"faces": {
				"north": {"uv": [0.25, 0, 0, 1.25], "texture": "#0"},
				"east": {"uv": [1.25, 0, 0, 1.25], "texture": "#0"},
				"south": {"uv": [0.25, 0, 0, 1.25], "texture": "#0"},
				"west": {"uv": [1.25, 0, 0, 1.25], "texture": "#0"},
				"up": {"uv": [0, 0.25, 1.25, 0], "rotation": 90, "texture": "#0"},
				"down": {"uv": [0, 0.25, 1.25, 0], "rotation": 270, "texture": "#0"}
			}
		},
		{
			"from": [-16, 10, 17],
			"to": [1, 11, 18],
			"rotation": {"angle": -45, "axis": "y", "origin": [13, 20.25, 6.5]},
			"faces": {
				"north": {"uv": [9.5, 16, 9.75, 13], "rotation": 90, "texture": "#0"},
				"east": {"uv": [0.25, 0, 0, 0.25], "texture": "#0"},
				"south": {"uv": [9.5, 16, 9.75, 13], "rotation": 270, "texture": "#0"},
				"west": {"uv": [6.25, 2.75, 6, 3], "texture": "#0"},
				"up": {"uv": [9.5, 16, 9.75, 11.75], "rotation": 90, "texture": "#0"},
				"down": {"uv": [9.25, 16, 9.5, 11.75], "rotation": 270, "texture": "#0"}
			}
		},
		{
			"name": "Right Arm",
			"from": [-2, 8, 0],
			"to": [1, 12, 6],
			"rotation": {"angle": 45, "axis": "y", "origin": [3, 11, 8]},
			"faces": {
				"north": {"uv": [11.75, 4, 12.5, 5], "rotation": 180, "texture": "#2"},
				"east": {"uv": [11.75, 8, 12.75, 6.75], "rotation": 90, "texture": "#2"},
				"south": {"uv": [11, 5, 11.75, 4], "texture": "#2"},
				"west": {"uv": [10, 8, 11, 6.5], "rotation": 270, "texture": "#2"},
				"up": {"uv": [11.75, 6.75, 11, 8], "rotation": 180, "texture": "#2"},
				"down": {"uv": [13.5, 6.75, 12.75, 8], "texture": "#2"}
			}
		},
		{
			"name": "Right Arm Layer",
			"from": [-2.25, 7.75, -0.25],
			"to": [1.25, 12.25, 6.25],
			"rotation": {"angle": 45, "axis": "y", "origin": [3, 11, 8]},
			"faces": {
				"north": {"uv": [11.75, 8, 12.5, 9], "rotation": 180, "texture": "#2"},
				"east": {"uv": [11.75, 12, 12.75, 10.5], "rotation": 90, "texture": "#2"},
				"south": {"uv": [11, 9, 11.75, 8], "texture": "#2"},
				"west": {"uv": [10, 12, 11, 10.5], "rotation": 270, "texture": "#2"},
				"up": {"uv": [11.75, 10.5, 11, 12], "rotation": 180, "texture": "#2"},
				"down": {"uv": [13.5, 10.5, 12.75, 12], "texture": "#2"}
			}
		},
		{
			"name": "Right Arm",
			"from": [-2, 8, 6],
			"to": [1, 12, 12],
			"rotation": {"angle": 45, "axis": "y", "origin": [3, 11, 8]},
			"faces": {
				"north": {"uv": [11.75, 4, 12.5, 5], "rotation": 180, "texture": "#2"},
				"east": {"uv": [11.75, 6.5, 12.75, 5], "rotation": 90, "texture": "#2"},
				"south": {"uv": [11, 5, 11.75, 4], "texture": "#2"},
				"west": {"uv": [10, 6.5, 11, 5], "rotation": 270, "texture": "#2"},
				"up": {"uv": [11.75, 5, 11, 6.5], "rotation": 180, "texture": "#2"},
				"down": {"uv": [13.5, 5, 12.75, 6.5], "texture": "#2"}
			}
		},
		{
			"name": "Right Arm Layer",
			"from": [-2.25, 7.75, 5.75],
			"to": [1.25, 12.25, 12.25],
			"rotation": {"angle": 45, "axis": "y", "origin": [3, 11, 8]},
			"faces": {
				"north": {"uv": [11.75, 8, 12.5, 9], "rotation": 180, "texture": "#2"},
				"east": {"uv": [11.75, 10.5, 12.75, 9], "rotation": 90, "texture": "#2"},
				"south": {"uv": [11, 9, 11.75, 8], "texture": "#2"},
				"west": {"uv": [10, 10.5, 11, 9], "rotation": 270, "texture": "#2"},
				"up": {"uv": [11.75, 9, 11, 10.5], "rotation": 180, "texture": "#2"},
				"down": {"uv": [13.5, 9, 12.75, 10.5], "texture": "#2"}
			}
		},
		{
			"name": "anubis_0",
			"from": [28.0889, 9.2, -5.2],
			"to": [29.6889, 10, -2],
			"rotation": {"angle": 0, "axis": "y", "origin": [8.04445, 2, 8.88889]},
			"faces": {
				"north": {"uv": [14, 0, 16, 1], "rotation": 180, "texture": "#particle"},
				"east": {"uv": [16, 0, 15, 4], "rotation": 90, "texture": "#particle"},
				"south": {"uv": [16, 3, 14, 4], "rotation": 180, "texture": "#particle"},
				"west": {"uv": [15, 0, 14, 4], "rotation": 270, "texture": "#particle"},
				"up": {"uv": [16, 4, 14, 0], "rotation": 180, "texture": "#particle"},
				"down": {"uv": [16, 0, 14, 4], "rotation": 180, "texture": "#particle"}
			}
		},
		{
			"name": "anubis_1",
			"from": [27.2889, 9.2, -3.6],
			"to": [28.0889, 10, -0.4],
			"rotation": {"angle": 0, "axis": "y", "origin": [8.04445, 2, 8.88889]},
			"faces": {
				"north": {"uv": [13, 2, 14, 3], "rotation": 180, "texture": "#particle"},
				"east": {"uv": [14, 2, 13, 6], "rotation": 90, "texture": "#particle"},
				"south": {"uv": [14, 5, 13, 6], "rotation": 180, "texture": "#particle"},
				"west": {"uv": [14, 2, 13, 6], "rotation": 270, "texture": "#particle"},
				"up": {"uv": [14, 6, 13, 2], "rotation": 180, "texture": "#particle"},
				"down": {"uv": [14, 2, 13, 6], "rotation": 180, "texture": "#particle"}
			}
		},
		{
			"name": "anubis_2",
			"from": [26.4889, 9.2, -2.8],
			"to": [27.2889, 10, 0.4],
			"rotation": {"angle": 0, "axis": "y", "origin": [8.04445, 2, 8.88889]},
			"faces": {
				"north": {"uv": [12, 3, 13, 4], "rotation": 180, "texture": "#particle"},
				"east": {"uv": [13, 3, 12, 7], "rotation": 90, "texture": "#particle"},
				"south": {"uv": [13, 6, 12, 7], "rotation": 180, "texture": "#particle"},
				"west": {"uv": [13, 3, 12, 7], "rotation": 270, "texture": "#particle"},
				"up": {"uv": [13, 7, 12, 3], "rotation": 180, "texture": "#particle"},
				"down": {"uv": [13, 3, 12, 7], "rotation": 180, "texture": "#particle"}
			}
		},
		{
			"name": "anubis_3",
			"from": [25.6889, 9.2, -2],
			"to": [26.4889, 10, 1.2],
			"rotation": {"angle": 0, "axis": "y", "origin": [8.04445, 2, 8.88889]},
			"faces": {
				"north": {"uv": [11, 4, 12, 5], "rotation": 180, "texture": "#particle"},
				"east": {"uv": [12, 4, 11, 8], "rotation": 90, "texture": "#particle"},
				"south": {"uv": [12, 7, 11, 8], "rotation": 180, "texture": "#particle"},
				"west": {"uv": [12, 4, 11, 8], "rotation": 270, "texture": "#particle"},
				"up": {"uv": [12, 8, 11, 4], "rotation": 180, "texture": "#particle"},
				"down": {"uv": [12, 4, 11, 8], "rotation": 180, "texture": "#particle"}
			}
		},
		{
			"name": "anubis_4",
			"from": [28.0889, 9.2, -2],
			"to": [28.8889, 10, -1.2],
			"rotation": {"angle": 0, "axis": "y", "origin": [8.04445, 2, 8.88889]},
			"faces": {
				"north": {"uv": [14, 4, 15, 5], "rotation": 180, "texture": "#particle"},
				"east": {"uv": [15, 4, 14, 5], "rotation": 90, "texture": "#particle"},
				"south": {"uv": [15, 4, 14, 5], "rotation": 180, "texture": "#particle"},
				"west": {"uv": [15, 4, 14, 5], "rotation": 270, "texture": "#particle"},
				"up": {"uv": [15, 5, 14, 4], "rotation": 180, "texture": "#particle"},
				"down": {"uv": [15, 4, 14, 5], "rotation": 180, "texture": "#particle"}
			}
		},
		{
			"name": "anubis_5",
			"from": [24.8889, 9.2, -1.2],
			"to": [25.6889, 10, 2],
			"rotation": {"angle": 0, "axis": "y", "origin": [8.04445, 2, 8.88889]},
			"faces": {
				"north": {"uv": [10, 5, 11, 6], "rotation": 180, "texture": "#particle"},
				"east": {"uv": [11, 5, 10, 9], "rotation": 90, "texture": "#particle"},
				"south": {"uv": [11, 8, 10, 9], "rotation": 180, "texture": "#particle"},
				"west": {"uv": [11, 5, 10, 9], "rotation": 270, "texture": "#particle"},
				"up": {"uv": [11, 9, 10, 5], "rotation": 180, "texture": "#particle"},
				"down": {"uv": [11, 5, 10, 9], "rotation": 180, "texture": "#particle"}
			}
		},
		{
			"name": "anubis_6",
			"from": [24.0889, 9.2, -0.4],
			"to": [24.8889, 10, 2.8],
			"rotation": {"angle": 0, "axis": "y", "origin": [8.04445, 2, 8.88889]},
			"faces": {
				"north": {"uv": [9, 6, 10, 7], "rotation": 180, "texture": "#particle"},
				"east": {"uv": [10, 6, 9, 10], "rotation": 90, "texture": "#particle"},
				"south": {"uv": [10, 9, 9, 10], "rotation": 180, "texture": "#particle"},
				"west": {"uv": [10, 6, 9, 10], "rotation": 270, "texture": "#particle"},
				"up": {"uv": [10, 10, 9, 6], "rotation": 180, "texture": "#particle"},
				"down": {"uv": [10, 6, 9, 10], "rotation": 180, "texture": "#particle"}
			}
		},
		{
			"name": "anubis_7",
			"from": [20.0889, 9.2, 0.4],
			"to": [20.8889, 10, 6],
			"rotation": {"angle": 0, "axis": "y", "origin": [8.04445, 2, 8.88889]},
			"faces": {
				"north": {"uv": [4, 7, 5, 8], "rotation": 180, "texture": "#particle"},
				"east": {"uv": [5, 7, 4, 14], "rotation": 90, "texture": "#particle"},
				"south": {"uv": [5, 13, 4, 14], "rotation": 180, "texture": "#particle"},
				"west": {"uv": [5, 7, 4, 14], "rotation": 270, "texture": "#particle"},
				"up": {"uv": [5, 14, 4, 7], "rotation": 180, "texture": "#particle"},
				"down": {"uv": [5, 7, 4, 14], "rotation": 180, "texture": "#particle"}
			}
		},
		{
			"name": "anubis_8",
			"from": [23.2889, 9.2, 0.4],
			"to": [24.0889, 10, 6.8],
			"rotation": {"angle": 0, "axis": "y", "origin": [8.04445, 2, 8.88889]},
			"faces": {
				"north": {"uv": [8, 7, 9, 8], "rotation": 180, "texture": "#particle"},
				"east": {"uv": [9, 7, 8, 15], "rotation": 90, "texture": "#particle"},
				"south": {"uv": [9, 14, 8, 15], "rotation": 180, "texture": "#particle"},
				"west": {"uv": [9, 7, 8, 15], "rotation": 270, "texture": "#particle"},
				"up": {"uv": [9, 15, 8, 7], "rotation": 180, "texture": "#particle"},
				"down": {"uv": [9, 7, 8, 15], "rotation": 180, "texture": "#particle"}
			}
		},
		{
			"name": "anubis_9",
			"from": [18.4889, 9.2, 1.2],
			"to": [20.0889, 10, 2],
			"rotation": {"angle": 0, "axis": "y", "origin": [8.04445, 2, 8.88889]},
			"faces": {
				"north": {"uv": [2, 8, 4, 9], "rotation": 180, "texture": "#particle"},
				"east": {"uv": [4, 8, 3, 9], "rotation": 90, "texture": "#particle"},
				"south": {"uv": [4, 8, 2, 9], "rotation": 180, "texture": "#particle"},
				"west": {"uv": [3, 8, 2, 9], "rotation": 270, "texture": "#particle"},
				"up": {"uv": [4, 9, 2, 8], "rotation": 180, "texture": "#particle"},
				"down": {"uv": [4, 8, 2, 9], "rotation": 180, "texture": "#particle"}
			}
		},
		{
			"name": "anubis_10",
			"from": [20.8889, 9.2, 1.2],
			"to": [21.6889, 10, 5.2],
			"rotation": {"angle": 0, "axis": "y", "origin": [8.04445, 2, 8.88889]},
			"faces": {
				"north": {"uv": [5, 8, 6, 9], "rotation": 180, "texture": "#particle"},
				"east": {"uv": [6, 8, 5, 13], "rotation": 90, "texture": "#particle"},
				"south": {"uv": [6, 12, 5, 13], "rotation": 180, "texture": "#particle"},
				"west": {"uv": [6, 8, 5, 13], "rotation": 270, "texture": "#particle"},
				"up": {"uv": [6, 13, 5, 8], "rotation": 180, "texture": "#particle"},
				"down": {"uv": [6, 8, 5, 13], "rotation": 180, "texture": "#particle"}
			}
		},
		{
			"name": "anubis_11",
			"from": [22.4889, 9.2, 1.2],
			"to": [23.2889, 10, 6],
			"rotation": {"angle": 0, "axis": "y", "origin": [8.04445, 2, 8.88889]},
			"faces": {
				"north": {"uv": [7, 8, 8, 9], "rotation": 180, "texture": "#particle"},
				"east": {"uv": [8, 8, 7, 14], "rotation": 90, "texture": "#particle"},
				"south": {"uv": [8, 13, 7, 14], "rotation": 180, "texture": "#particle"},
				"west": {"uv": [8, 8, 7, 14], "rotation": 270, "texture": "#particle"},
				"up": {"uv": [8, 14, 7, 8], "rotation": 180, "texture": "#particle"},
				"down": {"uv": [8, 8, 7, 14], "rotation": 180, "texture": "#particle"}
			}
		},
		{
			"name": "anubis_12",
			"from": [19.2889, 9.2, 2],
			"to": [20.0889, 10, 2.8],
			"rotation": {"angle": 0, "axis": "y", "origin": [8.04445, 2, 8.88889]},
			"faces": {
				"north": {"uv": [3, 9, 4, 10], "rotation": 180, "texture": "#particle"},
				"east": {"uv": [4, 9, 3, 10], "rotation": 90, "texture": "#particle"},
				"south": {"uv": [4, 9, 3, 10], "rotation": 180, "texture": "#particle"},
				"west": {"uv": [4, 9, 3, 10], "rotation": 270, "texture": "#particle"},
				"up": {"uv": [4, 10, 3, 9], "rotation": 180, "texture": "#particle"},
				"down": {"uv": [4, 9, 3, 10], "rotation": 180, "texture": "#particle"}
			}
		},
		{
			"name": "anubis_13",
			"from": [21.6889, 9.2, 2],
			"to": [22.4889, 10, 5.2],
			"rotation": {"angle": 0, "axis": "y", "origin": [8.04445, 2, 8.88889]},
			"faces": {
				"north": {"uv": [6, 9, 7, 10], "rotation": 180, "texture": "#particle"},
				"east": {"uv": [7, 9, 6, 13], "rotation": 90, "texture": "#particle"},
				"south": {"uv": [7, 12, 6, 13], "rotation": 180, "texture": "#particle"},
				"west": {"uv": [7, 9, 6, 13], "rotation": 270, "texture": "#particle"},
				"up": {"uv": [7, 13, 6, 9], "rotation": 180, "texture": "#particle"},
				"down": {"uv": [7, 9, 6, 13], "rotation": 180, "texture": "#particle"}
			}
		},
		{
			"name": "anubis_14",
			"from": [19.2889, 9.2, 4.4],
			"to": [20.0889, 10, 6.8],
			"rotation": {"angle": 0, "axis": "y", "origin": [8.04445, 2, 8.88889]},
			"faces": {
				"north": {"uv": [3, 12, 4, 13], "rotation": 180, "texture": "#particle"},
				"east": {"uv": [4, 12, 3, 15], "rotation": 90, "texture": "#particle"},
				"south": {"uv": [4, 14, 3, 15], "rotation": 180, "texture": "#particle"},
				"west": {"uv": [4, 12, 3, 15], "rotation": 270, "texture": "#particle"},
				"up": {"uv": [4, 15, 3, 12], "rotation": 180, "texture": "#particle"},
				"down": {"uv": [4, 12, 3, 15], "rotation": 180, "texture": "#particle"}
			}
		},
		{
			"name": "anubis_15",
			"from": [24.0889, 9.2, 4.4],
			"to": [24.8889, 10, 5.2],
			"rotation": {"angle": 0, "axis": "y", "origin": [8.04445, 2, 8.88889]},
			"faces": {
				"north": {"uv": [9, 12, 10, 13], "rotation": 180, "texture": "#particle"},
				"east": {"uv": [10, 12, 9, 13], "rotation": 90, "texture": "#particle"},
				"south": {"uv": [10, 12, 9, 13], "rotation": 180, "texture": "#particle"},
				"west": {"uv": [10, 12, 9, 13], "rotation": 270, "texture": "#particle"},
				"up": {"uv": [10, 13, 9, 12], "rotation": 180, "texture": "#particle"},
				"down": {"uv": [10, 12, 9, 13], "rotation": 180, "texture": "#particle"}
			}
		},
		{
			"name": "anubis_16",
			"from": [18.4889, 9.2, 5.2],
			"to": [19.2889, 10, 7.6],
			"rotation": {"angle": 0, "axis": "y", "origin": [8.04445, 2, 8.88889]},
			"faces": {
				"north": {"uv": [2, 13, 3, 14], "rotation": 180, "texture": "#particle"},
				"east": {"uv": [3, 13, 2, 16], "rotation": 90, "texture": "#particle"},
				"south": {"uv": [3, 15, 2, 16], "rotation": 180, "texture": "#particle"},
				"west": {"uv": [3, 13, 2, 16], "rotation": 270, "texture": "#particle"},
				"up": {"uv": [3, 16, 2, 13], "rotation": 180, "texture": "#particle"},
				"down": {"uv": [3, 13, 2, 16], "rotation": 180, "texture": "#particle"}
			}
		},
		{
			"name": "anubis_17",
			"from": [17.6889, 9.2, 6],
			"to": [18.4889, 10, 7.6],
			"rotation": {"angle": 0, "axis": "y", "origin": [8.04445, 2, 8.88889]},
			"faces": {
				"north": {"uv": [1, 14, 2, 15], "rotation": 180, "texture": "#particle"},
				"east": {"uv": [2, 14, 1, 16], "rotation": 90, "texture": "#particle"},
				"south": {"uv": [2, 15, 1, 16], "rotation": 180, "texture": "#particle"},
				"west": {"uv": [2, 14, 1, 16], "rotation": 270, "texture": "#particle"},
				"up": {"uv": [2, 16, 1, 14], "rotation": 180, "texture": "#particle"},
				"down": {"uv": [2, 14, 1, 16], "rotation": 180, "texture": "#particle"}
			}
		}
	],
	"display": {
		"thirdperson_righthand": {
			"rotation": [138, 0, -90.79],
			"translation": [3.5, 3.25, 1.5],
			"scale": [0.6, 0.6, 0.6]
		},
		"thirdperson_lefthand": {
			"rotation": [50, 0, -90.79],
			"translation": [3.5, 3.25, 1.5],
			"scale": [0.6, 0.6, 0.6]
		},
		"firstperson_righthand": {
			"rotation": [139.4, -2.87, -108.59],
			"translation": [4.75, 6.5, 0]
		},
		"firstperson_lefthand": {
			"rotation": [140.57, 4.99, 83.4],
			"translation": [-8.75, 5.25, 3]
		},
		"ground": {
			"translation": [0, 5.75, 0]
		},
		"gui": {
			"rotation": [0, -86.25, 90],
			"translation": [-0.25, -0.25, 0],
			"scale": [0.95508, 0.95508, 0.95508]
		},
		"head": {
			"translation": [-0.5, -14.5, -6.5],
			"scale": [1.6, 1.6, 1.6]
		},
		"fixed": {
			"rotation": [90, 0, 0],
			"translation": [0, 0, 7.75],
			"scale": [1.08008, 1.08008, 1.08008]
		}
	},
	"groups": [
		{
			"name": "Head",
			"origin": [0, 24, 0],
			"color": 0,
			"children": [0, 1]
		},
		{
			"name": "Body",
			"origin": [0, 24, 0],
			"color": 0,
			"children": [2, 3]
		},
		{
			"name": "RightArm",
			"origin": [5, 22, 0],
			"color": 0,
			"children": [
				4,
				5,
				{
					"name": "RightArm",
					"origin": [5, 22, 0],
					"color": 0,
					"children": [6, 7]
				}
			]
		},
		{
			"name": "RightLeg",
			"origin": [1.9, 12, 0],
			"color": 0,
			"children": [8, 9]
		},
		{
			"name": "LeftLeg",
			"origin": [-1.9, 12, 0],
			"color": 0,
			"children": [10, 11]
		},
		12,
		13,
		{
			"name": "RightArm",
			"origin": [5, 22, 0],
			"color": 0,
			"children": [
				14,
				15,
				{
					"name": "RightArm",
					"origin": [5, 22, 0],
					"color": 0,
					"children": [16, 17]
				}
			]
		},
		{
			"name": "broken_anubis",
			"origin": [8, 8, 8],
			"color": 0,
			"children": [
				{
					"name": "anubis",
					"origin": [8, 8, 8],
					"color": 0,
					"children": [18, 19, 20, 21, 22, 23, 24, 25, 26, 27, 28, 29, 30, 31, 32, 33, 34, 35]
				}
			]
		}
	]
}