{
	"credit": "Made with Blockbench",
	"texture_size": [64, 64],
	"textures": {
		"0": "nw:stand/base/silver_chariot",
		"1": "nw:item/requiem",
		"particle": "nw:item/requiem"
	},
	"elements": [
		{
			"name": "Head",
			"from": [4, 12, 8],
			"to": [12, 20, 16],
			"rotation": {"angle": 22.5, "axis": "x", "origin": [8, 11, 12]},
			"faces": {
				"north": {"uv": [2, 2, 4, 4], "texture": "#0"},
				"east": {"uv": [0, 2, 2, 4], "texture": "#0"},
				"south": {"uv": [6, 2, 8, 4], "texture": "#0"},
				"west": {"uv": [4, 2, 6, 4], "texture": "#0"},
				"up": {"uv": [4, 2, 2, 0], "texture": "#0"},
				"down": {"uv": [6, 0, 4, 2], "texture": "#0"}
			}
		},
		{
			"name": "Hat Layer",
			"from": [3.5, 11.5, 7.5],
			"to": [12.5, 20.5, 16.5],
			"rotation": {"angle": 22.5, "axis": "x", "origin": [8, 11, 12]},
			"faces": {
				"north": {"uv": [10, 2, 12, 4], "texture": "#0"},
				"east": {"uv": [8, 2, 10, 4], "texture": "#0"},
				"south": {"uv": [14, 2, 16, 4], "texture": "#0"},
				"west": {"uv": [12, 2, 14, 4], "texture": "#0"},
				"up": {"uv": [12, 2, 10, 0], "texture": "#0"},
				"down": {"uv": [14, 0, 12, 2], "texture": "#0"}
			}
		},
		{
			"name": "Body",
			"from": [4, 1, 6],
			"to": [12, 13, 10],
			"rotation": {"angle": 22.5, "axis": "x", "origin": [8, 0, 8]},
			"faces": {
				"north": {"uv": [5, 5, 7, 8], "texture": "#0"},
				"east": {"uv": [4, 5, 5, 8], "texture": "#0"},
				"south": {"uv": [8, 5, 10, 8], "texture": "#0"},
				"west": {"uv": [7, 5, 8, 8], "texture": "#0"},
				"up": {"uv": [7, 5, 5, 4], "texture": "#0"},
				"down": {"uv": [9, 4, 7, 5], "texture": "#0"}
			}
		},
		{
			"name": "Body Layer",
			"from": [3.75, 0.75, 5.75],
			"to": [12.25, 13.25, 10.25],
			"rotation": {"angle": 22.5, "axis": "x", "origin": [8, 0, 8]},
			"faces": {
				"north": {"uv": [5, 9, 7, 12], "texture": "#0"},
				"east": {"uv": [4, 9, 5, 12], "texture": "#0"},
				"south": {"uv": [8, 9, 10, 12], "texture": "#0"},
				"west": {"uv": [7, 9, 8, 12], "texture": "#0"},
				"up": {"uv": [7, 9, 5, 8], "texture": "#0"},
				"down": {"uv": [9, 8, 7, 9], "texture": "#0"}
			}
		},
		{
			"name": "Right Arm",
			"from": [12, 8, 1],
			"to": [15, 12, 7],
			"rotation": {"angle": 0, "axis": "x", "origin": [13, 11, 8]},
			"faces": {
				"north": {"uv": [12.5, 4, 11.75, 5], "rotation": 180, "texture": "#0"},
				"east": {"uv": [10, 6.5, 11, 8], "rotation": 270, "texture": "#0"},
				"south": {"uv": [11.75, 5, 11, 4], "texture": "#0"},
				"west": {"uv": [11.75, 6.75, 12.75, 8], "rotation": 90, "texture": "#0"},
				"up": {"uv": [11, 6.75, 11.75, 8], "rotation": 180, "texture": "#0"},
				"down": {"uv": [12.75, 6.75, 13.5, 8], "texture": "#0"}
			}
		},
		{
			"name": "Right Arm Layer",
			"from": [11.75, 7.75, 0.75],
			"to": [15.25, 12.25, 7.25],
			"rotation": {"angle": 0, "axis": "x", "origin": [13, 11, 8]},
			"faces": {
				"north": {"uv": [12.5, 8, 11.75, 9], "rotation": 180, "texture": "#0"},
				"east": {"uv": [10, 10.5, 11, 12], "rotation": 270, "texture": "#0"},
				"south": {"uv": [11.75, 9, 11, 8], "texture": "#0"},
				"west": {"uv": [11.75, 10.5, 12.75, 12], "rotation": 90, "texture": "#0"},
				"up": {"uv": [11, 10.5, 11.75, 12], "rotation": 180, "texture": "#0"},
				"down": {"uv": [12.75, 10.5, 13.5, 12], "texture": "#0"}
			}
		},
		{
			"name": "Right Arm",
			"from": [12, 8, 7],
			"to": [15, 12, 13],
			"rotation": {"angle": 0, "axis": "x", "origin": [13, 11, 8]},
			"faces": {
				"north": {"uv": [12.5, 4, 11.75, 5], "rotation": 180, "texture": "#0"},
				"east": {"uv": [10, 5, 11, 6.5], "rotation": 270, "texture": "#0"},
				"south": {"uv": [11.75, 5, 11, 4], "texture": "#0"},
				"west": {"uv": [11.75, 5, 12.75, 6.5], "rotation": 90, "texture": "#0"},
				"up": {"uv": [11, 5, 11.75, 6.5], "rotation": 180, "texture": "#0"},
				"down": {"uv": [12.75, 5, 13.5, 6.5], "texture": "#0"}
			}
		},
		{
			"name": "Right Arm Layer",
			"from": [11.75, 7.75, 6.75],
			"to": [15.25, 12.25, 13.25],
			"rotation": {"angle": 0, "axis": "x", "origin": [13, 11, 8]},
			"faces": {
				"north": {"uv": [12.5, 8, 11.75, 9], "rotation": 180, "texture": "#0"},
				"east": {"uv": [10, 9, 11, 10.5], "rotation": 270, "texture": "#0"},
				"south": {"uv": [11.75, 9, 11, 8], "texture": "#0"},
				"west": {"uv": [11.75, 9, 12.75, 10.5], "rotation": 90, "texture": "#0"},
				"up": {"uv": [11, 9, 11.75, 10.5], "rotation": 180, "texture": "#0"},
				"down": {"uv": [12.75, 9, 13.5, 10.5], "texture": "#0"}
			}
		},
		{
			"name": "Left Leg",
			"from": [4.1, -9, 6],
			"to": [8.1, 1, 10],
			"rotation": {"angle": -22.5, "axis": "z", "origin": [6, 0, 8]},
			"faces": {
				"north": {"uv": [5, 13, 6, 15.5], "texture": "#0"},
				"east": {"uv": [4, 13, 5, 15.5], "texture": "#0"},
				"south": {"uv": [7, 13, 8, 15.5], "texture": "#0"},
				"west": {"uv": [6, 13, 7, 15.5], "texture": "#0"},
				"up": {"uv": [6, 13, 5, 12], "texture": "#0"},
				"down": {"uv": [7, 12, 6, 13], "texture": "#0"}
			}
		},
		{
			"name": "Left Leg Layer",
			"from": [3.85, -9.25, 5.75],
			"to": [8.35, 1.25, 10.25],
			"rotation": {"angle": -22.5, "axis": "z", "origin": [6, 0, 8]},
			"faces": {
				"north": {"uv": [1, 13, 2, 15.5], "texture": "#0"},
				"east": {"uv": [0, 13, 1, 15.5], "texture": "#0"},
				"south": {"uv": [3, 13, 4, 15.5], "texture": "#0"},
				"west": {"uv": [2, 13, 3, 15.5], "texture": "#0"},
				"up": {"uv": [2, 13, 1, 12], "texture": "#0"},
				"down": {"uv": [3, 12, 2, 13], "texture": "#0"}
			}
		},
		{
			"name": "Right Arm",
			"from": [1, 2, 10],
			"to": [4, 6, 14],
			"rotation": {"angle": -22.5, "axis": "z", "origin": [2, 11, 8]},
			"faces": {
				"north": {"uv": [11.75, 6.75, 11, 7.5], "texture": "#0"},
				"east": {"uv": [12.75, 6.75, 11.75, 7.5], "texture": "#0"},
				"south": {"uv": [13.5, 6.75, 12.75, 7.5], "texture": "#0"},
				"west": {"uv": [11, 6.75, 10, 7.5], "texture": "#0"},
				"up": {"uv": [11, 5, 11.75, 4], "texture": "#0"},
				"down": {"uv": [11, 4, 11.75, 5], "texture": "#0"}
			}
		},
		{
			"name": "Right Arm",
			"from": [2, -2, 11.5],
			"to": [3, 2, 12.5],
			"rotation": {"angle": -22.5, "axis": "z", "origin": [2, 11, 8]},
			"faces": {
				"north": {"uv": [12.75, 5.5, 12, 6.25], "texture": "#0"},
				"east": {"uv": [13, 5.5, 12, 6.25], "texture": "#0"},
				"south": {"uv": [12.75, 5.5, 12, 6.25], "texture": "#0"},
				"west": {"uv": [13, 5.5, 12, 6.25], "texture": "#0"},
				"up": {"uv": [11, 5, 11.75, 4], "texture": "#0"},
				"down": {"uv": [12, 6, 12.75, 7], "texture": "#0"}
			}
		},
		{
			"name": "Right Arm",
			"from": [5.5, -13, 7.25],
			"to": [6.5, -9, 8.25],
			"rotation": {"angle": -22.5, "axis": "z", "origin": [6, 0, 8]},
			"faces": {
				"north": {"uv": [12.75, 5.5, 12, 6.25], "texture": "#0"},
				"east": {"uv": [13, 5.5, 12, 6.25], "texture": "#0"},
				"south": {"uv": [12.75, 5.5, 12, 6.25], "texture": "#0"},
				"west": {"uv": [13, 5.5, 12, 6.25], "texture": "#0"},
				"up": {"uv": [11, 5, 11.75, 4], "texture": "#0"},
				"down": {"uv": [12, 6, 12.75, 7], "texture": "#0"}
			}
		},
		{
			"name": "Right Arm",
			"from": [9.5, -13, 7.25],
			"to": [10.5, -9, 8.25],
			"rotation": {"angle": 22.5, "axis": "z", "origin": [10, 1, 8]},
			"faces": {
				"north": {"uv": [12, 5.5, 12.75, 6.25], "texture": "#0"},
				"east": {"uv": [12, 5.5, 13, 6.25], "texture": "#0"},
				"south": {"uv": [12, 5.5, 12.75, 6.25], "texture": "#0"},
				"west": {"uv": [12, 5.5, 13, 6.25], "texture": "#0"},
				"up": {"uv": [11.75, 5, 11, 4], "texture": "#0"},
				"down": {"uv": [12.75, 6, 12, 7], "texture": "#0"}
			}
		},
		{
			"name": "Right Arm",
			"from": [1, 6, 10],
			"to": [4, 12, 14],
			"rotation": {"angle": -22.5, "axis": "z", "origin": [2, 11, 8]},
			"faces": {
				"north": {"uv": [11.75, 5, 11, 6.5], "texture": "#0"},
				"east": {"uv": [12.75, 5, 11.75, 6.5], "texture": "#0"},
				"south": {"uv": [13.5, 5, 12.75, 6.5], "texture": "#0"},
				"west": {"uv": [11, 5, 10, 6.5], "texture": "#0"},
				"up": {"uv": [11, 5, 11.75, 4], "texture": "#0"},
				"down": {"uv": [11.75, 4, 12.5, 5], "texture": "#0"}
			}
		},
		{
			"name": "Right Arm Layer",
			"from": [0.75, 5.75, 9.75],
			"to": [4.25, 12.25, 14.25],
			"rotation": {"angle": -22.5, "axis": "z", "origin": [2, 11, 8]},
			"faces": {
				"north": {"uv": [11.75, 9, 11, 10.5], "texture": "#0"},
				"east": {"uv": [12.75, 9, 11.75, 10.5], "texture": "#0"},
				"south": {"uv": [13.5, 9, 12.75, 10.5], "texture": "#0"},
				"west": {"uv": [11, 9, 10, 10.5], "texture": "#0"},
				"up": {"uv": [11, 9, 11.75, 8], "texture": "#0"},
				"down": {"uv": [11.75, 8, 12.5, 9], "texture": "#0"}
			}
		},
		{
			"name": "Left Leg",
			"from": [7.9, -9, 6],
			"to": [11.9, 1, 10],
			"rotation": {"angle": 22.5, "axis": "z", "origin": [10, 1, 8]},
			"faces": {
				"north": {"uv": [6, 13, 5, 15.5], "texture": "#0"},
				"east": {"uv": [7, 13, 6, 15.5], "texture": "#0"},
				"south": {"uv": [8, 13, 7, 15.5], "texture": "#0"},
				"west": {"uv": [5, 13, 4, 15.5], "texture": "#0"},
				"up": {"uv": [5, 13, 6, 12], "texture": "#0"},
				"down": {"uv": [6, 12, 7, 13], "texture": "#0"}
			}
		},
		{
			"name": "Left Leg Layer",
			"from": [7.65, -9.25, 5.75],
			"to": [12.15, 1.25, 10.25],
			"rotation": {"angle": 22.5, "axis": "z", "origin": [10, 1, 8]},
			"faces": {
				"north": {"uv": [2, 13, 1, 15.5], "texture": "#0"},
				"east": {"uv": [3, 13, 2, 15.5], "texture": "#0"},
				"south": {"uv": [4, 13, 3, 15.5], "texture": "#0"},
				"west": {"uv": [1, 13, 0, 15.5], "texture": "#0"},
				"up": {"uv": [1, 13, 2, 12], "texture": "#0"},
				"down": {"uv": [2, 12, 3, 13], "texture": "#0"}
			}
		},
		{
			"name": "requiem_0",
			"from": [8.5, 16, 9],
			"to": [11, 16.5, 11.5],
			"rotation": {"angle": 22.5, "axis": "z", "origin": [9, 18, 7]},
			"faces": {
				"north": {"uv": [10, 5, 15, 6], "texture": "#1"},
				"east": {"uv": [10, 1, 11, 6], "rotation": 270, "texture": "#1"},
				"south": {"uv": [15, 1, 10, 2], "texture": "#1"},
				"west": {"uv": [14, 1, 15, 6], "rotation": 90, "texture": "#1"},
				"up": {"uv": [10, 1, 15, 6], "rotation": 180, "texture": "#1"},
				"down": {"uv": [10, 6, 15, 1], "rotation": 180, "texture": "#1"}
			}
		},
		{
			"name": "requiem_1",
			"from": [11, 16, 9.5],
			"to": [12, 16.5, 11],
			"rotation": {"angle": 22.5, "axis": "z", "origin": [9, 18, 7]},
			"faces": {
				"north": {"uv": [8, 4, 10, 5], "texture": "#1"},
				"east": {"uv": [8, 2, 9, 5], "rotation": 270, "texture": "#1"},
				"south": {"uv": [10, 2, 8, 3], "texture": "#1"},
				"west": {"uv": [9, 2, 10, 5], "rotation": 90, "texture": "#1"},
				"up": {"uv": [8, 2, 10, 5], "rotation": 180, "texture": "#1"},
				"down": {"uv": [8, 5, 10, 2], "rotation": 180, "texture": "#1"}
			}
		},
		{
			"name": "requiem_2",
			"from": [12, 16, 9.5],
			"to": [12.5, 16.5, 10.5],
			"rotation": {"angle": 22.5, "axis": "z", "origin": [9, 18, 7]},
			"faces": {
				"north": {"uv": [7, 4, 8, 5], "texture": "#1"},
				"east": {"uv": [7, 3, 8, 5], "rotation": 270, "texture": "#1"},
				"south": {"uv": [8, 3, 7, 4], "texture": "#1"},
				"west": {"uv": [7, 3, 8, 5], "rotation": 90, "texture": "#1"},
				"up": {"uv": [7, 3, 8, 5], "rotation": 180, "texture": "#1"},
				"down": {"uv": [7, 5, 8, 3], "rotation": 180, "texture": "#1"}
			}
		},
		{
			"name": "requiem_3",
			"from": [12.5, 16, 9.5],
			"to": [13, 16.5, 10],
			"rotation": {"angle": 22.5, "axis": "z", "origin": [9, 18, 7]},
			"faces": {
				"north": {"uv": [6, 4, 7, 5], "texture": "#1"},
				"east": {"uv": [6, 4, 7, 5], "rotation": 270, "texture": "#1"},
				"south": {"uv": [7, 4, 6, 5], "texture": "#1"},
				"west": {"uv": [6, 4, 7, 5], "rotation": 90, "texture": "#1"},
				"up": {"uv": [6, 4, 7, 5], "rotation": 180, "texture": "#1"},
				"down": {"uv": [6, 5, 7, 4], "rotation": 180, "texture": "#1"}
			}
		},
		{
			"name": "requiem_4",
			"from": [11, 16, 8],
			"to": [11.5, 16.5, 9.5],
			"rotation": {"angle": 22.5, "axis": "z", "origin": [9, 18, 7]},
			"faces": {
				"north": {"uv": [9, 7, 10, 8], "texture": "#1"},
				"east": {"uv": [9, 5, 10, 8], "rotation": 270, "texture": "#1"},
				"south": {"uv": [10, 5, 9, 6], "texture": "#1"},
				"west": {"uv": [9, 5, 10, 8], "rotation": 90, "texture": "#1"},
				"up": {"uv": [9, 5, 10, 8], "rotation": 180, "texture": "#1"},
				"down": {"uv": [9, 8, 10, 5], "rotation": 180, "texture": "#1"}
			}
		},
		{
			"name": "requiem_5",
			"from": [11.5, 16, 7.5],
			"to": [12, 16.5, 9],
			"rotation": {"angle": 22.5, "axis": "z", "origin": [9, 18, 7]},
			"faces": {
				"north": {"uv": [8, 8, 9, 9], "texture": "#1"},
				"east": {"uv": [8, 6, 9, 9], "rotation": 270, "texture": "#1"},
				"south": {"uv": [9, 6, 8, 7], "texture": "#1"},
				"west": {"uv": [8, 6, 9, 9], "rotation": 90, "texture": "#1"},
				"up": {"uv": [8, 6, 9, 9], "rotation": 180, "texture": "#1"},
				"down": {"uv": [8, 9, 9, 6], "rotation": 180, "texture": "#1"}
			}
		},
		{
			"name": "requiem_6",
			"from": [9, 16, 8.5],
			"to": [11, 16.5, 9],
			"rotation": {"angle": 22.5, "axis": "z", "origin": [9, 18, 7]},
			"faces": {
				"north": {"uv": [10, 6, 14, 7], "texture": "#1"},
				"east": {"uv": [10, 6, 11, 7], "rotation": 270, "texture": "#1"},
				"south": {"uv": [14, 6, 10, 7], "texture": "#1"},
				"west": {"uv": [13, 6, 14, 7], "rotation": 90, "texture": "#1"},
				"up": {"uv": [10, 6, 14, 7], "rotation": 180, "texture": "#1"},
				"down": {"uv": [10, 7, 14, 6], "rotation": 180, "texture": "#1"}
			}
		},
		{
			"name": "requiem_7",
			"from": [12, 16, 7],
			"to": [12.5, 16.5, 8.5],
			"rotation": {"angle": 22.5, "axis": "z", "origin": [9, 18, 7]},
			"faces": {
				"north": {"uv": [7, 9, 8, 10], "texture": "#1"},
				"east": {"uv": [7, 7, 8, 10], "rotation": 270, "texture": "#1"},
				"south": {"uv": [8, 7, 7, 8], "texture": "#1"},
				"west": {"uv": [7, 7, 8, 10], "rotation": 90, "texture": "#1"},
				"up": {"uv": [7, 7, 8, 10], "rotation": 180, "texture": "#1"},
				"down": {"uv": [7, 10, 8, 7], "rotation": 180, "texture": "#1"}
			}
		},
		{
			"name": "requiem_8",
			"from": [9.5, 16, 7.5],
			"to": [10.5, 16.5, 8.5],
			"rotation": {"angle": 22.5, "axis": "z", "origin": [9, 18, 7]},
			"faces": {
				"north": {"uv": [11, 8, 13, 9], "texture": "#1"},
				"east": {"uv": [11, 7, 12, 9], "rotation": 270, "texture": "#1"},
				"south": {"uv": [13, 7, 11, 8], "texture": "#1"},
				"west": {"uv": [12, 7, 13, 9], "rotation": 90, "texture": "#1"},
				"up": {"uv": [11, 7, 13, 9], "rotation": 180, "texture": "#1"},
				"down": {"uv": [11, 9, 13, 7], "rotation": 180, "texture": "#1"}
			}
		},
		{
			"name": "requiem_9",
			"from": [9, 16, 8],
			"to": [9.5, 16.5, 8.5],
			"rotation": {"angle": 22.5, "axis": "z", "origin": [9, 18, 7]},
			"faces": {
				"north": {"uv": [13, 7, 14, 8], "texture": "#1"},
				"east": {"uv": [13, 7, 14, 8], "rotation": 270, "texture": "#1"},
				"south": {"uv": [14, 7, 13, 8], "texture": "#1"},
				"west": {"uv": [13, 7, 14, 8], "rotation": 90, "texture": "#1"},
				"up": {"uv": [13, 7, 14, 8], "rotation": 180, "texture": "#1"},
				"down": {"uv": [13, 8, 14, 7], "rotation": 180, "texture": "#1"}
			}
		},
		{
			"name": "requiem_10",
			"from": [12.5, 16, 6.5],
			"to": [13, 16.5, 8],
			"rotation": {"angle": 22.5, "axis": "z", "origin": [9, 18, 7]},
			"faces": {
				"north": {"uv": [6, 10, 7, 11], "texture": "#1"},
				"east": {"uv": [6, 8, 7, 11], "rotation": 270, "texture": "#1"},
				"south": {"uv": [7, 8, 6, 9], "texture": "#1"},
				"west": {"uv": [6, 8, 7, 11], "rotation": 90, "texture": "#1"},
				"up": {"uv": [6, 8, 7, 11], "rotation": 180, "texture": "#1"},
				"down": {"uv": [6, 11, 7, 8], "rotation": 180, "texture": "#1"}
			}
		},
		{
			"name": "requiem_11",
			"from": [13, 16, 6],
			"to": [13.5, 16.5, 7.5],
			"rotation": {"angle": 22.5, "axis": "z", "origin": [9, 18, 7]},
			"faces": {
				"north": {"uv": [5, 11, 6, 12], "texture": "#1"},
				"east": {"uv": [5, 9, 6, 12], "rotation": 270, "texture": "#1"},
				"south": {"uv": [6, 9, 5, 10], "texture": "#1"},
				"west": {"uv": [5, 9, 6, 12], "rotation": 90, "texture": "#1"},
				"up": {"uv": [5, 9, 6, 12], "rotation": 180, "texture": "#1"},
				"down": {"uv": [5, 12, 6, 9], "rotation": 180, "texture": "#1"}
			}
		},
		{
			"name": "requiem_12",
			"from": [10, 16, 7],
			"to": [10.5, 16.5, 7.5],
			"rotation": {"angle": 22.5, "axis": "z", "origin": [9, 18, 7]},
			"faces": {
				"north": {"uv": [11, 9, 12, 10], "texture": "#1"},
				"east": {"uv": [11, 9, 12, 10], "rotation": 270, "texture": "#1"},
				"south": {"uv": [12, 9, 11, 10], "texture": "#1"},
				"west": {"uv": [11, 9, 12, 10], "rotation": 90, "texture": "#1"},
				"up": {"uv": [11, 9, 12, 10], "rotation": 180, "texture": "#1"},
				"down": {"uv": [11, 10, 12, 9], "rotation": 180, "texture": "#1"}
			}
		},
		{
			"name": "requiem_13",
			"from": [13.5, 16, 5.5],
			"to": [14, 16.5, 7],
			"rotation": {"angle": 22.5, "axis": "z", "origin": [9, 18, 7]},
			"faces": {
				"north": {"uv": [4, 12, 5, 13], "texture": "#1"},
				"east": {"uv": [4, 10, 5, 13], "rotation": 270, "texture": "#1"},
				"south": {"uv": [5, 10, 4, 11], "texture": "#1"},
				"west": {"uv": [4, 10, 5, 13], "rotation": 90, "texture": "#1"},
				"up": {"uv": [4, 10, 5, 13], "rotation": 180, "texture": "#1"},
				"down": {"uv": [4, 13, 5, 10], "rotation": 180, "texture": "#1"}
			}
		},
		{
			"name": "requiem_14",
			"from": [14, 16, 5],
			"to": [14.5, 16.5, 6.5],
			"rotation": {"angle": 22.5, "axis": "z", "origin": [9, 18, 7]},
			"faces": {
				"north": {"uv": [3, 13, 4, 14], "texture": "#1"},
				"east": {"uv": [3, 11, 4, 14], "rotation": 270, "texture": "#1"},
				"south": {"uv": [4, 11, 3, 12], "texture": "#1"},
				"west": {"uv": [3, 11, 4, 14], "rotation": 90, "texture": "#1"},
				"up": {"uv": [3, 11, 4, 14], "rotation": 180, "texture": "#1"},
				"down": {"uv": [3, 14, 4, 11], "rotation": 180, "texture": "#1"}
			}
		},
		{
			"name": "requiem_15",
			"from": [14.5, 16, 4.5],
			"to": [15, 16.5, 6],
			"rotation": {"angle": 22.5, "axis": "z", "origin": [9, 18, 7]},
			"faces": {
				"north": {"uv": [2, 14, 3, 15], "texture": "#1"},
				"east": {"uv": [2, 12, 3, 15], "rotation": 270, "texture": "#1"},
				"south": {"uv": [3, 12, 2, 13], "texture": "#1"},
				"west": {"uv": [2, 12, 3, 15], "rotation": 90, "texture": "#1"},
				"up": {"uv": [2, 12, 3, 15], "rotation": 180, "texture": "#1"},
				"down": {"uv": [2, 15, 3, 12], "rotation": 180, "texture": "#1"}
			}
		},
		{
			"name": "requiem_16",
			"from": [15, 16, 4.5],
			"to": [15.5, 16.5, 5.5],
			"rotation": {"angle": 22.5, "axis": "z", "origin": [9, 18, 7]},
			"faces": {
				"north": {"uv": [1, 14, 2, 15], "texture": "#1"},
				"east": {"uv": [1, 13, 2, 15], "rotation": 270, "texture": "#1"},
				"south": {"uv": [2, 13, 1, 14], "texture": "#1"},
				"west": {"uv": [1, 13, 2, 15], "rotation": 90, "texture": "#1"},
				"up": {"uv": [1, 13, 2, 15], "rotation": 180, "texture": "#1"},
				"down": {"uv": [1, 15, 2, 13], "rotation": 180, "texture": "#1"}
			}
		}
	],
	"display": {
		"head": {
			"rotation": [-22.5, 0, 0],
			"translation": [-6.75, -14.5, 0],
			"scale": [1.6, 1.6, 1.6]
		}
	},
	"groups": [
		{
			"name": "Head",
			"origin": [0, 24, 0],
			"color": 0,
			"children": [0, 1]
		},
		{
			"name": "Body",
			"origin": [0, 24, 0],
			"color": 0,
			"children": [2, 3]
		},
		{
			"name": "RightArm",
			"origin": [5, 22, 0],
			"color": 0,
			"children": [
				4,
				5,
				{
					"name": "RightArm",
					"origin": [5, 22, 0],
					"color": 0,
					"children": [6, 7]
				}
			]
		},
		{
			"name": "LeftLeg",
			"origin": [-1.9, 12, 0],
			"color": 0,
			"children": [8, 9]
		},
		{
			"name": "LeftArm",
			"origin": [5, 22, 0],
			"color": 0,
			"children": [
				10,
				11,
				12,
				13,
				{
					"name": "LeftArmo",
					"origin": [5, 22, 0],
					"color": 0,
					"children": [14, 15]
				}
			]
		},
		{
			"name": "LeftLeg",
			"origin": [-1.9, 12, 0],
			"color": 0,
			"children": [16, 17]
		},
		{
			"name": "requiem",
			"origin": [8, 8, 8],
			"color": 0,
			"children": [18, 19, 20, 21, 22, 23, 24, 25, 26, 27, 28, 29, 30, 31, 32, 33, 34]
		}
	]
}