{
	"credit": "Made with Blockbench",
	"texture_size": [64, 64],
	"textures": {
		"0": "nw:stand/skins/echoes3"
	},
	"elements": [
		{
			"name": "Head",
			"from": [4, 22, 5],
			"to": [12, 30, 13],
			"faces": {
				"north": {"uv": [2, 2, 4, 4], "texture": "#0"},
				"east": {"uv": [0, 2, 2, 4], "texture": "#0"},
				"south": {"uv": [6, 2, 8, 4], "texture": "#0"},
				"west": {"uv": [4, 2, 6, 4], "texture": "#0"},
				"up": {"uv": [4, 2, 2, 0], "texture": "#0"},
				"down": {"uv": [6, 0, 4, 2], "texture": "#0"}
			}
		},
		{
			"name": "Hat Layer",
			"from": [3.5, 21.5, 4.5],
			"to": [12.5, 30.5, 13.5],
			"faces": {
				"north": {"uv": [10, 2, 12, 4], "texture": "#0"},
				"east": {"uv": [8, 2, 10, 4], "texture": "#0"},
				"south": {"uv": [14, 2, 16, 4], "texture": "#0"},
				"west": {"uv": [12, 2, 14, 4], "texture": "#0"},
				"up": {"uv": [12, 2, 10, 0], "texture": "#0"},
				"down": {"uv": [14, 0, 12, 2], "texture": "#0"}
			}
		},
		{
			"name": "Body",
			"from": [5, 14, 7],
			"to": [11, 22, 11],
			"faces": {
				"north": {"uv": [5, 5, 7, 7.5], "texture": "#0"},
				"east": {"uv": [4, 5, 5, 7.5], "texture": "#0"},
				"south": {"uv": [8, 5, 10, 7.5], "texture": "#0"},
				"west": {"uv": [7, 5, 8, 7.5], "texture": "#0"},
				"up": {"uv": [7, 5, 5, 4], "texture": "#0"},
				"down": {"uv": [9, 4, 7, 5], "texture": "#0"}
			}
		},
		{
			"name": "Body Layer",
			"from": [4.75, 13.75, 6.75],
			"to": [11.25, 22.25, 11.25],
			"faces": {
				"north": {"uv": [5, 9, 7, 11.5], "texture": "#0"},
				"east": {"uv": [4, 9, 5, 11.5], "texture": "#0"},
				"south": {"uv": [8, 9, 10, 11.5], "texture": "#0"},
				"west": {"uv": [7, 9, 8, 11.5], "texture": "#0"},
				"up": {"uv": [7, 9, 5, 8], "texture": "#0"},
				"down": {"uv": [9, 8, 7, 9], "texture": "#0"}
			}
		},
		{
			"name": "Left Arm",
			"from": [-0.32582, 19.625, -0.49219],
			"to": [2.67418, 22.625, 4.50781],
			"rotation": {"angle": -45, "axis": "y", "origin": [0.92418, 21.125, 8.63281]},
			"faces": {
				"north": {"uv": [10.5, 12, 9.75, 13], "rotation": 180, "texture": "#0"},
				"east": {"uv": [8, 14.5, 9, 16], "rotation": 270, "texture": "#0"},
				"south": {"uv": [9.75, 13, 9, 12], "texture": "#0"},
				"west": {"uv": [9.75, 14.5, 10.75, 16], "rotation": 90, "texture": "#0"},
				"up": {"uv": [9, 14.5, 9.75, 16], "rotation": 180, "texture": "#0"},
				"down": {"uv": [10.75, 14.5, 11.5, 16], "texture": "#0"}
			}
		},
		{
			"name": "Left Arm Layer",
			"from": [-0.57582, 19.375, -0.74219],
			"to": [2.92418, 22.875, 5.25781],
			"rotation": {"angle": -45, "axis": "y", "origin": [0.92418, 21.125, 8.63281]},
			"faces": {
				"north": {"uv": [14.5, 12, 13.75, 13], "rotation": 180, "texture": "#0"},
				"east": {"uv": [12, 14.5, 13, 16], "rotation": 270, "texture": "#0"},
				"south": {"uv": [13.75, 13, 13, 12], "texture": "#0"},
				"west": {"uv": [13.75, 14.5, 14.75, 16], "rotation": 90, "texture": "#0"},
				"up": {"uv": [13, 14.5, 13.75, 16], "rotation": 180, "texture": "#0"},
				"down": {"uv": [14.75, 14.5, 15.5, 16], "texture": "#0"}
			}
		},
		{
			"name": "Left Arm",
			"from": [2.95711, 19.625, 4.83211],
			"to": [4.95711, 22.625, 9.83211],
			"rotation": {"angle": 0, "axis": "x", "origin": [4.20711, 21.125, 8.95711]},
			"faces": {
				"north": {"uv": [10.5, 12, 9.75, 13], "rotation": 180, "texture": "#0"},
				"east": {"uv": [8, 13, 9, 14.5], "rotation": 270, "texture": "#0"},
				"south": {"uv": [9.75, 13, 9, 12], "texture": "#0"},
				"west": {"uv": [9.75, 13, 10.75, 14.5], "rotation": 90, "texture": "#0"},
				"up": {"uv": [9, 13, 9.75, 14.5], "rotation": 180, "texture": "#0"},
				"down": {"uv": [10.75, 13, 11.5, 14.5], "texture": "#0"}
			}
		},
		{
			"name": "Left Arm Layer",
			"from": [2.70711, 19.375, 4.58211],
			"to": [5.20711, 22.875, 10.58211],
			"rotation": {"angle": 0, "axis": "x", "origin": [4.20711, 21.125, 8.95711]},
			"faces": {
				"north": {"uv": [14.5, 12, 13.75, 13], "rotation": 180, "texture": "#0"},
				"east": {"uv": [12, 13, 13, 14.5], "rotation": 270, "texture": "#0"},
				"south": {"uv": [13.75, 13, 13, 12], "texture": "#0"},
				"west": {"uv": [13.75, 13, 14.75, 14.5], "rotation": 90, "texture": "#0"},
				"up": {"uv": [13, 13, 13.75, 14.5], "rotation": 180, "texture": "#0"},
				"down": {"uv": [14.75, 13, 15.5, 14.5], "texture": "#0"}
			}
		},
		{
			"name": "Right Leg",
			"from": [8.751, 4.251, 7.501],
			"to": [11.749, 14.249, 11.499],
			"rotation": {"angle": 22.5, "axis": "z", "origin": [9.5, 12, 9]},
			"faces": {
				"north": {"uv": [1, 5, 2, 8], "texture": "#0"},
				"east": {"uv": [0, 5, 1, 8], "texture": "#0"},
				"south": {"uv": [3, 5, 4, 8], "texture": "#0"},
				"west": {"uv": [2, 5, 3, 8], "texture": "#0"},
				"up": {"uv": [2, 5, 1, 4], "texture": "#0"},
				"down": {"uv": [3, 4, 2, 5], "texture": "#0"}
			}
		},
		{
			"name": "Right Leg Layer",
			"from": [8.501, 4.001, 7.251],
			"to": [11.999, 14.499, 11.749],
			"rotation": {"angle": 22.5, "axis": "z", "origin": [9.5, 12, 9]},
			"faces": {
				"north": {"uv": [1, 9, 2, 12], "texture": "#0"},
				"east": {"uv": [0, 9, 1, 12], "texture": "#0"},
				"south": {"uv": [3, 9, 4, 12], "texture": "#0"},
				"west": {"uv": [2, 9, 3, 12], "texture": "#0"},
				"up": {"uv": [2, 9, 1, 8], "texture": "#0"},
				"down": {"uv": [3, 8, 2, 9], "texture": "#0"}
			}
		},
		{
			"name": "Left Leg",
			"from": [5, 8.97921, 7.06164],
			"to": [8.02, 13.99921, 11.08164],
			"rotation": {"angle": 22.5, "axis": "x", "origin": [6.51, 12.41421, 9.57164]},
			"faces": {
				"north": {"uv": [5, 13, 6, 14.5], "texture": "#0"},
				"east": {"uv": [4, 13, 5, 14.5], "texture": "#0"},
				"south": {"uv": [7, 13, 8, 14.5], "texture": "#0"},
				"west": {"uv": [6, 13, 7, 14.5], "texture": "#0"},
				"up": {"uv": [6, 13, 5, 12], "texture": "#0"},
				"down": {"uv": [7, 12, 6, 13], "texture": "#0"}
			}
		},
		{
			"name": "Left Leg Layer",
			"from": [4.76, 8.73921, 6.82164],
			"to": [8.26, 14.23921, 11.32164],
			"rotation": {"angle": 22.5, "axis": "x", "origin": [6.51, 12.41421, 9.57164]},
			"faces": {
				"north": {"uv": [1, 13, 2, 14.5], "texture": "#0"},
				"east": {"uv": [0, 13, 1, 14.5], "texture": "#0"},
				"south": {"uv": [3, 13, 4, 14.5], "texture": "#0"},
				"west": {"uv": [2, 13, 3, 14.5], "texture": "#0"},
				"up": {"uv": [2, 13, 1, 12], "texture": "#0"},
				"down": {"uv": [3, 12, 2, 13], "texture": "#0"}
			}
		},
		{
			"name": "Left Leg Layer",
			"from": [4.76, 5.0708, 3.63559],
			"to": [8.26, 10.5708, 8.13559],
			"rotation": {"angle": -22.5, "axis": "x", "origin": [6.51, 15.3208, 5.88559]},
			"faces": {
				"north": {"uv": [1, 14.5, 2, 16], "texture": "#0"},
				"east": {"uv": [0, 14.5, 1, 16], "texture": "#0"},
				"south": {"uv": [3, 14.5, 4, 16], "texture": "#0"},
				"west": {"uv": [2, 14.5, 3, 16], "texture": "#0"},
				"up": {"uv": [2, 13, 1, 12], "texture": "#0"},
				"down": {"uv": [3, 12, 2, 13], "texture": "#0"}
			}
		},
		{
			"name": "Left Leg",
			"from": [5.01, 5.3208, 3.88559],
			"to": [8.01, 10.3208, 7.88559],
			"rotation": {"angle": -22.5, "axis": "x", "origin": [6.51, 15.3208, 5.88559]},
			"faces": {
				"north": {"uv": [5, 14.5, 6, 16], "texture": "#0"},
				"east": {"uv": [4, 14.5, 5, 16], "texture": "#0"},
				"south": {"uv": [7, 14.5, 8, 16], "texture": "#0"},
				"west": {"uv": [6, 14.5, 7, 16], "texture": "#0"},
				"up": {"uv": [6, 13, 5, 12], "texture": "#0"},
				"down": {"uv": [7, 12, 6, 13], "texture": "#0"}
			}
		},
		{
			"name": "Left Arm",
			"from": [8.13496, 19.625, 2.75628],
			"to": [13.13496, 22.625, 5.75628],
			"rotation": {"angle": -45, "axis": "y", "origin": [10.75996, 21.125, 4.25628]},
			"faces": {
				"north": {"uv": [10.75, 14.5, 9.75, 16], "rotation": 270, "texture": "#0"},
				"east": {"uv": [9, 13, 9.75, 12], "texture": "#0"},
				"south": {"uv": [9, 14.5, 8, 16], "rotation": 90, "texture": "#0"},
				"west": {"uv": [9.75, 12, 10.5, 13], "rotation": 180, "texture": "#0"},
				"up": {"uv": [9.75, 14.5, 9, 16], "rotation": 90, "texture": "#0"},
				"down": {"uv": [11.5, 14.5, 10.75, 16], "rotation": 90, "texture": "#0"}
			}
		},
		{
			"name": "Left Arm Layer",
			"from": [7.88496, 19.375, 2.50628],
			"to": [13.88496, 22.875, 6.00628],
			"rotation": {"angle": -45, "axis": "y", "origin": [10.75996, 21.125, 4.25628]},
			"faces": {
				"north": {"uv": [14.75, 14.5, 13.75, 16], "rotation": 270, "texture": "#0"},
				"east": {"uv": [13, 13, 13.75, 12], "texture": "#0"},
				"south": {"uv": [13, 14.5, 12, 16], "rotation": 90, "texture": "#0"},
				"west": {"uv": [13.75, 12, 14.5, 13], "rotation": 180, "texture": "#0"},
				"up": {"uv": [13.75, 14.5, 13, 16], "rotation": 90, "texture": "#0"},
				"down": {"uv": [15.5, 14.5, 14.75, 16], "rotation": 90, "texture": "#0"}
			}
		},
		{
			"name": "Left Arm",
			"from": [10.5, 19.625, 4.875],
			"to": [13.5, 22.625, 9.875],
			"rotation": {"angle": 0, "axis": "x", "origin": [12, 21.125, 9]},
			"faces": {
				"north": {"uv": [9.75, 12, 10.5, 13], "rotation": 180, "texture": "#0"},
				"east": {"uv": [10.75, 13, 9.75, 14.5], "rotation": 270, "texture": "#0"},
				"south": {"uv": [9, 13, 9.75, 12], "texture": "#0"},
				"west": {"uv": [9, 13, 8, 14.5], "rotation": 90, "texture": "#0"},
				"up": {"uv": [9.75, 13, 9, 14.5], "rotation": 180, "texture": "#0"},
				"down": {"uv": [11.5, 13, 10.75, 14.5], "texture": "#0"}
			}
		},
		{
			"name": "Left Arm Layer",
			"from": [10.25, 19.375, 4.625],
			"to": [13.75, 22.875, 10.625],
			"rotation": {"angle": 0, "axis": "x", "origin": [12, 21.125, 9]},
			"faces": {
				"north": {"uv": [13.75, 12, 14.5, 13], "rotation": 180, "texture": "#0"},
				"east": {"uv": [14.75, 13, 13.75, 14.5], "rotation": 270, "texture": "#0"},
				"south": {"uv": [13, 13, 13.75, 12], "texture": "#0"},
				"west": {"uv": [13, 13, 12, 14.5], "rotation": 90, "texture": "#0"},
				"up": {"uv": [13.75, 13, 13, 14.5], "rotation": 180, "texture": "#0"},
				"down": {"uv": [15.5, 13, 14.75, 14.5], "texture": "#0"}
			}
		}
	],
	"display": {
		"head": {
			"rotation": [0, 0, -13],
			"translation": [-5.5, -29, -2],
			"scale": [1.3, 1.3, 1.3]
		}
	},
	"groups": [
		{
			"name": "Head",
			"origin": [0, 24, 0],
			"color": 0,
			"children": [0, 1]
		},
		{
			"name": "Body",
			"origin": [0, 24, 0],
			"color": 0,
			"children": [2, 3]
		},
		{
			"name": "LeftArm",
			"origin": [-5, 22, 0],
			"color": 0,
			"children": [4, 5, 6, 7]
		},
		{
			"name": "RightLeg",
			"origin": [1.9, 12, 0],
			"color": 0,
			"children": [8, 9]
		},
		{
			"name": "LeftLeg",
			"origin": [-1.9, 12, 0],
			"color": 0,
			"children": [10, 11, 12, 13]
		},
		{
			"name": "LeftArm",
			"origin": [-5, 22, 0],
			"color": 0,
			"children": [14, 15, 16, 17]
		}
	]
}