{
	"credit": "Made with Blockbench",
	"texture_size": [32, 32],
	"textures": {
		"0": "nw:stand/skins/harvest",
		"particle": "nw:stand/skins/harvest"
	},
	"elements": [
		{
			"from": [6.5, 4.1, 6.5],
			"to": [9.5, 6.1, 8.5],
			"faces": {
				"north": {"uv": [0, 0, 1.5, 1], "texture": "#0"},
				"east": {"uv": [0, 6, 1, 7], "texture": "#0"},
				"south": {"uv": [0, 1.5, 1.5, 2.5], "texture": "#0"},
				"west": {"uv": [6, 0, 7, 1], "texture": "#0"},
				"up": {"uv": [3.5, 1, 2, 0], "texture": "#0"},
				"down": {"uv": [3.5, 1.5, 2, 2.5], "texture": "#0"}
			}
		},
		{
			"from": [6.6, 3.3, 6.6],
			"to": [9.4, 4.1, 8.4],
			"faces": {
				"north": {"uv": [3, 6, 4.5, 6.5], "texture": "#0"},
				"east": {"uv": [6, 4, 7, 4.5], "texture": "#0"},
				"south": {"uv": [6, 3, 7.5, 3.5], "texture": "#0"},
				"west": {"uv": [5, 6, 6, 6.5], "texture": "#0"},
				"up": {"uv": [1.5, 4, 0, 3], "texture": "#0"},
				"down": {"uv": [3.5, 3, 2, 4], "texture": "#0"}
			}
		},
		{
			"from": [6.6, 6.1, 6.6],
			"to": [9.4, 7.9, 8.4],
			"faces": {
				"north": {"uv": [4, 0, 5.5, 1], "texture": "#0"},
				"east": {"uv": [1.5, 6, 2.5, 7], "texture": "#0"},
				"south": {"uv": [4, 1.5, 5.5, 2.5], "texture": "#0"},
				"west": {"uv": [6, 1.5, 7, 2.5], "texture": "#0"},
				"up": {"uv": [5.5, 4, 4, 3], "texture": "#0"},
				"down": {"uv": [1.5, 4.5, 0, 5.5], "texture": "#0"}
			}
		},
		{
			"from": [6.4, 6.1, 6.4],
			"to": [9.6, 6.6, 8.6],
			"rotation": {"angle": 0, "axis": "y", "origin": [0, 0.2, 0]},
			"faces": {
				"north": {"uv": [4, 13.5, 5.5, 13.625], "texture": "#0"},
				"east": {"uv": [12, 13.5, 13, 13.625], "texture": "#0"},
				"south": {"uv": [13.5, 4, 15, 4.125], "texture": "#0"},
				"west": {"uv": [13.5, 13.5, 14.5, 13.625], "texture": "#0"},
				"up": {"uv": [3.5, 5.5, 2, 4.5], "texture": "#0"},
				"down": {"uv": [5.5, 4.5, 4, 5.5], "texture": "#0"}
			}
		},
		{
			"from": [7.7, 6.3, 5.6],
			"to": [8.2, 6.6, 6.6],
			"rotation": {"angle": -45, "axis": "x", "origin": [8, 6.2, 7]},
			"faces": {
				"north": {"uv": [15.5, 1, 15.75, 1.125], "texture": "#0"},
				"east": {"uv": [15, 11, 15.5, 11.125], "texture": "#0"},
				"south": {"uv": [2, 15.5, 2.25, 15.625], "texture": "#0"},
				"west": {"uv": [15, 12, 15.5, 12.125], "texture": "#0"},
				"up": {"uv": [10.25, 14, 10, 13.5], "texture": "#0"},
				"down": {"uv": [0.25, 14, 0, 14.5], "texture": "#0"}
			}
		},
		{
			"from": [8.4, 6.6, 6.4],
			"to": [9.6, 7, 8.6],
			"rotation": {"angle": 0, "axis": "y", "origin": [0, -0.3, 0]},
			"faces": {
				"north": {"uv": [15, 13, 15.5, 13.125], "texture": "#0"},
				"east": {"uv": [1, 14, 2, 14.125], "texture": "#0"},
				"south": {"uv": [15, 14, 15.5, 14.125], "texture": "#0"},
				"west": {"uv": [14, 1, 15, 1.125], "texture": "#0"},
				"up": {"uv": [7, 6, 6.5, 5], "texture": "#0"},
				"down": {"uv": [7, 6.5, 6.5, 7.5], "texture": "#0"}
			}
		},
		{
			"from": [6.4, 6.6, 6.4],
			"to": [7.6, 7, 8.6],
			"rotation": {"angle": 0, "axis": "y", "origin": [0, -0.3, 0]},
			"faces": {
				"north": {"uv": [15, 15, 15.5, 15.125], "texture": "#0"},
				"east": {"uv": [14, 7, 15, 7.125], "texture": "#0"},
				"south": {"uv": [15.5, 0, 16, 0.125], "texture": "#0"},
				"west": {"uv": [14, 10, 15, 10.125], "texture": "#0"},
				"up": {"uv": [3.5, 8, 3, 7], "texture": "#0"},
				"down": {"uv": [4.5, 7, 4, 8], "texture": "#0"}
			}
		},
		{
			"from": [10.79502, 4.82164, 7.2],
			"to": [11.89502, 5.42164, 7.8],
			"rotation": {"angle": -45, "axis": "z", "origin": [10.04502, 5.52164, 7.5]},
			"faces": {
				"north": {"uv": [7.5, 1.5, 8.25, 2], "texture": "#0"},
				"east": {"uv": [11, 7.5, 11.5, 8], "texture": "#0"},
				"south": {"uv": [7.5, 4, 8.25, 4.5], "texture": "#0"},
				"west": {"uv": [11, 11, 11.5, 11.5], "texture": "#0"},
				"up": {"uv": [8.25, 5.5, 7.5, 5], "texture": "#0"},
				"down": {"uv": [8.25, 6, 7.5, 6.5], "texture": "#0"}
			}
		},
		{
			"from": [9.5, 4.6, 7.2],
			"to": [10.6, 5.2, 7.8],
			"rotation": {"angle": -22.5, "axis": "z", "origin": [9.85, 5.3, 7.5]},
			"faces": {
				"north": {"uv": [7.5, 7, 8.25, 7.5], "texture": "#0"},
				"east": {"uv": [11.5, 0, 12, 0.5], "texture": "#0"},
				"south": {"uv": [8, 2.5, 8.75, 3], "texture": "#0"},
				"west": {"uv": [11.5, 2.5, 12, 3], "texture": "#0"},
				"up": {"uv": [5.75, 8.5, 5, 8], "texture": "#0"},
				"down": {"uv": [7.25, 8, 6.5, 8.5], "texture": "#0"}
			}
		},
		{
			"from": [9.4, 4.5, 7.1],
			"to": [9.7, 5.3, 7.9],
			"rotation": {"angle": 0, "axis": "z", "origin": [8, 5.3, 7.5]},
			"faces": {
				"north": {"uv": [11, 14, 11.25, 14.5], "texture": "#0"},
				"east": {"uv": [11.5, 3.5, 12, 4], "texture": "#0"},
				"south": {"uv": [14, 11, 14.25, 11.5], "texture": "#0"},
				"west": {"uv": [11.5, 4.5, 12, 5], "texture": "#0"},
				"up": {"uv": [14.25, 12.5, 14, 12], "texture": "#0"},
				"down": {"uv": [14.75, 0, 14.5, 0.5], "texture": "#0"}
			}
		},
		{
			"from": [10.53548, 5.79506, 7.2],
			"to": [11.63548, 6.39506, 7.8],
			"rotation": {"angle": -45, "axis": "z", "origin": [9.78548, 5.69506, 7.5]},
			"faces": {
				"north": {"uv": [8, 8, 8.75, 8.5], "texture": "#0"},
				"east": {"uv": [11.5, 5.5, 12, 6], "texture": "#0"},
				"south": {"uv": [0, 8.5, 0.75, 9], "texture": "#0"},
				"west": {"uv": [11.5, 6.5, 12, 7], "texture": "#0"},
				"up": {"uv": [9.25, 0.5, 8.5, 0], "texture": "#0"},
				"down": {"uv": [3.25, 8.5, 2.5, 9], "texture": "#0"}
			}
		},
		{
			"from": [9.5, 5.4, 7.2],
			"to": [10.6, 6, 7.8],
			"rotation": {"angle": -22.5, "axis": "z", "origin": [9.85, 5.3, 7.5]},
			"faces": {
				"north": {"uv": [9, 1, 9.75, 1.5], "texture": "#0"},
				"east": {"uv": [11.5, 8.5, 12, 9], "texture": "#0"},
				"south": {"uv": [9, 3.5, 9.75, 4], "texture": "#0"},
				"west": {"uv": [11.5, 9.5, 12, 10], "texture": "#0"},
				"up": {"uv": [4.75, 9.5, 4, 9], "texture": "#0"},
				"down": {"uv": [9.75, 4.5, 9, 5], "texture": "#0"}
			}
		},
		{
			"from": [9.4, 5.3, 7.1],
			"to": [9.7, 6.1, 7.9],
			"rotation": {"angle": 0, "axis": "z", "origin": [8, 5.3, 7.5]},
			"faces": {
				"north": {"uv": [14.5, 2, 14.75, 2.5], "texture": "#0"},
				"east": {"uv": [0, 12, 0.5, 12.5], "texture": "#0"},
				"south": {"uv": [2.5, 14.5, 2.75, 15], "texture": "#0"},
				"west": {"uv": [1, 12, 1.5, 12.5], "texture": "#0"},
				"up": {"uv": [14.75, 3.5, 14.5, 3], "texture": "#0"},
				"down": {"uv": [3.75, 14.5, 3.5, 15], "texture": "#0"}
			}
		},
		{
			"from": [4.10498, 4.82164, 7.2],
			"to": [5.20498, 5.42164, 7.8],
			"rotation": {"angle": 45, "axis": "z", "origin": [5.95498, 5.52164, 7.5]},
			"faces": {
				"north": {"uv": [8.25, 1.5, 7.5, 2], "texture": "#0"},
				"east": {"uv": [11.5, 11, 11, 11.5], "texture": "#0"},
				"south": {"uv": [8.25, 4, 7.5, 4.5], "texture": "#0"},
				"west": {"uv": [11.5, 7.5, 11, 8], "texture": "#0"},
				"up": {"uv": [7.5, 5.5, 8.25, 5], "texture": "#0"},
				"down": {"uv": [7.5, 6, 8.25, 6.5], "texture": "#0"}
			}
		},
		{
			"from": [5.4, 4.6, 7.2],
			"to": [6.5, 5.2, 7.8],
			"rotation": {"angle": 22.5, "axis": "z", "origin": [6.15, 5.3, 7.5]},
			"faces": {
				"north": {"uv": [8.25, 7, 7.5, 7.5], "texture": "#0"},
				"east": {"uv": [12, 2.5, 11.5, 3], "texture": "#0"},
				"south": {"uv": [8.75, 2.5, 8, 3], "texture": "#0"},
				"west": {"uv": [12, 0, 11.5, 0.5], "texture": "#0"},
				"up": {"uv": [5, 8.5, 5.75, 8], "texture": "#0"},
				"down": {"uv": [6.5, 8, 7.25, 8.5], "texture": "#0"}
			}
		},
		{
			"from": [6.3, 4.5, 7.1],
			"to": [6.6, 5.3, 7.9],
			"rotation": {"angle": 0, "axis": "z", "origin": [8, 5.3, 7.5]},
			"faces": {
				"north": {"uv": [11.25, 14, 11, 14.5], "texture": "#0"},
				"east": {"uv": [12, 4.5, 11.5, 5], "texture": "#0"},
				"south": {"uv": [14.25, 11, 14, 11.5], "texture": "#0"},
				"west": {"uv": [12, 3.5, 11.5, 4], "texture": "#0"},
				"up": {"uv": [14, 12.5, 14.25, 12], "texture": "#0"},
				"down": {"uv": [14.5, 0, 14.75, 0.5], "texture": "#0"}
			}
		},
		{
			"from": [4.36452, 5.79506, 7.2],
			"to": [5.46452, 6.39506, 7.8],
			"rotation": {"angle": 45, "axis": "z", "origin": [6.21452, 5.69506, 7.5]},
			"faces": {
				"north": {"uv": [8.75, 8, 8, 8.5], "texture": "#0"},
				"east": {"uv": [12, 6.5, 11.5, 7], "texture": "#0"},
				"south": {"uv": [0.75, 8.5, 0, 9], "texture": "#0"},
				"west": {"uv": [12, 5.5, 11.5, 6], "texture": "#0"},
				"up": {"uv": [8.5, 0.5, 9.25, 0], "texture": "#0"},
				"down": {"uv": [2.5, 8.5, 3.25, 9], "texture": "#0"}
			}
		},
		{
			"from": [5.4, 5.4, 7.2],
			"to": [6.5, 6, 7.8],
			"rotation": {"angle": 22.5, "axis": "z", "origin": [6.15, 5.3, 7.5]},
			"faces": {
				"north": {"uv": [9.75, 1, 9, 1.5], "texture": "#0"},
				"east": {"uv": [12, 9.5, 11.5, 10], "texture": "#0"},
				"south": {"uv": [9.75, 3.5, 9, 4], "texture": "#0"},
				"west": {"uv": [12, 8.5, 11.5, 9], "texture": "#0"},
				"up": {"uv": [4, 9.5, 4.75, 9], "texture": "#0"},
				"down": {"uv": [9, 4.5, 9.75, 5], "texture": "#0"}
			}
		},
		{
			"from": [6.3, 5.3, 7.1],
			"to": [6.6, 6.1, 7.9],
			"rotation": {"angle": 0, "axis": "z", "origin": [8, 5.3, 7.5]},
			"faces": {
				"north": {"uv": [14.75, 2, 14.5, 2.5], "texture": "#0"},
				"east": {"uv": [1.5, 12, 1, 12.5], "texture": "#0"},
				"south": {"uv": [2.75, 14.5, 2.5, 15], "texture": "#0"},
				"west": {"uv": [0.5, 12, 0, 12.5], "texture": "#0"},
				"up": {"uv": [14.5, 3.5, 14.75, 3], "texture": "#0"},
				"down": {"uv": [3.5, 14.5, 3.75, 15], "texture": "#0"}
			}
		},
		{
			"from": [8.5, 2.2, 7.2],
			"to": [9.1, 3.3, 7.8],
			"faces": {
				"north": {"uv": [0, 10.5, 0.5, 11.25], "texture": "#0"},
				"east": {"uv": [1, 10.5, 1.5, 11.25], "texture": "#0"},
				"south": {"uv": [2, 10.5, 2.5, 11.25], "texture": "#0"},
				"west": {"uv": [10.5, 3, 11, 3.75], "texture": "#0"},
				"up": {"uv": [5.5, 13, 5, 12.5], "texture": "#0"},
				"down": {"uv": [13, 5, 12.5, 5.5], "texture": "#0"}
			}
		},
		{
			"from": [8.4, 3.1, 7.1],
			"to": [9.2, 3.4, 7.9],
			"faces": {
				"north": {"uv": [14.5, 9, 15, 9.25], "texture": "#0"},
				"east": {"uv": [9.5, 14.5, 10, 14.75], "texture": "#0"},
				"south": {"uv": [12, 14.5, 12.5, 14.75], "texture": "#0"},
				"west": {"uv": [13, 14.5, 13.5, 14.75], "texture": "#0"},
				"up": {"uv": [6.5, 13, 6, 12.5], "texture": "#0"},
				"down": {"uv": [13, 6, 12.5, 6.5], "texture": "#0"}
			}
		},
		{
			"from": [8.5, 1.1, 7.2],
			"to": [9.1, 2.2, 7.8],
			"rotation": {"angle": 0, "axis": "y", "origin": [0, 0.9, 0]},
			"faces": {
				"north": {"uv": [10.5, 4.5, 11, 5.25], "texture": "#0"},
				"east": {"uv": [10.5, 6, 11, 6.75], "texture": "#0"},
				"south": {"uv": [10.5, 9.5, 11, 10.25], "texture": "#0"},
				"west": {"uv": [11, 1, 11.5, 1.75], "texture": "#0"},
				"up": {"uv": [7.5, 13, 7, 12.5], "texture": "#0"},
				"down": {"uv": [8.5, 12.5, 8, 13], "texture": "#0"}
			}
		},
		{
			"from": [8.5, 1.1, 6.6],
			"to": [9.1, 1.5, 7.2],
			"rotation": {"angle": 0, "axis": "y", "origin": [0, 0.9, 0.4]},
			"faces": {
				"north": {"uv": [13.5, 5, 14, 5.375], "texture": "#0"},
				"east": {"uv": [6, 13.5, 6.5, 13.875], "texture": "#0"},
				"south": {"uv": [13.5, 6, 14, 6.375], "texture": "#0"},
				"west": {"uv": [7, 13.5, 7.5, 13.875], "texture": "#0"},
				"up": {"uv": [13, 9, 12.5, 8.5], "texture": "#0"},
				"down": {"uv": [9.5, 12.5, 9, 13], "texture": "#0"}
			}
		},
		{
			"from": [6.9, 2.2, 7.2],
			"to": [7.5, 3.3, 7.8],
			"faces": {
				"north": {"uv": [3, 11, 3.5, 11.75], "texture": "#0"},
				"east": {"uv": [4, 11, 4.5, 11.75], "texture": "#0"},
				"south": {"uv": [5, 11, 5.5, 11.75], "texture": "#0"},
				"west": {"uv": [6, 11, 6.5, 11.75], "texture": "#0"},
				"up": {"uv": [13, 10, 12.5, 9.5], "texture": "#0"},
				"down": {"uv": [10.5, 12.5, 10, 13], "texture": "#0"}
			}
		},
		{
			"from": [6.8, 3.1, 7.1],
			"to": [7.6, 3.4, 7.9],
			"faces": {
				"north": {"uv": [14, 14.5, 14.5, 14.75], "texture": "#0"},
				"east": {"uv": [0, 15, 0.5, 15.25], "texture": "#0"},
				"south": {"uv": [1, 15, 1.5, 15.25], "texture": "#0"},
				"west": {"uv": [10.5, 15, 11, 15.25], "texture": "#0"},
				"up": {"uv": [12.5, 13, 12, 12.5], "texture": "#0"},
				"down": {"uv": [0.5, 13, 0, 13.5], "texture": "#0"}
			}
		},
		{
			"from": [6.9, 1.1, 7.2],
			"to": [7.5, 2.2, 7.8],
			"rotation": {"angle": 0, "axis": "y", "origin": [0, 0.9, 0]},
			"faces": {
				"north": {"uv": [7, 11, 7.5, 11.75], "texture": "#0"},
				"east": {"uv": [8, 11, 8.5, 11.75], "texture": "#0"},
				"south": {"uv": [9, 11, 9.5, 11.75], "texture": "#0"},
				"west": {"uv": [10, 11, 10.5, 11.75], "texture": "#0"},
				"up": {"uv": [1.5, 13.5, 1, 13], "texture": "#0"},
				"down": {"uv": [13.5, 1, 13, 1.5], "texture": "#0"}
			}
		},
		{
			"from": [6.9, 1.1, 6.6],
			"to": [7.5, 1.5, 7.2],
			"rotation": {"angle": 0, "axis": "y", "origin": [0.4, 0.9, 0.4]},
			"faces": {
				"north": {"uv": [8, 13.5, 8.5, 13.875], "texture": "#0"},
				"east": {"uv": [13.5, 8, 14, 8.375], "texture": "#0"},
				"south": {"uv": [9, 13.5, 9.5, 13.875], "texture": "#0"},
				"west": {"uv": [13.5, 9, 14, 9.375], "texture": "#0"},
				"up": {"uv": [2.5, 13.5, 2, 13], "texture": "#0"},
				"down": {"uv": [13.5, 7, 13, 7.5], "texture": "#0"}
			}
		},
		{
			"from": [7.5, 3.5, 8],
			"to": [8.5, 4.5, 9],
			"faces": {
				"north": {"uv": [13, 10.5, 13.5, 11], "texture": "#0"},
				"east": {"uv": [11, 13, 11.5, 13.5], "texture": "#0"},
				"south": {"uv": [13, 11.5, 13.5, 12], "texture": "#0"},
				"west": {"uv": [13, 12.5, 13.5, 13], "texture": "#0"},
				"up": {"uv": [14, 0.5, 13.5, 0], "texture": "#0"},
				"down": {"uv": [14, 2, 13.5, 2.5], "texture": "#0"}
			}
		},
		{
			"from": [7, 3, 9],
			"to": [9, 5, 12],
			"faces": {
				"north": {"uv": [3, 13.5, 3.5, 14], "texture": "#0"},
				"east": {"uv": [5, 7, 6, 7.5], "texture": "#0"},
				"south": {"uv": [13.5, 3, 14, 3.5], "texture": "#0"},
				"west": {"uv": [0, 7.5, 1, 8], "texture": "#0"},
				"up": {"uv": [8, 1, 7.5, 0], "texture": "#0"},
				"down": {"uv": [2, 7.5, 1.5, 8.5], "texture": "#0"}
			}
		}
	],
	"display": {
		"head": {
			"translation": [0, -30.25, 0],
			"scale": [1.5, 1.5, 1.5]
		}
	},
	"groups": [
		{
			"name": "Harvest",
			"origin": [8, 8, 8],
			"color": 0,
			"children": [
				{
					"name": "Body",
					"origin": [0, 0, 0],
					"color": 0,
					"children": [0, 1, 2, 3, 4, 5, 6]
				},
				{
					"name": "Left Arm",
					"origin": [8, 8, 8],
					"color": 0,
					"children": [
						{
							"name": "Arm",
							"origin": [8, 8, 8],
							"color": 0,
							"children": [7, 8, 9]
						},
						{
							"name": "Arm",
							"origin": [8, 8, 8],
							"color": 0,
							"children": [10, 11, 12]
						}
					]
				},
				{
					"name": "Right_arm",
					"origin": [8, 8, 8],
					"color": 0,
					"children": [
						{
							"name": "Arm",
							"origin": [8, 8, 8],
							"color": 0,
							"children": [13, 14, 15]
						},
						{
							"name": "Arm",
							"origin": [8, 8, 8],
							"color": 0,
							"children": [16, 17, 18]
						}
					]
				},
				{
					"name": "Left Leg",
					"origin": [8, 8, 8],
					"color": 0,
					"children": [19, 20, 21, 22]
				},
				{
					"name": "Right Leg",
					"origin": [8, 8, 8],
					"color": 0,
					"children": [23, 24, 25, 26]
				},
				{
					"name": "Butt",
					"origin": [8, 8, 8],
					"color": 0,
					"children": [27, 28]
				}
			]
		}
	]
}