{
	"credit": "Made with Blockbench",
	"texture_size": [64, 64],
	"textures": {
		"0": "nw:stand/skins/heavensdoor"
	},
	"elements": [
		{
			"name": "Head",
			"from": [4.2235, 11.8525, 6.028],
			"to": [11.2795, 18.9085, 13.084],
			"rotation": {"angle": -22.5, "axis": "y", "origin": [7.306, 13.77909, 8.806]},
			"faces": {
				"north": {"uv": [2, 2, 4, 4], "texture": "#0"},
				"east": {"uv": [0, 2, 2, 4], "texture": "#0"},
				"south": {"uv": [6, 2, 8, 4], "texture": "#0"},
				"west": {"uv": [4, 2, 6, 4], "texture": "#0"},
				"up": {"uv": [4, 2, 2, 0], "texture": "#0"},
				"down": {"uv": [6, 0, 4, 2], "texture": "#0"}
			}
		},
		{
			"name": "Hat Layer",
			"from": [3.7825, 11.4115, 5.587],
			"to": [11.7205, 19.3495, 13.525],
			"rotation": {"angle": -22.5, "axis": "y", "origin": [7.306, 13.77909, 8.806]},
			"faces": {
				"north": {"uv": [10, 2, 12, 4], "texture": "#0"},
				"east": {"uv": [8, 2, 10, 4], "texture": "#0"},
				"south": {"uv": [14, 2, 16, 4], "texture": "#0"},
				"west": {"uv": [12, 2, 14, 4], "texture": "#0"},
				"up": {"uv": [12, 2, 10, 0], "texture": "#0"},
				"down": {"uv": [14, 0, 12, 2], "texture": "#0"}
			}
		},
		{
			"name": "Body",
			"from": [5.3328, 7.05073, 7.95605],
			"to": [11.6688, 11.80273, 11.12405],
			"rotation": {"angle": 0, "axis": "y", "origin": [4.9508, 13.48473, 7.09005]},
			"faces": {
				"north": {"uv": [5, 5, 7, 6.5], "texture": "#0"},
				"east": {"uv": [4, 5, 5, 6.5], "texture": "#0"},
				"south": {"uv": [8, 5, 10, 6.5], "texture": "#0"},
				"west": {"uv": [7, 5, 8, 6.5], "texture": "#0"},
				"up": {"uv": [7, 5, 5, 4], "texture": "#0"},
				"down": {"uv": [9, 4, 7, 5], "texture": "#0"}
			}
		},
		{
			"name": "Body Layer",
			"from": [5.1348, 6.85273, 7.75805],
			"to": [11.8668, 12.00073, 11.32205],
			"rotation": {"angle": 0, "axis": "y", "origin": [4.9508, 13.48473, 7.09005]},
			"faces": {
				"north": {"uv": [5, 9, 7, 10.5], "texture": "#0"},
				"east": {"uv": [4, 9, 5, 10.5], "texture": "#0"},
				"south": {"uv": [8, 9, 10, 10.5], "texture": "#0"},
				"west": {"uv": [7, 9, 8, 10.5], "texture": "#0"},
				"up": {"uv": [7, 9, 5, 8], "texture": "#0"},
				"down": {"uv": [9, 8, 7, 9], "texture": "#0"}
			}
		},
		{
			"name": "Body",
			"from": [5.3328, 3.1598, 8.00885],
			"to": [11.6688, 7.9118, 11.17685],
			"rotation": {"angle": -22.5, "axis": "x", "origin": [8.5008, 7.614, 8.986]},
			"faces": {
				"north": {"uv": [5, 6.5, 7, 8], "texture": "#0"},
				"east": {"uv": [4, 6.5, 5, 8], "texture": "#0"},
				"south": {"uv": [8, 6.5, 10, 8], "texture": "#0"},
				"west": {"uv": [7, 6.5, 8, 8], "texture": "#0"},
				"up": {"uv": [7, 5, 5, 4], "texture": "#0"},
				"down": {"uv": [9, 4, 7, 5], "texture": "#0"}
			}
		},
		{
			"name": "Body Layer",
			"from": [5.1348, 2.9618, 7.81085],
			"to": [11.8668, 8.1098, 11.37485],
			"rotation": {"angle": -22.5, "axis": "x", "origin": [8.5008, 7.614, 8.986]},
			"faces": {
				"north": {"uv": [5, 10.5, 7, 12], "texture": "#0"},
				"east": {"uv": [4, 10.5, 5, 12], "texture": "#0"},
				"south": {"uv": [8, 10.5, 10, 12], "texture": "#0"},
				"west": {"uv": [7, 10.5, 8, 12], "texture": "#0"},
				"up": {"uv": [7, 9, 5, 8], "texture": "#0"},
				"down": {"uv": [9, 8, 7, 9], "texture": "#0"}
			}
		},
		{
			"name": "Right Arm",
			"from": [11.5228, 9.802, 5.736],
			"to": [14.6908, 12.178, 10.488],
			"rotation": {"angle": 0, "axis": "y", "origin": [13.1068, 10.99, 9.736]},
			"faces": {
				"north": {"uv": [0.75, 0, 0, 1], "rotation": 270, "texture": "#0"},
				"east": {"uv": [12.75, 5, 13.5, 6.5], "rotation": 270, "texture": "#0"},
				"south": {"uv": [11.75, 5, 11, 4], "rotation": 270, "texture": "#0"},
				"west": {"uv": [11, 5, 11.75, 6.5], "rotation": 90, "texture": "#0"},
				"up": {"uv": [10, 5, 11, 6.5], "rotation": 180, "texture": "#0"},
				"down": {"uv": [11.75, 5, 12.75, 6.5], "texture": "#0"}
			}
		},
		{
			"name": "Right Arm Layer",
			"from": [11.3248, 9.604, 5.538],
			"to": [14.8888, 12.376, 10.686],
			"rotation": {"angle": 0, "axis": "y", "origin": [13.1068, 10.99, 9.736]},
			"faces": {
				"north": {"uv": [0.75, 0, 0, 1], "rotation": 270, "texture": "#0"},
				"east": {"uv": [12.75, 9, 13.5, 10.5], "rotation": 270, "texture": "#0"},
				"south": {"uv": [11.75, 9, 11, 8], "rotation": 270, "texture": "#0"},
				"west": {"uv": [11, 9, 11.75, 10.5], "rotation": 90, "texture": "#0"},
				"up": {"uv": [10, 9, 11, 10.5], "rotation": 180, "texture": "#0"},
				"down": {"uv": [11.75, 9, 12.75, 10.5], "texture": "#0"}
			}
		},
		{
			"name": "Right Arm",
			"from": [14.81517, 9.802, 0.93248],
			"to": [17.98317, 12.178, 5.68448],
			"rotation": {"angle": 45, "axis": "y", "origin": [16.39917, 10.99, 9.68448]},
			"faces": {
				"north": {"uv": [12.5, 5.5, 11.75, 6.5], "rotation": 270, "texture": "#0"},
				"east": {"uv": [12.75, 6.5, 13.5, 8], "rotation": 270, "texture": "#0"},
				"south": {"uv": [0.75, 1, 0, 0], "rotation": 270, "texture": "#0"},
				"west": {"uv": [11, 6.5, 11.75, 8], "rotation": 90, "texture": "#0"},
				"up": {"uv": [10, 6.5, 11, 8], "rotation": 180, "texture": "#0"},
				"down": {"uv": [11.75, 6.5, 12.75, 8], "texture": "#0"}
			}
		},
		{
			"name": "Right Arm Layer",
			"from": [14.61717, 9.604, 0.73448],
			"to": [18.18117, 12.376, 5.88248],
			"rotation": {"angle": 45, "axis": "y", "origin": [16.39917, 10.99, 9.68448]},
			"faces": {
				"north": {"uv": [12.5, 9.5, 11.75, 10.5], "rotation": 270, "texture": "#0"},
				"east": {"uv": [12.75, 10.5, 13.5, 12], "rotation": 270, "texture": "#0"},
				"south": {"uv": [0.75, 1, 0, 0], "rotation": 270, "texture": "#0"},
				"west": {"uv": [11, 10.5, 11.75, 12], "rotation": 90, "texture": "#0"},
				"up": {"uv": [10, 10.5, 11, 12], "rotation": 180, "texture": "#0"},
				"down": {"uv": [11.75, 10.5, 12.75, 12], "texture": "#0"}
			}
		},
		{
			"name": "Left Arm",
			"from": [3.2068, 6.99, 8.152],
			"to": [5.5828, 11.742, 11.32],
			"rotation": {"angle": -22.5, "axis": "z", "origin": [4.3948, 10.99, 9.736]},
			"faces": {
				"north": {"uv": [9, 13, 9.75, 14.5], "texture": "#0"},
				"east": {"uv": [8, 13, 9, 14.5], "texture": "#0"},
				"south": {"uv": [10.75, 13, 11.5, 14.5], "texture": "#0"},
				"west": {"uv": [9.75, 13, 10.75, 14.5], "texture": "#0"},
				"up": {"uv": [9.75, 13, 9, 12], "texture": "#0"},
				"down": {"uv": [0.75, 0, 0, 1], "texture": "#0"}
			}
		},
		{
			"name": "Left Arm Layer",
			"from": [3.0088, 6.792, 7.954],
			"to": [5.7808, 11.94, 11.518],
			"rotation": {"angle": -22.5, "axis": "z", "origin": [4.3948, 10.99, 9.736]},
			"faces": {
				"north": {"uv": [13, 13, 13.75, 14.5], "texture": "#0"},
				"east": {"uv": [12, 13, 13, 14.5], "texture": "#0"},
				"south": {"uv": [14.75, 13, 15.5, 14.5], "texture": "#0"},
				"west": {"uv": [13.75, 13, 14.75, 14.5], "texture": "#0"},
				"up": {"uv": [13.75, 13, 13, 12], "texture": "#0"},
				"down": {"uv": [0.75, 0, 0, 1], "texture": "#0"}
			}
		},
		{
			"name": "Left Arm",
			"from": [0.72633, 4.24962, 8.152],
			"to": [3.10233, 9.00162, 11.32],
			"rotation": {"angle": 22.5, "axis": "z", "origin": [4.3948, 10.99, 9.736]},
			"faces": {
				"north": {"uv": [9, 14.5, 9.75, 16], "texture": "#0"},
				"east": {"uv": [8, 14.5, 9, 16], "texture": "#0"},
				"south": {"uv": [10.75, 14.5, 11.5, 16], "texture": "#0"},
				"west": {"uv": [9.75, 14.5, 10.75, 16], "texture": "#0"},
				"up": {"uv": [0.75, 1, 0, 0], "texture": "#0"},
				"down": {"uv": [10.5, 13.5, 9.75, 14.5], "texture": "#0"}
			}
		},
		{
			"name": "Left Arm Layer",
			"from": [0.52833, 4.05162, 7.954],
			"to": [3.30033, 9.19962, 11.518],
			"rotation": {"angle": 22.5, "axis": "z", "origin": [4.3948, 10.99, 9.736]},
			"faces": {
				"north": {"uv": [13, 14.5, 13.75, 16], "texture": "#0"},
				"east": {"uv": [12, 14.5, 13, 16], "texture": "#0"},
				"south": {"uv": [14.75, 14.5, 15.5, 16], "texture": "#0"},
				"west": {"uv": [13.75, 14.5, 14.75, 16], "texture": "#0"},
				"up": {"uv": [0.75, 1, 0, 0], "texture": "#0"},
				"down": {"uv": [14.5, 13.5, 13.75, 14.5], "texture": "#0"}
			}
		},
		{
			"name": "Right Leg",
			"from": [8.4216, -1.50634, 8.44052],
			"to": [11.5896, 3.24566, 11.60852],
			"rotation": {"angle": -22.5, "axis": "x", "origin": [8.5008, 7.614, 8.986]},
			"faces": {
				"north": {"uv": [1, 5, 2, 6.5], "texture": "#0"},
				"east": {"uv": [0, 5, 1, 6.5], "texture": "#0"},
				"south": {"uv": [3, 5, 4, 6.5], "texture": "#0"},
				"west": {"uv": [2, 5, 3, 6.5], "texture": "#0"},
				"up": {"uv": [2, 5, 1, 4], "texture": "#0"},
				"down": {"uv": [1, 0, 0, 1], "texture": "#0"}
			}
		},
		{
			"name": "Right Leg Layer",
			"from": [8.2236, -1.70434, 8.24252],
			"to": [11.7876, 3.44366, 11.80652],
			"rotation": {"angle": -22.5, "axis": "x", "origin": [8.5008, 7.614, 8.986]},
			"faces": {
				"north": {"uv": [1, 9, 2, 10.5], "texture": "#0"},
				"east": {"uv": [0, 9, 1, 10.5], "texture": "#0"},
				"south": {"uv": [3, 9, 4, 10.5], "texture": "#0"},
				"west": {"uv": [2, 9, 3, 10.5], "texture": "#0"},
				"up": {"uv": [2, 9, 1, 8], "texture": "#0"},
				"down": {"uv": [1, 0, 0, 1], "texture": "#0"}
			}
		},
		{
			"name": "Right Leg",
			"from": [8.4216, -5.516, 4.902],
			"to": [11.5896, -0.764, 8.07],
			"rotation": {"angle": -45, "axis": "x", "origin": [8.5008, 7.614, 8.986]},
			"faces": {
				"north": {"uv": [1, 6.5, 2, 8], "texture": "#0"},
				"east": {"uv": [0, 6.5, 1, 8], "texture": "#0"},
				"south": {"uv": [3, 6.5, 4, 8], "texture": "#0"},
				"west": {"uv": [2, 6.5, 3, 8], "texture": "#0"},
				"up": {"uv": [1, 1, 0, 0], "texture": "#0"},
				"down": {"uv": [3, 5.5, 2, 6.5], "texture": "#0"}
			}
		},
		{
			"name": "Right Leg Layer",
			"from": [8.2236, -5.714, 4.704],
			"to": [11.7876, -0.566, 8.268],
			"rotation": {"angle": -45, "axis": "x", "origin": [8.5008, 7.614, 8.986]},
			"faces": {
				"north": {"uv": [1, 10.5, 2, 12], "texture": "#0"},
				"east": {"uv": [0, 10.5, 1, 12], "texture": "#0"},
				"south": {"uv": [3, 10.5, 4, 12], "texture": "#0"},
				"west": {"uv": [2, 10.5, 3, 12], "texture": "#0"},
				"up": {"uv": [1, 1, 0, 0], "texture": "#0"},
				"down": {"uv": [3, 9.5, 2, 10.5], "texture": "#0"}
			}
		},
		{
			"name": "Left Leg",
			"from": [5.412, -1.10732, 9.37309],
			"to": [8.58, 3.64468, 12.54109],
			"rotation": {"angle": 0, "axis": "x", "origin": [6.996, 0.24024, 11.48064]},
			"faces": {
				"north": {"uv": [5, 13, 6, 14.5], "texture": "#0"},
				"east": {"uv": [4, 13, 5, 14.5], "texture": "#0"},
				"south": {"uv": [7, 13, 8, 14.5], "texture": "#0"},
				"west": {"uv": [6, 13, 7, 14.5], "texture": "#0"},
				"up": {"uv": [6, 13, 5, 12], "texture": "#0"},
				"down": {"uv": [1, 0, 0, 1], "texture": "#0"}
			}
		},
		{
			"name": "Left Leg Layer",
			"from": [5.214, -1.30532, 9.17509],
			"to": [8.778, 3.84268, 12.73909],
			"rotation": {"angle": 0, "axis": "x", "origin": [6.996, 0.24024, 11.48064]},
			"faces": {
				"north": {"uv": [1, 13, 2, 14.5], "texture": "#0"},
				"east": {"uv": [0, 13, 1, 14.5], "texture": "#0"},
				"south": {"uv": [3, 13, 4, 14.5], "texture": "#0"},
				"west": {"uv": [2, 13, 3, 14.5], "texture": "#0"},
				"up": {"uv": [2, 13, 1, 12], "texture": "#0"},
				"down": {"uv": [1, 0, 0, 1], "texture": "#0"}
			}
		},
		{
			"name": "Left Leg",
			"from": [5.412, -2.09357, 9.9819],
			"to": [8.58, 1.07443, 14.7339],
			"rotation": {"angle": 22.5, "axis": "x", "origin": [6.996, 0.24024, 11.48064]},
			"faces": {
				"north": {"uv": [1, 1, 0, 0], "rotation": 180, "texture": "#0"},
				"east": {"uv": [4, 14.5, 5, 16], "rotation": 90, "texture": "#0"},
				"south": {"uv": [7, 13.5, 6, 14.5], "texture": "#0"},
				"west": {"uv": [6, 14.5, 7, 16], "rotation": 270, "texture": "#0"},
				"up": {"uv": [7, 14.5, 8, 16], "texture": "#0"},
				"down": {"uv": [5, 14.5, 6, 16], "rotation": 180, "texture": "#0"}
			}
		},
		{
			"name": "Left Leg Layer",
			"from": [5.214, -2.29157, 9.7839],
			"to": [8.778, 1.27243, 14.9319],
			"rotation": {"angle": 22.5, "axis": "x", "origin": [6.996, 0.24024, 11.48064]},
			"faces": {
				"north": {"uv": [1, 1, 0, 0], "rotation": 180, "texture": "#0"},
				"east": {"uv": [0, 14.5, 1, 16], "rotation": 90, "texture": "#0"},
				"south": {"uv": [3, 13.5, 2, 14.5], "texture": "#0"},
				"west": {"uv": [2, 14.5, 3, 16], "rotation": 270, "texture": "#0"},
				"up": {"uv": [3, 14.5, 4, 16], "texture": "#0"},
				"down": {"uv": [1, 14.5, 2, 16], "rotation": 180, "texture": "#0"}
			}
		}
	],
	"display": {
		"head": {
			"rotation": [0, 22.5, 0],
			"translation": [0, -21, 0],
			"scale": [1.5, 1.5, 1.5]
		}
	},
	"groups": [
		{
			"name": "Head",
			"origin": [0, 24, 0],
			"color": 0,
			"children": [0, 1]
		},
		{
			"name": "Body",
			"origin": [0, 24, 0],
			"color": 0,
			"children": [
				2,
				3,
				{
					"name": "Body",
					"origin": [0, 24, 0],
					"color": 0,
					"children": [4, 5]
				}
			]
		},
		{
			"name": "RightArm",
			"origin": [5, 21.5, 0],
			"color": 0,
			"children": [6, 7, 8, 9]
		},
		{
			"name": "LeftArm",
			"origin": [-5, 21.5, 0],
			"color": 0,
			"children": [10, 11, 12, 13]
		},
		{
			"name": "RightLeg",
			"origin": [1.9, 12, 0],
			"color": 0,
			"children": [
				14,
				15,
				{
					"name": "RightLeg",
					"origin": [1.9, 12, 0],
					"color": 0,
					"children": [16, 17]
				}
			]
		},
		{
			"name": "LeftLeg",
			"origin": [-1.9, 12, 0],
			"color": 0,
			"children": [
				18,
				19,
				{
					"name": "LeftLeg",
					"origin": [-1.9, 12, 0],
					"color": 0,
					"children": [20, 21]
				}
			]
		}
	]
}