{
	"credit": "Made with Blockbench",
	"texture_size": [64, 64],
	"textures": {
		"0": "nw:stand/skins/hierophant_green"
	},
	"elements": [
		{
			"name": "Head",
			"from": [4, 13, 4],
			"to": [12, 21, 12],
			"rotation": {"angle": -45, "axis": "y", "origin": [7, 13, 8]},
			"faces": {
				"north": {"uv": [2, 2, 4, 4], "texture": "#0"},
				"east": {"uv": [0, 2, 2, 4], "texture": "#0"},
				"south": {"uv": [6, 2, 8, 4], "texture": "#0"},
				"west": {"uv": [4, 2, 6, 4], "texture": "#0"},
				"up": {"uv": [4, 2, 2, 0], "texture": "#0"},
				"down": {"uv": [6, 0, 4, 2], "texture": "#0"}
			}
		},
		{
			"name": "Hat Layer",
			"from": [3.5, 12.5, 3.5],
			"to": [12.5, 21.5, 12.5],
			"rotation": {"angle": -45, "axis": "y", "origin": [7, 13, 8]},
			"faces": {
				"north": {"uv": [10, 2, 12, 4], "texture": "#0"},
				"east": {"uv": [8, 2, 10, 4], "texture": "#0"},
				"south": {"uv": [14, 2, 16, 4], "texture": "#0"},
				"west": {"uv": [12, 2, 14, 4], "texture": "#0"},
				"up": {"uv": [12, 2, 10, 0], "texture": "#0"},
				"down": {"uv": [14, 0, 12, 2], "texture": "#0"}
			}
		},
		{
			"name": "Body",
			"from": [4, 1, 6],
			"to": [12, 13, 10],
			"rotation": {"angle": -22.5, "axis": "y", "origin": [7, 13, 8]},
			"faces": {
				"north": {"uv": [5, 5, 7, 8], "texture": "#0"},
				"east": {"uv": [4, 5, 5, 8], "texture": "#0"},
				"south": {"uv": [8, 5, 10, 8], "texture": "#0"},
				"west": {"uv": [7, 5, 8, 8], "texture": "#0"},
				"up": {"uv": [7, 5, 5, 4], "texture": "#0"},
				"down": {"uv": [9, 4, 7, 5], "texture": "#0"}
			}
		},
		{
			"name": "Body Layer",
			"from": [3.75, 0.75, 5.75],
			"to": [12.25, 13.25, 10.25],
			"rotation": {"angle": -22.5, "axis": "y", "origin": [7, 13, 8]},
			"faces": {
				"north": {"uv": [5, 9, 7, 12], "texture": "#0"},
				"east": {"uv": [4, 9, 5, 12], "texture": "#0"},
				"south": {"uv": [8, 9, 10, 12], "texture": "#0"},
				"west": {"uv": [7, 9, 8, 12], "texture": "#0"},
				"up": {"uv": [7, 9, 5, 8], "texture": "#0"},
				"down": {"uv": [9, 8, 7, 9], "texture": "#0"}
			}
		},
		{
			"name": "Right Arm",
			"from": [12, 5.33579, -0.84619],
			"to": [16, 8.33579, 5.15381],
			"rotation": {"angle": 45, "axis": "y", "origin": [13, 6.33579, 6.15381]},
			"faces": {
				"north": {"uv": [12.5, 4, 11.75, 5], "rotation": 90, "texture": "#0"},
				"east": {"uv": [11, 6.75, 11.75, 8], "rotation": 270, "texture": "#0"},
				"south": {"uv": [11.75, 5, 11, 4], "rotation": 90, "texture": "#0"},
				"west": {"uv": [12.75, 6.75, 13.5, 8], "rotation": 90, "texture": "#0"},
				"up": {"uv": [11.75, 6.75, 12.75, 8], "rotation": 180, "texture": "#0"},
				"down": {"uv": [10, 6.5, 11, 8], "texture": "#0"}
			}
		},
		{
			"name": "Right Arm Layer",
			"from": [11.75, 5.08579, -1.09619],
			"to": [16.25, 8.58579, 5.40381],
			"rotation": {"angle": 45, "axis": "y", "origin": [13, 6.33579, 6.15381]},
			"faces": {
				"north": {"uv": [12.5, 8, 11.75, 9], "rotation": 90, "texture": "#0"},
				"east": {"uv": [11, 10.5, 11.75, 12], "rotation": 270, "texture": "#0"},
				"south": {"uv": [11.75, 9, 11, 8], "rotation": 90, "texture": "#0"},
				"west": {"uv": [12.75, 10.5, 13.5, 12], "rotation": 90, "texture": "#0"},
				"up": {"uv": [11.75, 10.5, 12.75, 12], "rotation": 180, "texture": "#0"},
				"down": {"uv": [10, 10.5, 11, 12], "texture": "#0"}
			}
		},
		{
			"name": "Right Arm",
			"from": [12, 6, 5],
			"to": [15, 12, 9],
			"rotation": {"angle": 45, "axis": "x", "origin": [13, 10, 7]},
			"faces": {
				"north": {"uv": [11, 5, 11.75, 6.5], "texture": "#0"},
				"east": {"uv": [10, 5, 11, 6.5], "texture": "#0"},
				"south": {"uv": [12.75, 5, 13.5, 6.5], "texture": "#0"},
				"west": {"uv": [11.75, 5, 12.75, 6.5], "texture": "#0"},
				"up": {"uv": [11.75, 5, 11, 4], "texture": "#0"},
				"down": {"uv": [12.5, 4, 11.75, 5], "texture": "#0"}
			}
		},
		{
			"name": "Right Arm Layer",
			"from": [11.75, 5.75, 4.75],
			"to": [15.25, 12.25, 9.25],
			"rotation": {"angle": 45, "axis": "x", "origin": [13, 10, 7]},
			"faces": {
				"north": {"uv": [11, 9, 11.75, 10.5], "texture": "#0"},
				"east": {"uv": [10, 9, 11, 10.5], "texture": "#0"},
				"south": {"uv": [12.75, 9, 13.5, 10.5], "texture": "#0"},
				"west": {"uv": [11.75, 9, 12.75, 10.5], "texture": "#0"},
				"up": {"uv": [11.75, 9, 11, 8], "texture": "#0"},
				"down": {"uv": [12.5, 8, 11.75, 9], "texture": "#0"}
			}
		},
		{
			"name": "Right Leg",
			"from": [6.9, -12, 6],
			"to": [10.9, 0, 10],
			"rotation": {"angle": 45, "axis": "z", "origin": [8, 1, 8]},
			"faces": {
				"north": {"uv": [1, 5, 2, 8], "texture": "#0"},
				"east": {"uv": [0, 5, 1, 8], "texture": "#0"},
				"south": {"uv": [3, 5, 4, 8], "texture": "#0"},
				"west": {"uv": [2, 5, 3, 8], "texture": "#0"},
				"up": {"uv": [2, 5, 1, 4], "texture": "#0"},
				"down": {"uv": [3, 4, 2, 5], "texture": "#0"}
			}
		},
		{
			"name": "Left Leg",
			"from": [-0.72312, -0.64564, 5.9],
			"to": [5.27688, 3.35436, 9.9],
			"rotation": {"angle": 45, "axis": "z", "origin": [5.15198, 2.25717, 8]},
			"faces": {
				"north": {"uv": [4, 13, 5, 14.5], "rotation": 270, "texture": "#0"},
				"east": {"uv": [6, 13, 5, 12], "texture": "#0"},
				"south": {"uv": [6, 13, 7, 14.5], "rotation": 90, "texture": "#0"},
				"west": {"uv": [7, 12, 6, 13], "rotation": 180, "texture": "#0"},
				"up": {"uv": [5, 13, 6, 14.5], "rotation": 90, "texture": "#0"},
				"down": {"uv": [7, 13, 8, 14.5], "rotation": 90, "texture": "#0"}
			}
		},
		{
			"name": "Right Arm",
			"from": [-3.76579, 10, -2.82281],
			"to": [0.23421, 13, 3.17719],
			"rotation": {"angle": -45, "axis": "y", "origin": [-1.76579, 11, 9.17719]},
			"faces": {
				"north": {"uv": [11.75, 4, 12.5, 5], "rotation": 90, "texture": "#0"},
				"east": {"uv": [11.75, 6.75, 11, 8], "rotation": 270, "texture": "#0"},
				"south": {"uv": [11, 5, 11.75, 4], "rotation": 90, "texture": "#0"},
				"west": {"uv": [13.5, 6.75, 12.75, 8], "rotation": 90, "texture": "#0"},
				"up": {"uv": [11, 6.5, 10, 8], "rotation": 180, "texture": "#0"},
				"down": {"uv": [12.75, 6.75, 11.75, 8], "texture": "#0"}
			}
		},
		{
			"name": "Right Arm Layer",
			"from": [-4.01579, 9.75, -3.07281],
			"to": [0.48421, 13.25, 3.42719],
			"rotation": {"angle": -45, "axis": "y", "origin": [-1.76579, 11, 9.17719]},
			"faces": {
				"north": {"uv": [11.75, 8, 12.5, 9], "rotation": 90, "texture": "#0"},
				"east": {"uv": [11.75, 10.5, 11, 12], "rotation": 270, "texture": "#0"},
				"south": {"uv": [11, 9, 11.75, 8], "rotation": 90, "texture": "#0"},
				"west": {"uv": [13.5, 10.5, 12.75, 12], "rotation": 90, "texture": "#0"},
				"up": {"uv": [11, 10.5, 10, 12], "rotation": 180, "texture": "#0"},
				"down": {"uv": [12.75, 10.5, 11.75, 12], "texture": "#0"}
			}
		},
		{
			"name": "Right Arm",
			"from": [1, 10, 4],
			"to": [5, 13, 10],
			"rotation": {"angle": 22.5, "axis": "y", "origin": [3, 11, 8]},
			"faces": {
				"north": {"uv": [11.75, 4, 12.5, 5], "rotation": 90, "texture": "#0"},
				"east": {"uv": [11.75, 5, 11, 6.5], "rotation": 270, "texture": "#0"},
				"south": {"uv": [11, 5, 11.75, 4], "rotation": 90, "texture": "#0"},
				"west": {"uv": [13.5, 5, 12.75, 6.5], "rotation": 90, "texture": "#0"},
				"up": {"uv": [11, 5, 10, 6.5], "rotation": 180, "texture": "#0"},
				"down": {"uv": [12.75, 5, 11.75, 6.5], "texture": "#0"}
			}
		},
		{
			"name": "Right Arm Layer",
			"from": [0.75, 9.75, 3.75],
			"to": [5.25, 13.25, 10.25],
			"rotation": {"angle": 22.5, "axis": "y", "origin": [3, 11, 8]},
			"faces": {
				"north": {"uv": [11.75, 8, 12.5, 9], "rotation": 90, "texture": "#0"},
				"east": {"uv": [11.75, 9, 11, 10.5], "rotation": 270, "texture": "#0"},
				"south": {"uv": [11, 9, 11.75, 8], "rotation": 90, "texture": "#0"},
				"west": {"uv": [13.5, 9, 12.75, 10.5], "rotation": 90, "texture": "#0"},
				"up": {"uv": [11, 9, 10, 10.5], "rotation": 180, "texture": "#0"},
				"down": {"uv": [12.75, 9, 11.75, 10.5], "texture": "#0"}
			}
		},
		{
			"name": "Left Leg",
			"from": [-0.69578, -5.97746, 5.9],
			"to": [3.30422, 0.02254, 9.9],
			"rotation": {"angle": 22.5, "axis": "z", "origin": [5.15198, 2.25717, 8]},
			"faces": {
				"north": {"uv": [4, 14.5, 5, 16], "texture": "#0"},
				"east": {"uv": [7, 14.5, 8, 16], "texture": "#0"},
				"south": {"uv": [6, 14.5, 7, 16], "texture": "#0"},
				"west": {"uv": [5, 14.5, 6, 16], "texture": "#0"},
				"up": {"uv": [6, 13, 5, 12], "rotation": 270, "texture": "#0"},
				"down": {"uv": [7, 12, 6, 13], "rotation": 90, "texture": "#0"}
			}
		}
	],
	"display": {
		"head": {
			"rotation": [0, 33.25, 0],
			"translation": [-0.25, -14.5, 0],
			"scale": [1.6, 1.6, 1.6]
		}
	},
	"groups": [
		{
			"name": "Head",
			"origin": [0, 24, 0],
			"color": 0,
			"children": [0, 1]
		},
		{
			"name": "Body",
			"origin": [0, 24, 0],
			"color": 0,
			"children": [2, 3]
		},
		{
			"name": "RightArm",
			"origin": [5, 22, 0],
			"color": 0,
			"children": [
				4,
				5,
				{
					"name": "RightArm",
					"origin": [5, 22, 0],
					"color": 0,
					"children": [6, 7]
				}
			]
		},
		{
			"name": "RightLeg",
			"origin": [1.9, 12, 0],
			"color": 0,
			"children": [8]
		},
		{
			"name": "LeftLeg",
			"origin": [-1.9, 12, 0],
			"color": 0,
			"children": [9]
		},
		{
			"name": "LeftArm",
			"origin": [5, 22, 0],
			"color": 0,
			"children": [
				10,
				11,
				{
					"name": "LeftArmo",
					"origin": [5, 22, 0],
					"color": 0,
					"children": [12, 13]
				}
			]
		},
		{
			"name": "LeftLeg",
			"origin": [-1.9, 12, 0],
			"color": 0,
			"children": [14]
		}
	]
}