{
	"credit": "Made with Blockbench",
	"texture_size": [128, 128],
	"textures": {
		"0": "nw:stand/skins/horus",
		"particle": "nw:stand/skins/horus"
	},
	"elements": [
		{
			"from": [12.47177, -0.79222, 7.5],
			"to": [14.77177, 0.00778, 8.3],
			"rotation": {"angle": 22.5, "axis": "z", "origin": [12.67177, 0.10778, 7.9]},
			"faces": {
				"north": {"uv": [2.125, 1.625, 2.4375, 1.75], "texture": "#0"},
				"east": {"uv": [2.25, 0.625, 2.375, 0.75], "texture": "#0"},
				"south": {"uv": [2.375, 0, 2.6875, 0.125], "texture": "#0"},
				"west": {"uv": [3.375, 6.75, 3.5, 6.875], "texture": "#0"},
				"up": {"uv": [1.0625, 2.625, 0.75, 2.5], "texture": "#0"},
				"down": {"uv": [2.8125, 1, 2.5, 1.125], "texture": "#0"}
			}
		},
		{
			"from": [12.27177, -0.79222, 7.5],
			"to": [13.07177, 0.00778, 8.3],
			"rotation": {"angle": 0, "axis": "y", "origin": [12.87959, 0.26846, 7.9]},
			"faces": {
				"north": {"uv": [6.75, 4.875, 6.875, 5], "texture": "#0"},
				"east": {"uv": [5, 6.75, 5.125, 6.875], "texture": "#0"},
				"south": {"uv": [6.75, 5.625, 6.875, 5.75], "texture": "#0"},
				"west": {"uv": [6.375, 6.75, 6.5, 6.875], "texture": "#0"},
				"up": {"uv": [0.125, 7, 0, 6.875], "texture": "#0"},
				"down": {"uv": [2.375, 6.875, 2.25, 7], "texture": "#0"}
			}
		},
		{
			"from": [12.27177, 0.20778, 7.5],
			"to": [13.07177, 3.00778, 8.3],
			"rotation": {"angle": 22.5, "axis": "z", "origin": [12.87959, 0.26846, 7.9]},
			"faces": {
				"north": {"uv": [1.875, 0.875, 2, 1.25], "texture": "#0"},
				"east": {"uv": [1.875, 1.375, 2, 1.75], "texture": "#0"},
				"south": {"uv": [1.5, 1.875, 1.625, 2.25], "texture": "#0"},
				"west": {"uv": [1.75, 1.875, 1.875, 2.25], "texture": "#0"},
				"up": {"uv": [2.625, 7, 2.5, 6.875], "texture": "#0"},
				"down": {"uv": [3.25, 6.875, 3.125, 7], "texture": "#0"}
			}
		},
		{
			"from": [11.97177, 3.10778, 7.4],
			"to": [12.97177, 5.60778, 8.4],
			"rotation": {"angle": 45, "axis": "z", "origin": [12.95613, 2.08369, 7.9]},
			"faces": {
				"north": {"uv": [1.75, 2.375, 1.875, 2.6875], "texture": "#0"},
				"east": {"uv": [2, 2.5, 2.125, 2.8125], "texture": "#0"},
				"south": {"uv": [2.25, 2.5, 2.375, 2.8125], "texture": "#0"},
				"west": {"uv": [2.5, 2.5, 2.625, 2.8125], "texture": "#0"},
				"up": {"uv": [7, 3.25, 6.875, 3.125], "texture": "#0"},
				"down": {"uv": [3.75, 6.875, 3.625, 7], "texture": "#0"}
			}
		},
		{
			"from": [13.77177, 1.60778, 7.6],
			"to": [15.37177, 2.20778, 8.2],
			"rotation": {"angle": -45, "axis": "z", "origin": [12.67177, 0.10778, 7.9]},
			"faces": {
				"north": {"uv": [3.625, 0.25, 3.875, 0.375], "texture": "#0"},
				"east": {"uv": [6.875, 3.875, 7, 4], "texture": "#0"},
				"south": {"uv": [0.375, 3.75, 0.625, 3.875], "texture": "#0"},
				"west": {"uv": [6.875, 4.125, 7, 4.25], "texture": "#0"},
				"up": {"uv": [4, 0.625, 3.75, 0.5], "texture": "#0"},
				"down": {"uv": [1, 3.75, 0.75, 3.875], "texture": "#0"}
			}
		},
		{
			"from": [10.47177, -0.79222, 7.5],
			"to": [12.77177, 0.00778, 8.3],
			"rotation": {"angle": -22.5, "axis": "z", "origin": [12.67177, 0.10778, 7.9]},
			"faces": {
				"north": {"uv": [2.5, 1.25, 2.8125, 1.375], "texture": "#0"},
				"east": {"uv": [6.875, 4.375, 7, 4.5], "texture": "#0"},
				"south": {"uv": [2.5, 1.875, 2.8125, 2], "texture": "#0"},
				"west": {"uv": [4.75, 6.875, 4.875, 7], "texture": "#0"},
				"up": {"uv": [2.9375, 0.375, 2.625, 0.25], "texture": "#0"},
				"down": {"uv": [2.9375, 1.5, 2.625, 1.625], "texture": "#0"}
			}
		},
		{
			"from": [9.97177, 1.60778, 7.6],
			"to": [11.57177, 2.20778, 8.2],
			"rotation": {"angle": 45, "axis": "z", "origin": [12.67177, 0.10778, 7.9]},
			"faces": {
				"north": {"uv": [1.125, 3.75, 1.375, 3.875], "texture": "#0"},
				"east": {"uv": [6.875, 5.125, 7, 5.25], "texture": "#0"},
				"south": {"uv": [1.5, 3.75, 1.75, 3.875], "texture": "#0"},
				"west": {"uv": [5.25, 6.875, 5.375, 7], "texture": "#0"},
				"up": {"uv": [4, 2.25, 3.75, 2.125], "texture": "#0"},
				"down": {"uv": [4, 2.375, 3.75, 2.5], "texture": "#0"}
			}
		},
		{
			"from": [12.27177, -0.79222, 7.8],
			"to": [13.07177, 0.00778, 10.1],
			"rotation": {"angle": -22.5, "axis": "x", "origin": [12.67177, 0.10778, 7.9]},
			"faces": {
				"north": {"uv": [5.5, 6.875, 5.625, 7], "texture": "#0"},
				"east": {"uv": [0.75, 2.75, 1.0625, 2.875], "texture": "#0"},
				"south": {"uv": [5.75, 6.875, 5.875, 7], "texture": "#0"},
				"west": {"uv": [1.25, 2.75, 1.5625, 2.875], "texture": "#0"},
				"up": {"uv": [2.875, 2.4375, 2.75, 2.125], "texture": "#0"},
				"down": {"uv": [2.875, 2.625, 2.75, 2.9375], "texture": "#0"}
			}
		},
		{
			"from": [12.37177, -2.59222, 9.4],
			"to": [12.97177, -0.99222, 10],
			"rotation": {"angle": -45, "axis": "x", "origin": [12.67177, 0.10778, 7.9]},
			"faces": {
				"north": {"uv": [3.75, 2.625, 3.875, 2.875], "texture": "#0"},
				"east": {"uv": [3.875, 1.125, 4, 1.375], "texture": "#0"},
				"south": {"uv": [3.875, 1.5, 4, 1.75], "texture": "#0"},
				"west": {"uv": [3.875, 3, 4, 3.25], "texture": "#0"},
				"up": {"uv": [7, 6, 6.875, 5.875], "texture": "#0"},
				"down": {"uv": [6.125, 6.875, 6, 7], "texture": "#0"}
			}
		},
		{
			"from": [12.27177, -0.79222, 5.7],
			"to": [13.07177, 0.00778, 8.04],
			"rotation": {"angle": 22.5, "axis": "x", "origin": [12.67177, 0.10778, 7.9]},
			"faces": {
				"north": {"uv": [6.875, 6.125, 7, 6.25], "texture": "#0"},
				"east": {"uv": [0, 2.875, 0.3125, 3], "texture": "#0"},
				"south": {"uv": [6.625, 6.875, 6.75, 7], "texture": "#0"},
				"west": {"uv": [2.875, 0, 3.1875, 0.125], "texture": "#0"},
				"up": {"uv": [0.625, 3.1875, 0.5, 2.875], "texture": "#0"},
				"down": {"uv": [3, 0.5, 2.875, 0.8125], "texture": "#0"}
			}
		},
		{
			"from": [12.37177, -2.49222, 5.8],
			"to": [12.97177, -0.89222, 6.4],
			"rotation": {"angle": 45, "axis": "x", "origin": [12.67177, 0.10778, 7.9]},
			"faces": {
				"north": {"uv": [3.625, 3.875, 3.75, 4.125], "texture": "#0"},
				"east": {"uv": [3.875, 3.875, 4, 4.125], "texture": "#0"},
				"south": {"uv": [4, 0, 4.125, 0.25], "texture": "#0"},
				"west": {"uv": [0.375, 4, 0.5, 4.25], "texture": "#0"},
				"up": {"uv": [7, 7, 6.875, 6.875], "texture": "#0"},
				"down": {"uv": [0.375, 7, 0.25, 7.125], "texture": "#0"}
			}
		},
		{
			"from": [1.91199, -0.94742, 7.5],
			"to": [4.21199, -0.14742, 8.3],
			"rotation": {"angle": 22.5, "axis": "z", "origin": [2.11199, -0.04742, 7.9]},
			"faces": {
				"north": {"uv": [0.75, 3, 1.0625, 3.125], "texture": "#0"},
				"east": {"uv": [7, 0.25, 7.125, 0.375], "texture": "#0"},
				"south": {"uv": [3, 1, 3.3125, 1.125], "texture": "#0"},
				"west": {"uv": [0.5, 7, 0.625, 7.125], "texture": "#0"},
				"up": {"uv": [1.5625, 3.125, 1.25, 3], "texture": "#0"},
				"down": {"uv": [3.3125, 1.25, 3, 1.375], "texture": "#0"}
			}
		},
		{
			"from": [1.71199, -0.94742, 7.5],
			"to": [2.51199, -0.14742, 8.3],
			"rotation": {"angle": 0, "axis": "y", "origin": [2.31981, 0.11326, 7.9]},
			"faces": {
				"north": {"uv": [7, 0.5, 7.125, 0.625], "texture": "#0"},
				"east": {"uv": [0.75, 7, 0.875, 7.125], "texture": "#0"},
				"south": {"uv": [1, 7, 1.125, 7.125], "texture": "#0"},
				"west": {"uv": [1.25, 7, 1.375, 7.125], "texture": "#0"},
				"up": {"uv": [7.125, 1.375, 7, 1.25], "texture": "#0"},
				"down": {"uv": [1.625, 7, 1.5, 7.125], "texture": "#0"}
			}
		},
		{
			"from": [1.71199, 0.05258, 7.5],
			"to": [2.51199, 2.85258, 8.3],
			"rotation": {"angle": -22.5, "axis": "z", "origin": [2.31981, 0.11326, 7.9]},
			"faces": {
				"north": {"uv": [0.375, 2, 0.5, 2.375], "texture": "#0"},
				"east": {"uv": [0.625, 2, 0.75, 2.375], "texture": "#0"},
				"south": {"uv": [0.875, 2, 1, 2.375], "texture": "#0"},
				"west": {"uv": [1.125, 2, 1.25, 2.375], "texture": "#0"},
				"up": {"uv": [7.125, 1.875, 7, 1.75], "texture": "#0"},
				"down": {"uv": [7.125, 2, 7, 2.125], "texture": "#0"}
			}
		},
		{
			"from": [2.01199, 2.95258, 7.4],
			"to": [3.01199, 5.45258, 8.4],
			"rotation": {"angle": -45, "axis": "z", "origin": [2.31981, 2.11326, 7.9]},
			"faces": {
				"north": {"uv": [1.75, 2.875, 1.875, 3.1875], "texture": "#0"},
				"east": {"uv": [3, 1.75, 3.125, 2.0625], "texture": "#0"},
				"south": {"uv": [2, 3, 2.125, 3.3125], "texture": "#0"},
				"west": {"uv": [2.25, 3, 2.375, 3.3125], "texture": "#0"},
				"up": {"uv": [7.125, 2.375, 7, 2.25], "texture": "#0"},
				"down": {"uv": [2.875, 7, 2.75, 7.125], "texture": "#0"}
			}
		},
		{
			"from": [3.21199, 1.45258, 7.6],
			"to": [4.81199, 2.05258, 8.2],
			"rotation": {"angle": -45, "axis": "z", "origin": [2.11199, -0.04742, 7.9]},
			"faces": {
				"north": {"uv": [3.875, 1.875, 4.125, 2], "texture": "#0"},
				"east": {"uv": [3.375, 7, 3.5, 7.125], "texture": "#0"},
				"south": {"uv": [0.625, 4, 0.875, 4.125], "texture": "#0"},
				"west": {"uv": [3.875, 7, 4, 7.125], "texture": "#0"},
				"up": {"uv": [4.25, 0.875, 4, 0.75], "texture": "#0"},
				"down": {"uv": [1.25, 4, 1, 4.125], "texture": "#0"}
			}
		},
		{
			"from": [-0.08801, -0.94742, 7.5],
			"to": [2.21199, -0.14742, 8.3],
			"rotation": {"angle": -22.5, "axis": "z", "origin": [2.11199, -0.04742, 7.9]},
			"faces": {
				"north": {"uv": [3, 2.25, 3.3125, 2.375], "texture": "#0"},
				"east": {"uv": [4.125, 7, 4.25, 7.125], "texture": "#0"},
				"south": {"uv": [3, 2.5, 3.3125, 2.625], "texture": "#0"},
				"west": {"uv": [4.375, 7, 4.5, 7.125], "texture": "#0"},
				"up": {"uv": [3.3125, 2.875, 3, 2.75], "texture": "#0"},
				"down": {"uv": [3.3125, 3, 3, 3.125], "texture": "#0"}
			}
		},
		{
			"from": [-0.58801, 1.45258, 7.6],
			"to": [1.01199, 2.05258, 8.2],
			"rotation": {"angle": 45, "axis": "z", "origin": [2.11199, -0.04742, 7.9]},
			"faces": {
				"north": {"uv": [1.375, 4, 1.625, 4.125], "texture": "#0"},
				"east": {"uv": [7, 4.875, 7.125, 5], "texture": "#0"},
				"south": {"uv": [1.75, 4, 2, 4.125], "texture": "#0"},
				"west": {"uv": [5, 7, 5.125, 7.125], "texture": "#0"},
				"up": {"uv": [2.375, 4.125, 2.125, 4], "texture": "#0"},
				"down": {"uv": [2.75, 4, 2.5, 4.125], "texture": "#0"}
			}
		},
		{
			"from": [1.71199, -0.94742, 7.8],
			"to": [2.51199, -0.14742, 10.1],
			"rotation": {"angle": -22.5, "axis": "x", "origin": [2.11199, -0.04742, 7.9]},
			"faces": {
				"north": {"uv": [7, 5.375, 7.125, 5.5], "texture": "#0"},
				"east": {"uv": [0, 3.125, 0.3125, 3.25], "texture": "#0"},
				"south": {"uv": [7, 5.625, 7.125, 5.75], "texture": "#0"},
				"west": {"uv": [3.125, 0.25, 3.4375, 0.375], "texture": "#0"},
				"up": {"uv": [2.625, 3.3125, 2.5, 3], "texture": "#0"},
				"down": {"uv": [3.25, 0.5, 3.125, 0.8125], "texture": "#0"}
			}
		},
		{
			"from": [1.81199, -2.74742, 9.4],
			"to": [2.41199, -1.14742, 10],
			"rotation": {"angle": -45, "axis": "x", "origin": [2.11199, -0.04742, 7.9]},
			"faces": {
				"north": {"uv": [4, 2.625, 4.125, 2.875], "texture": "#0"},
				"east": {"uv": [2.875, 4, 3, 4.25], "texture": "#0"},
				"south": {"uv": [3.125, 4, 3.25, 4.25], "texture": "#0"},
				"west": {"uv": [3.375, 4, 3.5, 4.25], "texture": "#0"},
				"up": {"uv": [6.375, 7.125, 6.25, 7], "texture": "#0"},
				"down": {"uv": [7.125, 6.375, 7, 6.5], "texture": "#0"}
			}
		},
		{
			"from": [1.71199, -0.94742, 5.7],
			"to": [2.51199, -0.14742, 8.04],
			"rotation": {"angle": 22.5, "axis": "x", "origin": [2.11199, -0.04742, 7.9]},
			"faces": {
				"north": {"uv": [7, 6.625, 7.125, 6.75], "texture": "#0"},
				"east": {"uv": [3.125, 1.5, 3.4375, 1.625], "texture": "#0"},
				"south": {"uv": [0, 7.125, 0.125, 7.25], "texture": "#0"},
				"west": {"uv": [0.75, 3.25, 1.0625, 3.375], "texture": "#0"},
				"up": {"uv": [2.875, 3.4375, 2.75, 3.125], "texture": "#0"},
				"down": {"uv": [1.375, 3.25, 1.25, 3.5625], "texture": "#0"}
			}
		},
		{
			"from": [1.81199, -2.64742, 5.8],
			"to": [2.41199, -1.04742, 6.4],
			"rotation": {"angle": 45, "axis": "x", "origin": [2.11199, -0.04742, 7.9]},
			"faces": {
				"north": {"uv": [4, 3.375, 4.125, 3.625], "texture": "#0"},
				"east": {"uv": [0, 4.125, 0.125, 4.375], "texture": "#0"},
				"south": {"uv": [4.125, 0.375, 4.25, 0.625], "texture": "#0"},
				"west": {"uv": [4.125, 1, 4.25, 1.25], "texture": "#0"},
				"up": {"uv": [7.25, 0.125, 7.125, 0], "texture": "#0"},
				"down": {"uv": [7.25, 0.75, 7.125, 0.875], "texture": "#0"}
			}
		},
		{
			"from": [7, 5.3, 10.9],
			"to": [8, 6.3, 12.4],
			"rotation": {"angle": -45, "axis": "x", "origin": [7.70782, 3.16069, 12.3]},
			"faces": {
				"north": {"uv": [7.125, 1, 7.25, 1.125], "texture": "#0"},
				"east": {"uv": [6.25, 0.25, 6.4375, 0.375], "texture": "#0"},
				"south": {"uv": [7.125, 1.5, 7.25, 1.625], "texture": "#0"},
				"west": {"uv": [6.25, 1.375, 6.4375, 1.5], "texture": "#0"},
				"up": {"uv": [5.5, 6.3125, 5.375, 6.125], "texture": "#0"},
				"down": {"uv": [1, 6.25, 0.875, 6.4375], "texture": "#0"}
			}
		},
		{
			"from": [7.1, 5.04645, 12.5],
			"to": [7.9, 5.84645, 12.8],
			"rotation": {"angle": -45, "axis": "x", "origin": [7.70782, 2.80713, 11.94645]},
			"faces": {
				"north": {"uv": [1.75, 7.125, 1.875, 7.25], "texture": "#0"},
				"east": {"uv": [6, 8.5, 6.0625, 8.625], "texture": "#0"},
				"south": {"uv": [2, 7.125, 2.125, 7.25], "texture": "#0"},
				"west": {"uv": [8.5, 7.25, 8.5625, 7.375], "texture": "#0"},
				"up": {"uv": [8.625, 8.0625, 8.5, 8], "texture": "#0"},
				"down": {"uv": [8.625, 8.25, 8.5, 8.3125], "texture": "#0"}
			}
		},
		{
			"from": [7.1, 5.2, 11.55],
			"to": [7.9, 6, 12.85],
			"rotation": {"angle": -22.5, "axis": "x", "origin": [7.70782, 2.80713, 11.94645]},
			"faces": {
				"north": {"uv": [2.25, 7.125, 2.375, 7.25], "texture": "#0"},
				"east": {"uv": [6.25, 2.25, 6.4375, 2.375], "texture": "#0"},
				"south": {"uv": [2.5, 7.125, 2.625, 7.25], "texture": "#0"},
				"west": {"uv": [6.25, 2.5, 6.4375, 2.625], "texture": "#0"},
				"up": {"uv": [3.875, 6.4375, 3.75, 6.25], "texture": "#0"},
				"down": {"uv": [6.375, 4.25, 6.25, 4.4375], "texture": "#0"}
			}
		},
		{
			"from": [7.2, 5.3, 12.65],
			"to": [7.8, 5.9, 13.75],
			"rotation": {"angle": -22.5, "axis": "x", "origin": [7.70782, 2.80713, 11.94645]},
			"faces": {
				"north": {"uv": [3, 7.125, 3.125, 7.25], "texture": "#0"},
				"east": {"uv": [6.25, 5.375, 6.4375, 5.5], "texture": "#0"},
				"south": {"uv": [7.125, 3.125, 7.25, 3.25], "texture": "#0"},
				"west": {"uv": [5.625, 6.25, 5.8125, 6.375], "texture": "#0"},
				"up": {"uv": [6.375, 6.1875, 6.25, 6], "texture": "#0"},
				"down": {"uv": [0.375, 6.375, 0.25, 6.5625], "texture": "#0"}
			}
		},
		{
			"from": [6.9, 3.7, 9.1],
			"to": [8.1, 4.9, 9.8],
			"rotation": {"angle": 0, "axis": "y", "origin": [0, 0, 3]},
			"faces": {
				"north": {"uv": [7.125, 3.375, 7.25, 3.5], "texture": "#0"},
				"east": {"uv": [8.5, 8.5, 8.5625, 8.625], "texture": "#0"},
				"south": {"uv": [3.625, 7.125, 3.75, 7.25], "texture": "#0"},
				"west": {"uv": [0, 8.625, 0.0625, 8.75], "texture": "#0"},
				"up": {"uv": [8.75, 0.0625, 8.625, 0], "texture": "#0"},
				"down": {"uv": [8.75, 0.75, 8.625, 0.8125], "texture": "#0"}
			}
		},
		{
			"from": [8.9, 3.75, 7.3],
			"to": [10.1, 4.95, 8.5],
			"rotation": {"angle": -22.5, "axis": "z", "origin": [9.5, 3.8, 6.8]},
			"faces": {
				"north": {"uv": [7.125, 3.625, 7.25, 3.75], "texture": "#0"},
				"east": {"uv": [7.125, 3.875, 7.25, 4], "texture": "#0"},
				"south": {"uv": [7.125, 4.125, 7.25, 4.25], "texture": "#0"},
				"west": {"uv": [7.125, 4.375, 7.25, 4.5], "texture": "#0"},
				"up": {"uv": [4.75, 7.25, 4.625, 7.125], "texture": "#0"},
				"down": {"uv": [7.25, 4.625, 7.125, 4.75], "texture": "#0"}
			}
		},
		{
			"from": [5.5, 3.8, 7.4],
			"to": [6.9, 4.8, 8.4],
			"rotation": {"angle": 0, "axis": "y", "origin": [-0.9, 0, 3]},
			"faces": {
				"north": {"uv": [6.375, 0, 6.5625, 0.125], "texture": "#0"},
				"east": {"uv": [7.125, 5.125, 7.25, 5.25], "texture": "#0"},
				"south": {"uv": [6.375, 0.75, 6.5625, 0.875], "texture": "#0"},
				"west": {"uv": [5.25, 7.125, 5.375, 7.25], "texture": "#0"},
				"up": {"uv": [6.5625, 1.125, 6.375, 1], "texture": "#0"},
				"down": {"uv": [6.5625, 1.625, 6.375, 1.75], "texture": "#0"}
			}
		},
		{
			"from": [5.5, 3.8, 7.2],
			"to": [6.5, 4.8, 8.2],
			"rotation": {"angle": 45, "axis": "y", "origin": [7.5, 3.8, 6.8]},
			"faces": {
				"north": {"uv": [5.5, 7.125, 5.625, 7.25], "texture": "#0"},
				"east": {"uv": [5.75, 7.125, 5.875, 7.25], "texture": "#0"},
				"south": {"uv": [7.125, 5.875, 7.25, 6], "texture": "#0"},
				"west": {"uv": [6, 7.125, 6.125, 7.25], "texture": "#0"},
				"up": {"uv": [7.25, 6.25, 7.125, 6.125], "texture": "#0"},
				"down": {"uv": [6.625, 7.125, 6.5, 7.25], "texture": "#0"}
			}
		},
		{
			"from": [5.212, 4.5, 7.7412],
			"to": [6.212, 5.2, 9.2412],
			"rotation": {"angle": 22.5, "axis": "y", "origin": [7.212, 3.5, 6.3412]},
			"faces": {
				"north": {"uv": [8.375, 4.5, 8.5, 4.59375], "texture": "#0"},
				"east": {"uv": [2.75, 6.75, 2.9375, 6.84375], "texture": "#0"},
				"south": {"uv": [8.375, 5, 8.5, 5.09375], "texture": "#0"},
				"west": {"uv": [6.75, 3.375, 6.9375, 3.46875], "texture": "#0"},
				"up": {"uv": [1.25, 6.5625, 1.125, 6.375], "texture": "#0"},
				"down": {"uv": [2, 6.375, 1.875, 6.5625], "texture": "#0"}
			}
		},
		{
			"from": [6.1, 3.8, 7.7],
			"to": [7.1, 4.8, 8.7],
			"rotation": {"angle": 45, "axis": "y", "origin": [7.5, 3.8, 6.8]},
			"faces": {
				"north": {"uv": [6.75, 7.125, 6.875, 7.25], "texture": "#0"},
				"east": {"uv": [7.125, 6.875, 7.25, 7], "texture": "#0"},
				"south": {"uv": [7, 7.125, 7.125, 7.25], "texture": "#0"},
				"west": {"uv": [0.25, 7.25, 0.375, 7.375], "texture": "#0"},
				"up": {"uv": [7.375, 0.375, 7.25, 0.25], "texture": "#0"},
				"down": {"uv": [0.625, 7.25, 0.5, 7.375], "texture": "#0"}
			}
		},
		{
			"from": [8.01502, 4.5, 7.62723],
			"to": [9.01502, 5.2, 9.12723],
			"rotation": {"angle": -22.5, "axis": "y", "origin": [7.11502, 3.5, 8.22723]},
			"faces": {
				"north": {"uv": [6.75, 8.375, 6.875, 8.46875], "texture": "#0"},
				"east": {"uv": [6.75, 3.625, 6.9375, 3.71875], "texture": "#0"},
				"south": {"uv": [8.375, 6.75, 8.5, 6.84375], "texture": "#0"},
				"west": {"uv": [4, 6.75, 4.1875, 6.84375], "texture": "#0"},
				"up": {"uv": [6.5, 2.0625, 6.375, 1.875], "texture": "#0"},
				"down": {"uv": [2.25, 6.375, 2.125, 6.5625], "texture": "#0"}
			}
		},
		{
			"from": [8.1, 3.8, 7.4],
			"to": [9.4, 4.8, 8.4],
			"rotation": {"angle": 0, "axis": "y", "origin": [-0.4, 0, 3]},
			"faces": {
				"north": {"uv": [6.75, 0, 6.90625, 0.125], "texture": "#0"},
				"east": {"uv": [7.25, 0.5, 7.375, 0.625], "texture": "#0"},
				"south": {"uv": [0.25, 6.75, 0.40625, 6.875], "texture": "#0"},
				"west": {"uv": [0.75, 7.25, 0.875, 7.375], "texture": "#0"},
				"up": {"uv": [0.78125, 6.875, 0.625, 6.75], "texture": "#0"},
				"down": {"uv": [6.90625, 0.75, 6.75, 0.875], "texture": "#0"}
			}
		},
		{
			"from": [4.8, 3.45, 7.3],
			"to": [6, 4.65, 8.5],
			"rotation": {"angle": 22.5, "axis": "z", "origin": [4.4, 3.8, 6.8]},
			"faces": {
				"north": {"uv": [1, 7.25, 1.125, 7.375], "texture": "#0"},
				"east": {"uv": [1.25, 7.25, 1.375, 7.375], "texture": "#0"},
				"south": {"uv": [7.25, 1.25, 7.375, 1.375], "texture": "#0"},
				"west": {"uv": [1.5, 7.25, 1.625, 7.375], "texture": "#0"},
				"up": {"uv": [7.375, 1.875, 7.25, 1.75], "texture": "#0"},
				"down": {"uv": [7.375, 2, 7.25, 2.125], "texture": "#0"}
			}
		},
		{
			"from": [6.9, 5.11508, 7.69203],
			"to": [8.1, 6.31508, 9.89203],
			"rotation": {"angle": -45, "axis": "x", "origin": [7, 3.61508, 9.29203]},
			"faces": {
				"north": {"uv": [7.25, 2.25, 7.375, 2.375], "texture": "#0"},
				"east": {"uv": [4.125, 1.375, 4.375, 1.5], "texture": "#0"},
				"south": {"uv": [7.25, 2.5, 7.375, 2.625], "texture": "#0"},
				"west": {"uv": [4.125, 1.625, 4.375, 1.75], "texture": "#0"},
				"up": {"uv": [4.25, 2.375, 4.125, 2.125], "texture": "#0"},
				"down": {"uv": [4.25, 3, 4.125, 3.25], "texture": "#0"}
			}
		},
		{
			"from": [7.14288, 3.98821, 7.2],
			"to": [8.14288, 5.08821, 7.7],
			"rotation": {"angle": -22.5, "axis": "z", "origin": [7.14288, 2.38821, 7.7]},
			"faces": {
				"north": {"uv": [2.75, 7.25, 2.875, 7.375], "texture": "#0"},
				"east": {"uv": [8.625, 1, 8.6875, 1.125], "texture": "#0"},
				"south": {"uv": [7.25, 2.75, 7.375, 2.875], "texture": "#0"},
				"west": {"uv": [8.625, 1.5, 8.6875, 1.625], "texture": "#0"},
				"up": {"uv": [1.875, 8.6875, 1.75, 8.625], "texture": "#0"},
				"down": {"uv": [2.125, 8.625, 2, 8.6875], "texture": "#0"}
			}
		},
		{
			"from": [6.85712, 3.98821, 7.2],
			"to": [7.85712, 5.08821, 7.7],
			"rotation": {"angle": 22.5, "axis": "z", "origin": [7.85712, 2.38821, 7.7]},
			"faces": {
				"north": {"uv": [3.25, 7.25, 3.375, 7.375], "texture": "#0"},
				"east": {"uv": [2.25, 8.625, 2.3125, 8.75], "texture": "#0"},
				"south": {"uv": [3.875, 7.25, 4, 7.375], "texture": "#0"},
				"west": {"uv": [2.5, 8.625, 2.5625, 8.75], "texture": "#0"},
				"up": {"uv": [3.125, 8.6875, 3, 8.625], "texture": "#0"},
				"down": {"uv": [8.75, 3, 8.625, 3.0625], "texture": "#0"}
			}
		},
		{
			"from": [6.9, 3.5, 7.2],
			"to": [8.1, 4.7, 9.15],
			"rotation": {"angle": 0, "axis": "y", "origin": [0, 0, 3.3]},
			"faces": {
				"north": {"uv": [4.125, 7.25, 4.25, 7.375], "texture": "#0"},
				"east": {"uv": [2.375, 6.125, 2.59375, 6.25], "texture": "#0"},
				"south": {"uv": [4.375, 7.25, 4.5, 7.375], "texture": "#0"},
				"west": {"uv": [6.125, 2.875, 6.34375, 3], "texture": "#0"},
				"up": {"uv": [3.25, 6.34375, 3.125, 6.125], "texture": "#0"},
				"down": {"uv": [6.25, 3.625, 6.125, 3.84375], "texture": "#0"}
			}
		},
		{
			"from": [6.9, 5, 8.2],
			"to": [8.1, 6.2, 9.4],
			"rotation": {"angle": 45, "axis": "x", "origin": [7, 5.1, 8.3]},
			"faces": {
				"north": {"uv": [4.875, 7.25, 5, 7.375], "texture": "#0"},
				"east": {"uv": [7.25, 4.875, 7.375, 5], "texture": "#0"},
				"south": {"uv": [7.25, 5.375, 7.375, 5.5], "texture": "#0"},
				"west": {"uv": [7.25, 5.625, 7.375, 5.75], "texture": "#0"},
				"up": {"uv": [6.375, 7.375, 6.25, 7.25], "texture": "#0"},
				"down": {"uv": [7.375, 6.375, 7.25, 6.5], "texture": "#0"}
			}
		},
		{
			"from": [5.9, 4.5, 7.2],
			"to": [9.1, 5.2, 8.4],
			"rotation": {"angle": 0, "axis": "y", "origin": [0, 0, 3.3]},
			"faces": {
				"north": {"uv": [2.375, 6.375, 2.75, 6.4375], "texture": "#0"},
				"east": {"uv": [3.5, 8.625, 3.625, 8.6875], "texture": "#0"},
				"south": {"uv": [6.375, 3.125, 6.75, 3.1875], "texture": "#0"},
				"west": {"uv": [8.625, 4.25, 8.75, 4.3125], "texture": "#0"},
				"up": {"uv": [2.25, 0.125, 1.875, 0], "texture": "#0"},
				"down": {"uv": [2.375, 1.875, 2, 2], "texture": "#0"}
			}
		},
		{
			"from": [6.9, 5.24853, 7.80711],
			"to": [8.1, 5.94853, 9.00711],
			"rotation": {"angle": 0, "axis": "y", "origin": [0, -0.25147, 3.90711]},
			"faces": {
				"north": {"uv": [8.625, 4.5, 8.75, 4.5625], "texture": "#0"},
				"east": {"uv": [8.625, 5, 8.75, 5.0625], "texture": "#0"},
				"south": {"uv": [8.625, 5.75, 8.75, 5.8125], "texture": "#0"},
				"west": {"uv": [8.625, 6.625, 8.75, 6.6875], "texture": "#0"},
				"up": {"uv": [7.375, 6.75, 7.25, 6.625], "texture": "#0"},
				"down": {"uv": [7.375, 7.125, 7.25, 7.25], "texture": "#0"}
			}
		},
		{
			"from": [6.6, 5.3, 7.9],
			"to": [7.6, 6.3, 8.9],
			"rotation": {"angle": -45, "axis": "z", "origin": [6, 5.6, 6.3]},
			"faces": {
				"north": {"uv": [0, 7.375, 0.125, 7.5], "texture": "#0"},
				"east": {"uv": [7.375, 0, 7.5, 0.125], "texture": "#0"},
				"south": {"uv": [7.375, 0.75, 7.5, 0.875], "texture": "#0"},
				"west": {"uv": [7.375, 1, 7.5, 1.125], "texture": "#0"},
				"up": {"uv": [7.5, 1.625, 7.375, 1.5], "texture": "#0"},
				"down": {"uv": [1.875, 7.375, 1.75, 7.5], "texture": "#0"}
			}
		},
		{
			"from": [7.4, 6.2, 7.9],
			"to": [8.4, 7.2, 8.9],
			"rotation": {"angle": -45, "axis": "z", "origin": [6, 5.6, 6.3]},
			"faces": {
				"north": {"uv": [2, 7.375, 2.125, 7.5], "texture": "#0"},
				"east": {"uv": [2.25, 7.375, 2.375, 7.5], "texture": "#0"},
				"south": {"uv": [2.5, 7.375, 2.625, 7.5], "texture": "#0"},
				"west": {"uv": [3, 7.375, 3.125, 7.5], "texture": "#0"},
				"up": {"uv": [7.5, 3.125, 7.375, 3], "texture": "#0"},
				"down": {"uv": [7.5, 3.25, 7.375, 3.375], "texture": "#0"}
			}
		},
		{
			"from": [6.9, 5.94853, 7.80711],
			"to": [8.1, 6.64853, 9.00711],
			"rotation": {"angle": 22.5, "axis": "x", "origin": [7, 5.4485, 7.9071]},
			"faces": {
				"north": {"uv": [6.75, 8.625, 6.875, 8.6875], "texture": "#0"},
				"east": {"uv": [7.5, 8.625, 7.625, 8.6875], "texture": "#0"},
				"south": {"uv": [8.625, 7.5, 8.75, 7.5625], "texture": "#0"},
				"west": {"uv": [7.75, 8.625, 7.875, 8.6875], "texture": "#0"},
				"up": {"uv": [3.625, 7.5, 3.5, 7.375], "texture": "#0"},
				"down": {"uv": [7.5, 3.5, 7.375, 3.625], "texture": "#0"}
			}
		},
		{
			"from": [6.9, 7.1, 7.80711],
			"to": [8.1, 7.8, 9.00711],
			"rotation": {"angle": 22.5, "axis": "x", "origin": [7, 5.4485, 7.9071]},
			"faces": {
				"north": {"uv": [8.625, 7.75, 8.75, 7.8125], "texture": "#0"},
				"east": {"uv": [8, 8.625, 8.125, 8.6875], "texture": "#0"},
				"south": {"uv": [8.25, 8.625, 8.375, 8.6875], "texture": "#0"},
				"west": {"uv": [0.25, 8.75, 0.375, 8.8125], "texture": "#0"},
				"up": {"uv": [7.5, 3.875, 7.375, 3.75], "texture": "#0"},
				"down": {"uv": [7.5, 4, 7.375, 4.125], "texture": "#0"}
			}
		},
		{
			"from": [7, 6.68, 7.7923],
			"to": [8, 7.18, 8.7923],
			"rotation": {"angle": 22.5, "axis": "x", "origin": [7, 5.17134, 7.79229]},
			"faces": {
				"north": {"uv": [8.75, 0.25, 8.875, 0.3125], "texture": "#0"},
				"east": {"uv": [0.5, 8.75, 0.625, 8.8125], "texture": "#0"},
				"south": {"uv": [8.75, 0.5, 8.875, 0.5625], "texture": "#0"},
				"west": {"uv": [0.75, 8.75, 0.875, 8.8125], "texture": "#0"},
				"up": {"uv": [7.5, 4.375, 7.375, 4.25], "texture": "#0"},
				"down": {"uv": [7.5, 4.5, 7.375, 4.625], "texture": "#0"}
			}
		},
		{
			"from": [7, 7.2, 8.7],
			"to": [8, 7.8, 9.7],
			"rotation": {"angle": 0, "axis": "y", "origin": [8, 7.17134, 8.79229]},
			"faces": {
				"north": {"uv": [1, 8.75, 1.125, 8.8125], "texture": "#0"},
				"east": {"uv": [1.25, 8.75, 1.375, 8.8125], "texture": "#0"},
				"south": {"uv": [8.75, 1.25, 8.875, 1.3125], "texture": "#0"},
				"west": {"uv": [1.5, 8.75, 1.625, 8.8125], "texture": "#0"},
				"up": {"uv": [4.75, 7.5, 4.625, 7.375], "texture": "#0"},
				"down": {"uv": [5.25, 7.375, 5.125, 7.5], "texture": "#0"}
			}
		},
		{
			"from": [6.9, 7.8, 8.6],
			"to": [8.1, 8.5, 9.8],
			"rotation": {"angle": 0, "axis": "y", "origin": [8, 7.17134, 8.79229]},
			"faces": {
				"north": {"uv": [8.75, 1.75, 8.875, 1.8125], "texture": "#0"},
				"east": {"uv": [8.75, 2, 8.875, 2.0625], "texture": "#0"},
				"south": {"uv": [8.75, 2.25, 8.875, 2.3125], "texture": "#0"},
				"west": {"uv": [8.75, 2.5, 8.875, 2.5625], "texture": "#0"},
				"up": {"uv": [7.5, 5.25, 7.375, 5.125], "texture": "#0"},
				"down": {"uv": [5.5, 7.375, 5.375, 7.5], "texture": "#0"}
			}
		},
		{
			"from": [6.9, 9, 8.6],
			"to": [8.1, 9.6, 9.8],
			"rotation": {"angle": 0, "axis": "y", "origin": [8, 7.17134, 8.79229]},
			"faces": {
				"north": {"uv": [2.75, 8.75, 2.875, 8.8125], "texture": "#0"},
				"east": {"uv": [8.75, 2.75, 8.875, 2.8125], "texture": "#0"},
				"south": {"uv": [3.25, 8.75, 3.375, 8.8125], "texture": "#0"},
				"west": {"uv": [8.75, 3.25, 8.875, 3.3125], "texture": "#0"},
				"up": {"uv": [5.75, 7.5, 5.625, 7.375], "texture": "#0"},
				"down": {"uv": [6, 7.375, 5.875, 7.5], "texture": "#0"}
			}
		},
		{
			"from": [7, 9.5, 8.7],
			"to": [8, 10.5, 9.7],
			"rotation": {"angle": 0, "axis": "y", "origin": [8, 6.87134, 8.79229]},
			"faces": {
				"north": {"uv": [7.375, 5.875, 7.5, 6], "texture": "#0"},
				"east": {"uv": [7.375, 6.125, 7.5, 6.25], "texture": "#0"},
				"south": {"uv": [6.5, 7.375, 6.625, 7.5], "texture": "#0"},
				"west": {"uv": [6.75, 7.375, 6.875, 7.5], "texture": "#0"},
				"up": {"uv": [7.5, 7, 7.375, 6.875], "texture": "#0"},
				"down": {"uv": [7.125, 7.375, 7, 7.5], "texture": "#0"}
			}
		},
		{
			"from": [7, 9.7, 8.2],
			"to": [8, 10.7, 8.7],
			"rotation": {"angle": -22.5, "axis": "x", "origin": [7, 10.7, 8.7]},
			"faces": {
				"north": {"uv": [7.25, 7.375, 7.375, 7.5], "texture": "#0"},
				"east": {"uv": [8.75, 3.5, 8.8125, 3.625], "texture": "#0"},
				"south": {"uv": [0.25, 7.5, 0.375, 7.625], "texture": "#0"},
				"west": {"uv": [3.75, 8.75, 3.8125, 8.875], "texture": "#0"},
				"up": {"uv": [8.875, 3.8125, 8.75, 3.75], "texture": "#0"},
				"down": {"uv": [4.125, 8.75, 4, 8.8125], "texture": "#0"}
			}
		},
		{
			"from": [7.61732, 10.58478, 8.33806],
			"to": [8.11732, 11.58478, 10.03806],
			"rotation": {"angle": -22.5, "axis": "z", "origin": [7.61732, 10.58478, 8.83806]},
			"faces": {
				"north": {"uv": [8.75, 4, 8.8125, 4.125], "texture": "#0"},
				"east": {"uv": [6.125, 4, 6.34375, 4.125], "texture": "#0"},
				"south": {"uv": [4.5, 8.75, 4.5625, 8.875], "texture": "#0"},
				"west": {"uv": [4.125, 6.125, 4.34375, 6.25], "texture": "#0"},
				"up": {"uv": [4.5625, 8.59375, 4.5, 8.375], "texture": "#0"},
				"down": {"uv": [5.0625, 8.375, 5, 8.59375], "texture": "#0"}
			}
		},
		{
			"from": [6.7, 12.75, 8.24],
			"to": [7.7, 14.95, 10.14],
			"rotation": {"angle": -22.5, "axis": "z", "origin": [7.80496, 10.92466, 8.83806]},
			"faces": {
				"north": {"uv": [3.5, 2.625, 3.625, 2.90625], "texture": "#0"},
				"east": {"uv": [0.375, 1, 0.625, 1.28125], "texture": "#0"},
				"south": {"uv": [3.375, 3.5, 3.5, 3.78125], "texture": "#0"},
				"west": {"uv": [0.75, 1, 1, 1.28125], "texture": "#0"},
				"up": {"uv": [4.25, 4, 4.125, 3.75], "texture": "#0"},
				"down": {"uv": [4.25, 4.125, 4.125, 4.375], "texture": "#0"}
			}
		},
		{
			"from": [7.4, 13, 8.24],
			"to": [8.4, 15.2, 10.14],
			"rotation": {"angle": 22.5, "axis": "z", "origin": [7.80496, 10.92466, 8.83806]},
			"faces": {
				"north": {"uv": [3.625, 1.125, 3.75, 1.40625], "texture": "#0"},
				"east": {"uv": [1.125, 0, 1.375, 0.28125], "texture": "#0"},
				"south": {"uv": [3.625, 1.625, 3.75, 1.90625], "texture": "#0"},
				"west": {"uv": [1.125, 1, 1.375, 1.28125], "texture": "#0"},
				"up": {"uv": [4.375, 0.25, 4.25, 0], "texture": "#0"},
				"down": {"uv": [0.75, 4.25, 0.625, 4.5], "texture": "#0"}
			}
		},
		{
			"from": [7.96194, 11.31732, 8.33806],
			"to": [8.46194, 12.81732, 10.03806],
			"rotation": {"angle": 0, "axis": "y", "origin": [7.96194, 10.52597, 8.83806]},
			"faces": {
				"north": {"uv": [7, 8.375, 7.0625, 8.5625], "texture": "#0"},
				"east": {"uv": [2.25, 0.25, 2.46875, 0.4375], "texture": "#0"},
				"south": {"uv": [7.25, 8.375, 7.3125, 8.5625], "texture": "#0"},
				"west": {"uv": [1.375, 2.375, 1.59375, 2.5625], "texture": "#0"},
				"up": {"uv": [5.3125, 8.59375, 5.25, 8.375], "texture": "#0"},
				"down": {"uv": [5.5625, 8.375, 5.5, 8.59375], "texture": "#0"}
			}
		},
		{
			"from": [8.2, 11.3, 8.7],
			"to": [9, 12.3, 9.7],
			"rotation": {"angle": 0, "axis": "y", "origin": [7.32877, 9.86424, 8]},
			"faces": {
				"north": {"uv": [7.5, 8.375, 7.59375, 8.5], "texture": "#0"},
				"east": {"uv": [7.5, 0.25, 7.625, 0.375], "texture": "#0"},
				"south": {"uv": [8.375, 7.5, 8.46875, 7.625], "texture": "#0"},
				"west": {"uv": [0.5, 7.5, 0.625, 7.625], "texture": "#0"},
				"up": {"uv": [7.84375, 8.5, 7.75, 8.375], "texture": "#0"},
				"down": {"uv": [8.46875, 7.75, 8.375, 7.875], "texture": "#0"}
			}
		},
		{
			"from": [8.5, 13.3, 8.7],
			"to": [9.3, 14.3, 9.7],
			"rotation": {"angle": 0, "axis": "y", "origin": [7.32877, 9.86424, 8]},
			"faces": {
				"north": {"uv": [8, 8.375, 8.09375, 8.5], "texture": "#0"},
				"east": {"uv": [7.5, 0.5, 7.625, 0.625], "texture": "#0"},
				"south": {"uv": [8.25, 8.375, 8.34375, 8.5], "texture": "#0"},
				"west": {"uv": [0.75, 7.5, 0.875, 7.625], "texture": "#0"},
				"up": {"uv": [0.34375, 8.625, 0.25, 8.5], "texture": "#0"},
				"down": {"uv": [8.59375, 0.25, 8.5, 0.375], "texture": "#0"}
			}
		},
		{
			"from": [8.4, 14.8, 8.6],
			"to": [9.4, 16, 9.8],
			"rotation": {"angle": 0, "axis": "y", "origin": [7.32877, 9.86424, 8]},
			"faces": {
				"north": {"uv": [0.5, 8.5, 0.59375, 8.625], "texture": "#0"},
				"east": {"uv": [1, 7.5, 1.125, 7.625], "texture": "#0"},
				"south": {"uv": [8.5, 0.5, 8.59375, 0.625], "texture": "#0"},
				"west": {"uv": [1.25, 7.5, 1.375, 7.625], "texture": "#0"},
				"up": {"uv": [0.84375, 8.625, 0.75, 8.5], "texture": "#0"},
				"down": {"uv": [1.09375, 8.5, 1, 8.625], "texture": "#0"}
			}
		},
		{
			"from": [5.5, 14.8, 8.6],
			"to": [6.5, 16, 9.8],
			"rotation": {"angle": 0, "axis": "y", "origin": [7.32877, 9.86424, 8]},
			"faces": {
				"north": {"uv": [1.25, 8.5, 1.34375, 8.625], "texture": "#0"},
				"east": {"uv": [7.5, 1.25, 7.625, 1.375], "texture": "#0"},
				"south": {"uv": [8.5, 1.25, 8.59375, 1.375], "texture": "#0"},
				"west": {"uv": [1.5, 7.5, 1.625, 7.625], "texture": "#0"},
				"up": {"uv": [1.59375, 8.625, 1.5, 8.5], "texture": "#0"},
				"down": {"uv": [8.59375, 1.75, 8.5, 1.875], "texture": "#0"}
			}
		},
		{
			"from": [5.7, 13.3, 8.7],
			"to": [6.5, 14.3, 9.7],
			"rotation": {"angle": 0, "axis": "y", "origin": [7.32877, 9.86424, 8]},
			"faces": {
				"north": {"uv": [8.5, 2, 8.59375, 2.125], "texture": "#0"},
				"east": {"uv": [7.5, 1.75, 7.625, 1.875], "texture": "#0"},
				"south": {"uv": [8.5, 2.25, 8.59375, 2.375], "texture": "#0"},
				"west": {"uv": [7.5, 2, 7.625, 2.125], "texture": "#0"},
				"up": {"uv": [8.59375, 2.625, 8.5, 2.5], "texture": "#0"},
				"down": {"uv": [2.84375, 8.5, 2.75, 8.625], "texture": "#0"}
			}
		},
		{
			"from": [6, 11.3, 8.7],
			"to": [6.8, 12.3, 9.7],
			"rotation": {"angle": 0, "axis": "y", "origin": [7.32877, 9.86424, 8]},
			"faces": {
				"north": {"uv": [8.5, 2.75, 8.59375, 2.875], "texture": "#0"},
				"east": {"uv": [7.5, 2.25, 7.625, 2.375], "texture": "#0"},
				"south": {"uv": [3.25, 8.5, 3.34375, 8.625], "texture": "#0"},
				"west": {"uv": [7.5, 2.5, 7.625, 2.625], "texture": "#0"},
				"up": {"uv": [3.84375, 8.625, 3.75, 8.5], "texture": "#0"},
				"down": {"uv": [4.09375, 8.5, 4, 8.625], "texture": "#0"}
			}
		},
		{
			"from": [6.53806, 11.31732, 8.33806],
			"to": [7.03806, 12.81732, 10.03806],
			"rotation": {"angle": 0, "axis": "y", "origin": [6.53806, 10.52597, 8.83806]},
			"faces": {
				"north": {"uv": [4.25, 8.5, 4.3125, 8.6875], "texture": "#0"},
				"east": {"uv": [2.375, 2.125, 2.59375, 2.3125], "texture": "#0"},
				"south": {"uv": [4.75, 8.5, 4.8125, 8.6875], "texture": "#0"},
				"west": {"uv": [0, 2.5, 0.21875, 2.6875], "texture": "#0"},
				"up": {"uv": [5.8125, 8.59375, 5.75, 8.375], "texture": "#0"},
				"down": {"uv": [8.4375, 5.75, 8.375, 5.96875], "texture": "#0"}
			}
		},
		{
			"from": [7, 10.50866, 8.23806],
			"to": [8, 11.50866, 10.13806],
			"rotation": {"angle": 0, "axis": "y", "origin": [7, 10.50866, 8.73806]},
			"faces": {
				"north": {"uv": [2.75, 7.5, 2.875, 7.625], "texture": "#0"},
				"east": {"uv": [0.875, 4.25, 1.125, 4.375], "texture": "#0"},
				"south": {"uv": [7.5, 2.75, 7.625, 2.875], "texture": "#0"},
				"west": {"uv": [1.25, 4.25, 1.5, 4.375], "texture": "#0"},
				"up": {"uv": [1.75, 4.5, 1.625, 4.25], "texture": "#0"},
				"down": {"uv": [2, 4.25, 1.875, 4.5], "texture": "#0"}
			}
		},
		{
			"from": [6.9, 12.50866, 8.15],
			"to": [8.1, 16.50866, 10.25],
			"rotation": {"angle": 0, "axis": "y", "origin": [7, 10.50866, 8.73806]},
			"faces": {
				"north": {"uv": [0.75, 0, 0.90625, 0.5], "texture": "#0"},
				"east": {"uv": [0, 0, 0.25, 0.5], "texture": "#0"},
				"south": {"uv": [0, 1, 0.15625, 1.5], "texture": "#0"},
				"west": {"uv": [0.375, 0, 0.625, 0.5], "texture": "#0"},
				"up": {"uv": [3.40625, 2, 3.25, 1.75], "texture": "#0"},
				"down": {"uv": [3.15625, 3.25, 3, 3.5], "texture": "#0"}
			}
		},
		{
			"from": [6.8, 13.50866, 8.2],
			"to": [8.2, 15.50866, 10.2],
			"rotation": {"angle": 0, "axis": "y", "origin": [7, 10.50866, 8.73806]},
			"faces": {
				"north": {"uv": [0, 2.125, 0.1875, 2.375], "texture": "#0"},
				"east": {"uv": [1.25, 0.5, 1.5, 0.75], "texture": "#0"},
				"south": {"uv": [2.125, 0.875, 2.3125, 1.125], "texture": "#0"},
				"west": {"uv": [1.5, 0, 1.75, 0.25], "texture": "#0"},
				"up": {"uv": [2.3125, 1.5, 2.125, 1.25], "texture": "#0"},
				"down": {"uv": [2.1875, 2.125, 2, 2.375], "texture": "#0"}
			}
		},
		{
			"from": [5.9, 14.50866, 8.23806],
			"to": [9.1, 15.50866, 10.13806],
			"rotation": {"angle": 0, "axis": "y", "origin": [7, 10.50866, 8.73806]},
			"faces": {
				"north": {"uv": [1.625, 0.375, 2.03125, 0.5], "texture": "#0"},
				"east": {"uv": [4.25, 1.875, 4.5, 2], "texture": "#0"},
				"south": {"uv": [1.625, 0.625, 2.03125, 0.75], "texture": "#0"},
				"west": {"uv": [2.125, 4.25, 2.375, 4.375], "texture": "#0"},
				"up": {"uv": [0.40625, 0.875, 0, 0.625], "texture": "#0"},
				"down": {"uv": [1.03125, 0.625, 0.625, 0.875], "texture": "#0"}
			}
		},
		{
			"from": [7.4, 15.50866, 8.23806],
			"to": [8.6, 16.50866, 10.13806],
			"rotation": {"angle": -22.5, "axis": "z", "origin": [7.9, 15, 8.2]},
			"faces": {
				"north": {"uv": [1, 6.75, 1.15625, 6.875], "texture": "#0"},
				"east": {"uv": [2.5, 4.25, 2.75, 4.375], "texture": "#0"},
				"south": {"uv": [6.75, 1, 6.90625, 1.125], "texture": "#0"},
				"west": {"uv": [4.25, 2.5, 4.5, 2.625], "texture": "#0"},
				"up": {"uv": [0.15625, 3.625, 0, 3.375], "texture": "#0"},
				"down": {"uv": [0.53125, 3.375, 0.375, 3.625], "texture": "#0"}
			}
		},
		{
			"from": [6.4, 15.85, 8.23806],
			"to": [7.6, 16.85, 10.13806],
			"rotation": {"angle": 22.5, "axis": "z", "origin": [7.9, 15, 8.2]},
			"faces": {
				"north": {"uv": [1.375, 6.75, 1.53125, 6.875], "texture": "#0"},
				"east": {"uv": [4.25, 2.75, 4.5, 2.875], "texture": "#0"},
				"south": {"uv": [6.75, 1.5, 6.90625, 1.625], "texture": "#0"},
				"west": {"uv": [4.25, 3.375, 4.5, 3.5], "texture": "#0"},
				"up": {"uv": [3.53125, 0.75, 3.375, 0.5], "texture": "#0"},
				"down": {"uv": [1.65625, 3.375, 1.5, 3.625], "texture": "#0"}
			}
		},
		{
			"from": [7, 11.50866, 8.35],
			"to": [8, 13.00866, 10.05],
			"rotation": {"angle": 0, "axis": "y", "origin": [7, 10.50866, 8.73806]},
			"faces": {
				"north": {"uv": [2.875, 6.375, 3, 6.5625], "texture": "#0"},
				"east": {"uv": [0.375, 2.5, 0.59375, 2.6875], "texture": "#0"},
				"south": {"uv": [3.375, 6.375, 3.5, 6.5625], "texture": "#0"},
				"west": {"uv": [2.5, 0.625, 2.71875, 0.8125], "texture": "#0"},
				"up": {"uv": [4.875, 6.34375, 4.75, 6.125], "texture": "#0"},
				"down": {"uv": [6.25, 4.75, 6.125, 4.96875], "texture": "#0"}
			}
		},
		{
			"from": [6.92074, 10.39344, 8.33806],
			"to": [7.42074, 11.39344, 10.03806],
			"rotation": {"angle": 22.5, "axis": "z", "origin": [6.92074, 10.39344, 8.83806]},
			"faces": {
				"north": {"uv": [8.75, 4.75, 8.8125, 4.875], "texture": "#0"},
				"east": {"uv": [5, 6.125, 5.21875, 6.25], "texture": "#0"},
				"south": {"uv": [5, 8.75, 5.0625, 8.875], "texture": "#0"},
				"west": {"uv": [6.125, 5.125, 6.34375, 5.25], "texture": "#0"},
				"up": {"uv": [6.3125, 8.59375, 6.25, 8.375], "texture": "#0"},
				"down": {"uv": [6.5625, 8.375, 6.5, 8.59375], "texture": "#0"}
			}
		},
		{
			"from": [7.5, 10.4, 8.6],
			"to": [8.7, 11.1, 9.8],
			"rotation": {"angle": -45, "axis": "z", "origin": [7.5, 10.7, 8.7]},
			"faces": {
				"north": {"uv": [5.25, 8.75, 5.375, 8.8125], "texture": "#0"},
				"east": {"uv": [8.75, 5.25, 8.875, 5.3125], "texture": "#0"},
				"south": {"uv": [5.5, 8.75, 5.625, 8.8125], "texture": "#0"},
				"west": {"uv": [5.75, 8.75, 5.875, 8.8125], "texture": "#0"},
				"up": {"uv": [3.375, 7.625, 3.25, 7.5], "texture": "#0"},
				"down": {"uv": [3.875, 7.5, 3.75, 7.625], "texture": "#0"}
			}
		},
		{
			"from": [7.9, 10.5, 8.5],
			"to": [8.8, 11.9, 9.9],
			"rotation": {"angle": -22.5, "axis": "z", "origin": [7.5, 10.7, 8.7]},
			"faces": {
				"north": {"uv": [6, 8.75, 6.0625, 8.875], "texture": "#0"},
				"east": {"uv": [4, 7.5, 4.125, 7.625], "texture": "#0"},
				"south": {"uv": [6.25, 8.75, 6.3125, 8.875], "texture": "#0"},
				"west": {"uv": [4.25, 7.5, 4.375, 7.625], "texture": "#0"},
				"up": {"uv": [6.5625, 8.875, 6.5, 8.75], "texture": "#0"},
				"down": {"uv": [7.0625, 8.75, 7, 8.875], "texture": "#0"}
			}
		},
		{
			"from": [7.4, 12.5, 8.5],
			"to": [8.3, 13.9, 9.9],
			"rotation": {"angle": -22.5, "axis": "z", "origin": [7.5, 10.7, 8.7]},
			"faces": {
				"north": {"uv": [7.25, 8.75, 7.3125, 8.875], "texture": "#0"},
				"east": {"uv": [7.5, 4.75, 7.625, 4.875], "texture": "#0"},
				"south": {"uv": [8.75, 7.25, 8.8125, 7.375], "texture": "#0"},
				"west": {"uv": [4.875, 7.5, 5, 7.625], "texture": "#0"},
				"up": {"uv": [8.8125, 8.125, 8.75, 8], "texture": "#0"},
				"down": {"uv": [8.8125, 8.25, 8.75, 8.375], "texture": "#0"}
			}
		},
		{
			"from": [6.3, 10.4, 8.6],
			"to": [7.5, 11.1, 9.8],
			"rotation": {"angle": 45, "axis": "z", "origin": [7.5, 10.7, 8.7]},
			"faces": {
				"north": {"uv": [8.5, 8.75, 8.625, 8.8125], "texture": "#0"},
				"east": {"uv": [8.75, 8.5, 8.875, 8.5625], "texture": "#0"},
				"south": {"uv": [8.75, 8.75, 8.875, 8.8125], "texture": "#0"},
				"west": {"uv": [0, 8.875, 0.125, 8.9375], "texture": "#0"},
				"up": {"uv": [7.625, 5.5, 7.5, 5.375], "texture": "#0"},
				"down": {"uv": [7.625, 5.625, 7.5, 5.75], "texture": "#0"}
			}
		},
		{
			"from": [6.2, 10.5, 8.5],
			"to": [7.1, 11.9, 9.9],
			"rotation": {"angle": 22.5, "axis": "z", "origin": [7.5, 10.7, 8.7]},
			"faces": {
				"north": {"uv": [8.875, 0, 8.9375, 0.125], "texture": "#0"},
				"east": {"uv": [6.125, 7.5, 6.25, 7.625], "texture": "#0"},
				"south": {"uv": [8.875, 0.75, 8.9375, 0.875], "texture": "#0"},
				"west": {"uv": [7.5, 6.375, 7.625, 6.5], "texture": "#0"},
				"up": {"uv": [8.9375, 1.125, 8.875, 1], "texture": "#0"},
				"down": {"uv": [8.9375, 1.5, 8.875, 1.625], "texture": "#0"}
			}
		},
		{
			"from": [6.6, 12.5, 8.5],
			"to": [7.5, 13.9, 9.9],
			"rotation": {"angle": 22.5, "axis": "z", "origin": [7.5, 10.7, 8.7]},
			"faces": {
				"north": {"uv": [1.75, 8.875, 1.8125, 9], "texture": "#0"},
				"east": {"uv": [7.5, 6.625, 7.625, 6.75], "texture": "#0"},
				"south": {"uv": [2, 8.875, 2.0625, 9], "texture": "#0"},
				"west": {"uv": [7.5, 7.125, 7.625, 7.25], "texture": "#0"},
				"up": {"uv": [2.3125, 9, 2.25, 8.875], "texture": "#0"},
				"down": {"uv": [2.5625, 8.875, 2.5, 9], "texture": "#0"}
			}
		},
		{
			"from": [7, 8.5, 8.7],
			"to": [8, 9, 9.7],
			"rotation": {"angle": 0, "axis": "y", "origin": [8, 6.87134, 8.79229]},
			"faces": {
				"north": {"uv": [3, 8.875, 3.125, 8.9375], "texture": "#0"},
				"east": {"uv": [8.875, 3, 9, 3.0625], "texture": "#0"},
				"south": {"uv": [3.5, 8.875, 3.625, 8.9375], "texture": "#0"},
				"west": {"uv": [4.25, 8.875, 4.375, 8.9375], "texture": "#0"},
				"up": {"uv": [7.625, 7.5, 7.5, 7.375], "texture": "#0"},
				"down": {"uv": [0.125, 7.625, 0, 7.75], "texture": "#0"}
			}
		},
		{
			"from": [9.3, 14.9, 8.7],
			"to": [10.3, 15.9, 9.7],
			"rotation": {"angle": 0, "axis": "y", "origin": [7.32877, 9.86424, 8]},
			"faces": {
				"north": {"uv": [7.625, 0, 7.75, 0.125], "texture": "#0"},
				"east": {"uv": [7.625, 0.75, 7.75, 0.875], "texture": "#0"},
				"south": {"uv": [7.625, 1, 7.75, 1.125], "texture": "#0"},
				"west": {"uv": [7.625, 1.5, 7.75, 1.625], "texture": "#0"},
				"up": {"uv": [1.875, 7.75, 1.75, 7.625], "texture": "#0"},
				"down": {"uv": [2.125, 7.625, 2, 7.75], "texture": "#0"}
			}
		},
		{
			"from": [9.9, 15, 8.8],
			"to": [11.7, 15.8, 9.6],
			"rotation": {"angle": 22.5, "axis": "y", "origin": [10, 14.9, 8.7]},
			"faces": {
				"north": {"uv": [3.625, 4.25, 3.875, 4.375], "texture": "#0"},
				"east": {"uv": [2.25, 7.625, 2.375, 7.75], "texture": "#0"},
				"south": {"uv": [0.25, 4.375, 0.5, 4.5], "texture": "#0"},
				"west": {"uv": [2.5, 7.625, 2.625, 7.75], "texture": "#0"},
				"up": {"uv": [4.625, 0.5, 4.375, 0.375], "texture": "#0"},
				"down": {"uv": [4.625, 0.625, 4.375, 0.75], "texture": "#0"}
			}
		},
		{
			"from": [11.15, 14.9, 7.9],
			"to": [12.15, 15.9, 8.9],
			"rotation": {"angle": -45, "axis": "y", "origin": [12, 14.9, 8.7]},
			"faces": {
				"north": {"uv": [3, 7.625, 3.125, 7.75], "texture": "#0"},
				"east": {"uv": [7.625, 3, 7.75, 3.125], "texture": "#0"},
				"south": {"uv": [7.625, 3.25, 7.75, 3.375], "texture": "#0"},
				"west": {"uv": [3.5, 7.625, 3.625, 7.75], "texture": "#0"},
				"up": {"uv": [7.75, 3.625, 7.625, 3.5], "texture": "#0"},
				"down": {"uv": [7.75, 3.75, 7.625, 3.875], "texture": "#0"}
			}
		},
		{
			"from": [11.5, 15, 6.2],
			"to": [12.3, 15.8, 8],
			"rotation": {"angle": -22.5, "axis": "y", "origin": [12, 14.9, 8.7]},
			"faces": {
				"north": {"uv": [7.625, 4, 7.75, 4.125], "texture": "#0"},
				"east": {"uv": [4.375, 0.875, 4.625, 1], "texture": "#0"},
				"south": {"uv": [7.625, 4.25, 7.75, 4.375], "texture": "#0"},
				"west": {"uv": [4.375, 1.125, 4.625, 1.25], "texture": "#0"},
				"up": {"uv": [4.5, 2.375, 4.375, 2.125], "texture": "#0"},
				"down": {"uv": [3, 4.375, 2.875, 4.625], "texture": "#0"}
			}
		},
		{
			"from": [11.4, 14.9, 4.7],
			"to": [12.4, 15.9, 6.2],
			"rotation": {"angle": -22.5, "axis": "y", "origin": [12, 14.9, 8.7]},
			"faces": {
				"north": {"uv": [4.5, 7.625, 4.625, 7.75], "texture": "#0"},
				"east": {"uv": [6.375, 3.375, 6.5625, 3.5], "texture": "#0"},
				"south": {"uv": [7.625, 4.5, 7.75, 4.625], "texture": "#0"},
				"west": {"uv": [6.375, 3.625, 6.5625, 3.75], "texture": "#0"},
				"up": {"uv": [4.125, 6.5625, 4, 6.375], "texture": "#0"},
				"down": {"uv": [4.375, 6.375, 4.25, 6.5625], "texture": "#0"}
			}
		},
		{
			"from": [13.20685, 15.1, 3],
			"to": [13.80685, 15.7, 4.6],
			"rotation": {"angle": 45, "axis": "x", "origin": [13, 14.9, 4.7]},
			"faces": {
				"north": {"uv": [7.625, 5, 7.75, 5.125], "texture": "#0"},
				"east": {"uv": [4.375, 3, 4.625, 3.125], "texture": "#0"},
				"south": {"uv": [5.125, 7.625, 5.25, 7.75], "texture": "#0"},
				"west": {"uv": [3.125, 4.375, 3.375, 4.5], "texture": "#0"},
				"up": {"uv": [4.5, 3.875, 4.375, 3.625], "texture": "#0"},
				"down": {"uv": [4.5, 4, 4.375, 4.25], "texture": "#0"}
			}
		},
		{
			"from": [13.25685, 16.21693, 2.81214],
			"to": [13.75685, 16.71693, 4.31214],
			"rotation": {"angle": -22.5, "axis": "x", "origin": [13, 15.96693, 4.46214]},
			"faces": {
				"north": {"uv": [5.375, 7.625, 5.5, 7.75], "texture": "#0"},
				"east": {"uv": [4.375, 4.375, 4.625, 4.5], "texture": "#0"},
				"south": {"uv": [5.625, 7.625, 5.75, 7.75], "texture": "#0"},
				"west": {"uv": [4.5, 0, 4.75, 0.125], "texture": "#0"},
				"up": {"uv": [0.125, 4.75, 0, 4.5], "texture": "#0"},
				"down": {"uv": [1, 4.5, 0.875, 4.75], "texture": "#0"}
			}
		},
		{
			"from": [13.6, 14.8, 3.3],
			"to": [14.2, 15.4, 4.9],
			"rotation": {"angle": -22.5, "axis": "y", "origin": [13, 14.9, 4.7]},
			"faces": {
				"north": {"uv": [5.875, 7.625, 6, 7.75], "texture": "#0"},
				"east": {"uv": [1.125, 4.5, 1.375, 4.625], "texture": "#0"},
				"south": {"uv": [7.625, 5.875, 7.75, 6], "texture": "#0"},
				"west": {"uv": [4.5, 1.375, 4.75, 1.5], "texture": "#0"},
				"up": {"uv": [2.25, 4.75, 2.125, 4.5], "texture": "#0"},
				"down": {"uv": [2.5, 4.5, 2.375, 4.75], "texture": "#0"}
			}
		},
		{
			"from": [14.10922, 14.85, 2.79023],
			"to": [14.60922, 15.35, 4.29023],
			"rotation": {"angle": 22.5, "axis": "y", "origin": [13.45922, 14.9, 4.14023]},
			"faces": {
				"north": {"uv": [7.625, 6.125, 7.75, 6.25], "texture": "#0"},
				"east": {"uv": [4.5, 1.625, 4.75, 1.75], "texture": "#0"},
				"south": {"uv": [6.375, 7.625, 6.5, 7.75], "texture": "#0"},
				"west": {"uv": [3.5, 4.5, 3.75, 4.625], "texture": "#0"},
				"up": {"uv": [2.75, 4.75, 2.625, 4.5], "texture": "#0"},
				"down": {"uv": [4, 4.5, 3.875, 4.75], "texture": "#0"}
			}
		},
		{
			"from": [12.6, 14.8, 3.7],
			"to": [13.2, 15.4, 5.3],
			"rotation": {"angle": 22.5, "axis": "y", "origin": [13, 14.9, 4.7]},
			"faces": {
				"north": {"uv": [6.625, 7.625, 6.75, 7.75], "texture": "#0"},
				"east": {"uv": [0.25, 4.625, 0.5, 4.75], "texture": "#0"},
				"south": {"uv": [6.875, 7.625, 7, 7.75], "texture": "#0"},
				"west": {"uv": [1.5, 4.625, 1.75, 4.75], "texture": "#0"},
				"up": {"uv": [4.25, 4.75, 4.125, 4.5], "texture": "#0"},
				"down": {"uv": [0.75, 4.625, 0.625, 4.875], "texture": "#0"}
			}
		},
		{
			"from": [12.49693, 14.85, 2.57794],
			"to": [12.99693, 15.35, 4.07794],
			"rotation": {"angle": -22.5, "axis": "y", "origin": [12.84693, 14.9, 3.52794]},
			"faces": {
				"north": {"uv": [7.625, 6.875, 7.75, 7], "texture": "#0"},
				"east": {"uv": [4.625, 1.875, 4.875, 2], "texture": "#0"},
				"south": {"uv": [7.125, 7.625, 7.25, 7.75], "texture": "#0"},
				"west": {"uv": [4.625, 2.125, 4.875, 2.25], "texture": "#0"},
				"up": {"uv": [2, 4.875, 1.875, 4.625], "texture": "#0"},
				"down": {"uv": [4.75, 2.375, 4.625, 2.625], "texture": "#0"}
			}
		},
		{
			"from": [2, 14.9, 4.95],
			"to": [3, 15.9, 6.45],
			"rotation": {"angle": 22.5, "axis": "y", "origin": [2, 14.9, 8]},
			"faces": {
				"north": {"uv": [7.375, 7.625, 7.5, 7.75], "texture": "#0"},
				"east": {"uv": [6.375, 4.625, 6.5625, 4.75], "texture": "#0"},
				"south": {"uv": [7.625, 7.625, 7.75, 7.75], "texture": "#0"},
				"west": {"uv": [6.375, 4.875, 6.5625, 5], "texture": "#0"},
				"up": {"uv": [4.625, 6.5625, 4.5, 6.375], "texture": "#0"},
				"down": {"uv": [5.125, 6.375, 5, 6.5625], "texture": "#0"}
			}
		},
		{
			"from": [2.1, 15, 6.45],
			"to": [2.9, 15.8, 8.25],
			"rotation": {"angle": 22.5, "axis": "y", "origin": [2, 14.9, 8]},
			"faces": {
				"north": {"uv": [0.25, 7.75, 0.375, 7.875], "texture": "#0"},
				"east": {"uv": [4.625, 2.75, 4.875, 2.875], "texture": "#0"},
				"south": {"uv": [7.75, 0.25, 7.875, 0.375], "texture": "#0"},
				"west": {"uv": [3.125, 4.625, 3.375, 4.75], "texture": "#0"},
				"up": {"uv": [4.75, 3.5, 4.625, 3.25], "texture": "#0"},
				"down": {"uv": [4.75, 3.625, 4.625, 3.875], "texture": "#0"}
			}
		},
		{
			"from": [-2, 14.9, 10.8],
			"to": [-1, 15.9, 11.8],
			"rotation": {"angle": -45, "axis": "y", "origin": [4.32877, 9.86424, 15]},
			"faces": {
				"north": {"uv": [0.5, 7.75, 0.625, 7.875], "texture": "#0"},
				"east": {"uv": [7.75, 0.5, 7.875, 0.625], "texture": "#0"},
				"south": {"uv": [0.75, 7.75, 0.875, 7.875], "texture": "#0"},
				"west": {"uv": [1, 7.75, 1.125, 7.875], "texture": "#0"},
				"up": {"uv": [1.375, 7.875, 1.25, 7.75], "texture": "#0"},
				"down": {"uv": [7.875, 1.25, 7.75, 1.375], "texture": "#0"}
			}
		},
		{
			"from": [4.5, 14.9, 8.7],
			"to": [5.5, 15.9, 9.7],
			"rotation": {"angle": 0, "axis": "y", "origin": [7.32877, 9.86424, 8]},
			"faces": {
				"north": {"uv": [1.5, 7.75, 1.625, 7.875], "texture": "#0"},
				"east": {"uv": [7.75, 1.75, 7.875, 1.875], "texture": "#0"},
				"south": {"uv": [7.75, 2, 7.875, 2.125], "texture": "#0"},
				"west": {"uv": [7.75, 2.25, 7.875, 2.375], "texture": "#0"},
				"up": {"uv": [7.875, 2.625, 7.75, 2.5], "texture": "#0"},
				"down": {"uv": [2.875, 7.75, 2.75, 7.875], "texture": "#0"}
			}
		},
		{
			"from": [0.6, 15, 9.1],
			"to": [2.4, 15.8, 9.9],
			"rotation": {"angle": -22.5, "axis": "y", "origin": [4.32877, 9.86424, 15]},
			"faces": {
				"north": {"uv": [4.625, 4, 4.875, 4.125], "texture": "#0"},
				"east": {"uv": [7.75, 2.75, 7.875, 2.875], "texture": "#0"},
				"south": {"uv": [4.375, 4.625, 4.625, 4.75], "texture": "#0"},
				"west": {"uv": [3.25, 7.75, 3.375, 7.875], "texture": "#0"},
				"up": {"uv": [5, 0.375, 4.75, 0.25], "texture": "#0"},
				"down": {"uv": [5, 0.5, 4.75, 0.625], "texture": "#0"}
			}
		},
		{
			"from": [1.25, 16.28226, 2.75],
			"to": [1.75, 16.78226, 4.25],
			"rotation": {"angle": -22.5, "axis": "x", "origin": [11.95, 16.03226, 4.4892]},
			"faces": {
				"north": {"uv": [3.75, 7.75, 3.875, 7.875], "texture": "#0"},
				"east": {"uv": [4.75, 0.75, 5, 0.875], "texture": "#0"},
				"south": {"uv": [4, 7.75, 4.125, 7.875], "texture": "#0"},
				"west": {"uv": [4.75, 1, 5, 1.125], "texture": "#0"},
				"up": {"uv": [1.25, 5, 1.125, 4.75], "texture": "#0"},
				"down": {"uv": [3, 4.75, 2.875, 5], "texture": "#0"}
			}
		},
		{
			"from": [1.20685, 15.1, 3],
			"to": [1.80685, 15.7, 4.6],
			"rotation": {"angle": 45, "axis": "x", "origin": [13, 14.9, 4.7]},
			"faces": {
				"north": {"uv": [4.25, 7.75, 4.375, 7.875], "texture": "#0"},
				"east": {"uv": [4.75, 3, 5, 3.125], "texture": "#0"},
				"south": {"uv": [4.75, 7.75, 4.875, 7.875], "texture": "#0"},
				"west": {"uv": [3.5, 4.75, 3.75, 4.875], "texture": "#0"},
				"up": {"uv": [4.875, 4.5, 4.75, 4.25], "texture": "#0"},
				"down": {"uv": [4.875, 4.625, 4.75, 4.875], "texture": "#0"}
			}
		},
		{
			"from": [1.6, 14.8, -0.8],
			"to": [2.2, 15.4, 0.8],
			"rotation": {"angle": 22.5, "axis": "y", "origin": [13, 14.9, 4.7]},
			"faces": {
				"north": {"uv": [7.75, 4.75, 7.875, 4.875], "texture": "#0"},
				"east": {"uv": [0, 4.875, 0.25, 5], "texture": "#0"},
				"south": {"uv": [7.75, 5.25, 7.875, 5.375], "texture": "#0"},
				"west": {"uv": [4.875, 0, 5.125, 0.125], "texture": "#0"},
				"up": {"uv": [0.5, 5.125, 0.375, 4.875], "texture": "#0"},
				"down": {"uv": [1, 4.875, 0.875, 5.125], "texture": "#0"}
			}
		},
		{
			"from": [0.93369, 14.85, 6.65],
			"to": [1.43369, 15.35, 8.15],
			"rotation": {"angle": -22.5, "axis": "y", "origin": [11.28369, 14.95, 4.66225]},
			"faces": {
				"north": {"uv": [7.75, 5.5, 7.875, 5.625], "texture": "#0"},
				"east": {"uv": [4.875, 1.25, 5.125, 1.375], "texture": "#0"},
				"south": {"uv": [6.125, 7.75, 6.25, 7.875], "texture": "#0"},
				"west": {"uv": [1.375, 4.875, 1.625, 5], "texture": "#0"},
				"up": {"uv": [5, 1.75, 4.875, 1.5], "texture": "#0"},
				"down": {"uv": [2.25, 4.875, 2.125, 5.125], "texture": "#0"}
			}
		},
		{
			"from": [2.6, 14.8, 8],
			"to": [3.2, 15.4, 9.6],
			"rotation": {"angle": -22.5, "axis": "y", "origin": [13, 14.9, 4.7]},
			"faces": {
				"north": {"uv": [7.75, 6.375, 7.875, 6.5], "texture": "#0"},
				"east": {"uv": [2.375, 4.875, 2.625, 5], "texture": "#0"},
				"south": {"uv": [7.75, 6.625, 7.875, 6.75], "texture": "#0"},
				"west": {"uv": [4.875, 2.375, 5.125, 2.5], "texture": "#0"},
				"up": {"uv": [3.25, 5.125, 3.125, 4.875], "texture": "#0"},
				"down": {"uv": [5, 3.25, 4.875, 3.5], "texture": "#0"}
			}
		},
		{
			"from": [2.98279, 14.85, -1.25],
			"to": [3.48279, 15.35, 0.25],
			"rotation": {"angle": 22.5, "axis": "y", "origin": [12.33279, 14.95, 4.16869]},
			"faces": {
				"north": {"uv": [7.75, 7.125, 7.875, 7.25], "texture": "#0"},
				"east": {"uv": [4.875, 3.625, 5.125, 3.75], "texture": "#0"},
				"south": {"uv": [7.75, 7.375, 7.875, 7.5], "texture": "#0"},
				"west": {"uv": [3.875, 4.875, 4.125, 5], "texture": "#0"},
				"up": {"uv": [4.375, 5.125, 4.25, 4.875], "texture": "#0"},
				"down": {"uv": [4.625, 4.875, 4.5, 5.125], "texture": "#0"}
			}
		},
		{
			"from": [2.5, 11.3, 4.95],
			"to": [3.5, 12.3, 6.45],
			"rotation": {"angle": 22.5, "axis": "y", "origin": [2.5, 11.3, 8]},
			"faces": {
				"north": {"uv": [0, 7.875, 0.125, 8], "texture": "#0"},
				"east": {"uv": [6.375, 5.625, 6.5625, 5.75], "texture": "#0"},
				"south": {"uv": [7.875, 0, 8, 0.125], "texture": "#0"},
				"west": {"uv": [6, 6.375, 6.1875, 6.5], "texture": "#0"},
				"up": {"uv": [6.5, 6.5625, 6.375, 6.375], "texture": "#0"},
				"down": {"uv": [0.125, 6.5, 0, 6.6875], "texture": "#0"}
			}
		},
		{
			"from": [2.6, 11.4, 6.45],
			"to": [3.4, 12.2, 8.25],
			"rotation": {"angle": 22.5, "axis": "y", "origin": [2.5, 11.3, 8]},
			"faces": {
				"north": {"uv": [7.875, 0.75, 8, 0.875], "texture": "#0"},
				"east": {"uv": [1.75, 5, 2, 5.125], "texture": "#0"},
				"south": {"uv": [7.875, 1, 8, 1.125], "texture": "#0"},
				"west": {"uv": [5, 1.875, 5.25, 2], "texture": "#0"},
				"up": {"uv": [0.75, 5.25, 0.625, 5], "texture": "#0"},
				"down": {"uv": [5.125, 2.625, 5, 2.875], "texture": "#0"}
			}
		},
		{
			"from": [-1.5, 11.3, 10.8],
			"to": [-0.5, 12.3, 11.8],
			"rotation": {"angle": -45, "axis": "y", "origin": [4.82877, 6.26424, 15]},
			"faces": {
				"north": {"uv": [7.875, 1.5, 8, 1.625], "texture": "#0"},
				"east": {"uv": [1.75, 7.875, 1.875, 8], "texture": "#0"},
				"south": {"uv": [2, 7.875, 2.125, 8], "texture": "#0"},
				"west": {"uv": [2.25, 7.875, 2.375, 8], "texture": "#0"},
				"up": {"uv": [2.625, 8, 2.5, 7.875], "texture": "#0"},
				"down": {"uv": [3.125, 7.875, 3, 8], "texture": "#0"}
			}
		},
		{
			"from": [5, 11.3, 8.7],
			"to": [6, 12.3, 9.7],
			"rotation": {"angle": 0, "axis": "y", "origin": [7.82877, 6.26424, 8]},
			"faces": {
				"north": {"uv": [7.875, 3, 8, 3.125], "texture": "#0"},
				"east": {"uv": [7.875, 3.25, 8, 3.375], "texture": "#0"},
				"south": {"uv": [3.5, 7.875, 3.625, 8], "texture": "#0"},
				"west": {"uv": [7.875, 3.5, 8, 3.625], "texture": "#0"},
				"up": {"uv": [8, 3.875, 7.875, 3.75], "texture": "#0"},
				"down": {"uv": [8, 4, 7.875, 4.125], "texture": "#0"}
			}
		},
		{
			"from": [1.1, 11.4, 9.1],
			"to": [2.9, 12.2, 9.9],
			"rotation": {"angle": -22.5, "axis": "y", "origin": [4.82877, 6.26424, 15]},
			"faces": {
				"north": {"uv": [5, 2.125, 5.25, 2.25], "texture": "#0"},
				"east": {"uv": [7.875, 4.25, 8, 4.375], "texture": "#0"},
				"south": {"uv": [3.375, 5, 3.625, 5.125], "texture": "#0"},
				"west": {"uv": [4.5, 7.875, 4.625, 8], "texture": "#0"},
				"up": {"uv": [5.25, 4, 5, 3.875], "texture": "#0"},
				"down": {"uv": [5.25, 4.125, 5, 4.25], "texture": "#0"}
			}
		},
		{
			"from": [1.75, 12.68226, 2.75],
			"to": [2.25, 13.18226, 4.25],
			"rotation": {"angle": -22.5, "axis": "x", "origin": [12.45, 12.43226, 4.4892]},
			"faces": {
				"north": {"uv": [7.875, 4.5, 8, 4.625], "texture": "#0"},
				"east": {"uv": [5, 4.375, 5.25, 4.5], "texture": "#0"},
				"south": {"uv": [5, 7.875, 5.125, 8], "texture": "#0"},
				"west": {"uv": [5, 4.625, 5.25, 4.75], "texture": "#0"},
				"up": {"uv": [4.875, 5.25, 4.75, 5], "texture": "#0"},
				"down": {"uv": [5.125, 4.875, 5, 5.125], "texture": "#0"}
			}
		},
		{
			"from": [1.70685, 11.5, 3],
			"to": [2.30685, 12.1, 4.6],
			"rotation": {"angle": 45, "axis": "x", "origin": [13.5, 11.3, 4.7]},
			"faces": {
				"north": {"uv": [7.875, 5, 8, 5.125], "texture": "#0"},
				"east": {"uv": [0, 5.125, 0.25, 5.25], "texture": "#0"},
				"south": {"uv": [5.25, 7.875, 5.375, 8], "texture": "#0"},
				"west": {"uv": [5.125, 0.25, 5.375, 0.375], "texture": "#0"},
				"up": {"uv": [5.25, 0.75, 5.125, 0.5], "texture": "#0"},
				"down": {"uv": [5.25, 0.875, 5.125, 1.125], "texture": "#0"}
			}
		},
		{
			"from": [2.1, 11.2, -0.8],
			"to": [2.7, 11.8, 0.8],
			"rotation": {"angle": 22.5, "axis": "y", "origin": [13.5, 11.3, 4.7]},
			"faces": {
				"north": {"uv": [5.5, 7.875, 5.625, 8], "texture": "#0"},
				"east": {"uv": [1.125, 5.125, 1.375, 5.25], "texture": "#0"},
				"south": {"uv": [5.75, 7.875, 5.875, 8], "texture": "#0"},
				"west": {"uv": [5.125, 1.5, 5.375, 1.625], "texture": "#0"},
				"up": {"uv": [1.625, 5.375, 1.5, 5.125], "texture": "#0"},
				"down": {"uv": [2.5, 5.125, 2.375, 5.375], "texture": "#0"}
			}
		},
		{
			"from": [1.43369, 11.25, 6.65],
			"to": [1.93369, 11.75, 8.15],
			"rotation": {"angle": -22.5, "axis": "y", "origin": [11.78369, 11.35, 4.66225]},
			"faces": {
				"north": {"uv": [7.875, 5.75, 8, 5.875], "texture": "#0"},
				"east": {"uv": [2.625, 5.125, 2.875, 5.25], "texture": "#0"},
				"south": {"uv": [7.875, 6, 8, 6.125], "texture": "#0"},
				"west": {"uv": [5.125, 3, 5.375, 3.125], "texture": "#0"},
				"up": {"uv": [5.25, 3.5, 5.125, 3.25], "texture": "#0"},
				"down": {"uv": [3.875, 5.125, 3.75, 5.375], "texture": "#0"}
			}
		},
		{
			"from": [3.1, 11.2, 8],
			"to": [3.7, 11.8, 9.6],
			"rotation": {"angle": -22.5, "axis": "y", "origin": [13.5, 11.3, 4.7]},
			"faces": {
				"north": {"uv": [6.375, 7.875, 6.5, 8], "texture": "#0"},
				"east": {"uv": [5.25, 0, 5.5, 0.125], "texture": "#0"},
				"south": {"uv": [6.625, 7.875, 6.75, 8], "texture": "#0"},
				"west": {"uv": [5.25, 1.25, 5.5, 1.375], "texture": "#0"},
				"up": {"uv": [4.125, 5.375, 4, 5.125], "texture": "#0"},
				"down": {"uv": [0.5, 5.25, 0.375, 5.5], "texture": "#0"}
			}
		},
		{
			"from": [3.48279, 11.25, -1.25],
			"to": [3.98279, 11.75, 0.25],
			"rotation": {"angle": 22.5, "axis": "y", "origin": [12.83279, 11.35, 4.16869]},
			"faces": {
				"north": {"uv": [6.875, 7.875, 7, 8], "texture": "#0"},
				"east": {"uv": [1.75, 5.25, 2, 5.375], "texture": "#0"},
				"south": {"uv": [7.875, 6.875, 8, 7], "texture": "#0"},
				"west": {"uv": [5.25, 2.375, 5.5, 2.5], "texture": "#0"},
				"up": {"uv": [1, 5.5, 0.875, 5.25], "texture": "#0"},
				"down": {"uv": [2.25, 5.25, 2.125, 5.5], "texture": "#0"}
			}
		},
		{
			"from": [9, 11.3, 8.7],
			"to": [10, 12.3, 9.7],
			"rotation": {"angle": 0, "axis": "y", "origin": [7.02877, 6.26424, 8]},
			"faces": {
				"north": {"uv": [7.125, 7.875, 7.25, 8], "texture": "#0"},
				"east": {"uv": [7.375, 7.875, 7.5, 8], "texture": "#0"},
				"south": {"uv": [7.625, 7.875, 7.75, 8], "texture": "#0"},
				"west": {"uv": [7.875, 7.625, 8, 7.75], "texture": "#0"},
				"up": {"uv": [8, 8, 7.875, 7.875], "texture": "#0"},
				"down": {"uv": [0.375, 8, 0.25, 8.125], "texture": "#0"}
			}
		},
		{
			"from": [9.6, 11.4, 8.8],
			"to": [11.4, 12.2, 9.6],
			"rotation": {"angle": 22.5, "axis": "y", "origin": [9.7, 11.3, 8.7]},
			"faces": {
				"north": {"uv": [5.25, 2.625, 5.5, 2.75], "texture": "#0"},
				"east": {"uv": [8, 0.25, 8.125, 0.375], "texture": "#0"},
				"south": {"uv": [3, 5.25, 3.25, 5.375], "texture": "#0"},
				"west": {"uv": [0.5, 8, 0.625, 8.125], "texture": "#0"},
				"up": {"uv": [3.625, 5.375, 3.375, 5.25], "texture": "#0"},
				"down": {"uv": [5.5, 3.625, 5.25, 3.75], "texture": "#0"}
			}
		},
		{
			"from": [10.85, 11.3, 7.9],
			"to": [11.85, 12.3, 8.9],
			"rotation": {"angle": -45, "axis": "y", "origin": [11.7, 11.3, 8.7]},
			"faces": {
				"north": {"uv": [8, 0.5, 8.125, 0.625], "texture": "#0"},
				"east": {"uv": [0.75, 8, 0.875, 8.125], "texture": "#0"},
				"south": {"uv": [1, 8, 1.125, 8.125], "texture": "#0"},
				"west": {"uv": [1.25, 8, 1.375, 8.125], "texture": "#0"},
				"up": {"uv": [8.125, 1.375, 8, 1.25], "texture": "#0"},
				"down": {"uv": [1.625, 8, 1.5, 8.125], "texture": "#0"}
			}
		},
		{
			"from": [11.2, 11.4, 6.2],
			"to": [12, 12.2, 8],
			"rotation": {"angle": -22.5, "axis": "y", "origin": [11.7, 11.3, 8.7]},
			"faces": {
				"north": {"uv": [8, 1.75, 8.125, 1.875], "texture": "#0"},
				"east": {"uv": [4.25, 5.25, 4.5, 5.375], "texture": "#0"},
				"south": {"uv": [8, 2, 8.125, 2.125], "texture": "#0"},
				"west": {"uv": [5.25, 4.875, 5.5, 5], "texture": "#0"},
				"up": {"uv": [5.125, 5.5, 5, 5.25], "texture": "#0"},
				"down": {"uv": [5.375, 5.125, 5.25, 5.375], "texture": "#0"}
			}
		},
		{
			"from": [11.1, 11.3, 4.7],
			"to": [12.1, 12.3, 6.2],
			"rotation": {"angle": -22.5, "axis": "y", "origin": [11.7, 11.3, 8.7]},
			"faces": {
				"north": {"uv": [8, 2.25, 8.125, 2.375], "texture": "#0"},
				"east": {"uv": [0.5, 6.5, 0.6875, 6.625], "texture": "#0"},
				"south": {"uv": [8, 2.5, 8.125, 2.625], "texture": "#0"},
				"west": {"uv": [1.375, 6.5, 1.5625, 6.625], "texture": "#0"},
				"up": {"uv": [6.625, 2.9375, 6.5, 2.75], "texture": "#0"},
				"down": {"uv": [3.25, 6.5, 3.125, 6.6875], "texture": "#0"}
			}
		},
		{
			"from": [12.90685, 11.5, 3],
			"to": [13.50685, 12.1, 4.6],
			"rotation": {"angle": 45, "axis": "x", "origin": [12.7, 11.3, 4.7]},
			"faces": {
				"north": {"uv": [2.75, 8, 2.875, 8.125], "texture": "#0"},
				"east": {"uv": [0, 5.375, 0.25, 5.5], "texture": "#0"},
				"south": {"uv": [8, 2.75, 8.125, 2.875], "texture": "#0"},
				"west": {"uv": [5.375, 0.5, 5.625, 0.625], "texture": "#0"},
				"up": {"uv": [0.75, 5.625, 0.625, 5.375], "texture": "#0"},
				"down": {"uv": [5.5, 0.75, 5.375, 1], "texture": "#0"}
			}
		},
		{
			"from": [12.95685, 12.61693, 2.81214],
			"to": [13.45685, 13.11693, 4.31214],
			"rotation": {"angle": -22.5, "axis": "x", "origin": [12.7, 12.36693, 4.46214]},
			"faces": {
				"north": {"uv": [3.25, 8, 3.375, 8.125], "texture": "#0"},
				"east": {"uv": [1.125, 5.375, 1.375, 5.5], "texture": "#0"},
				"south": {"uv": [3.75, 8, 3.875, 8.125], "texture": "#0"},
				"west": {"uv": [5.375, 1.75, 5.625, 1.875], "texture": "#0"},
				"up": {"uv": [5.5, 2.25, 5.375, 2], "texture": "#0"},
				"down": {"uv": [2.75, 5.375, 2.625, 5.625], "texture": "#0"}
			}
		},
		{
			"from": [13.3, 11.2, 3.3],
			"to": [13.9, 11.8, 4.9],
			"rotation": {"angle": -22.5, "axis": "y", "origin": [12.7, 11.3, 4.7]},
			"faces": {
				"north": {"uv": [4, 8, 4.125, 8.125], "texture": "#0"},
				"east": {"uv": [5.375, 3.25, 5.625, 3.375], "texture": "#0"},
				"south": {"uv": [4.25, 8, 4.375, 8.125], "texture": "#0"},
				"west": {"uv": [5.375, 3.875, 5.625, 4], "texture": "#0"},
				"up": {"uv": [5.5, 4.375, 5.375, 4.125], "texture": "#0"},
				"down": {"uv": [5.5, 4.5, 5.375, 4.75], "texture": "#0"}
			}
		},
		{
			"from": [13.80922, 11.25, 2.79023],
			"to": [14.30922, 11.75, 4.29023],
			"rotation": {"angle": 22.5, "axis": "y", "origin": [13.15922, 11.3, 4.14023]},
			"faces": {
				"north": {"uv": [4.75, 8, 4.875, 8.125], "texture": "#0"},
				"east": {"uv": [4.625, 5.375, 4.875, 5.5], "texture": "#0"},
				"south": {"uv": [8, 4.75, 8.125, 4.875], "texture": "#0"},
				"west": {"uv": [5.5, 0.25, 5.75, 0.375], "texture": "#0"},
				"up": {"uv": [1.625, 5.75, 1.5, 5.5], "texture": "#0"},
				"down": {"uv": [1.875, 5.5, 1.75, 5.75], "texture": "#0"}
			}
		},
		{
			"from": [12.3, 11.2, 3.7],
			"to": [12.9, 11.8, 5.3],
			"rotation": {"angle": 22.5, "axis": "y", "origin": [12.7, 11.3, 4.7]},
			"faces": {
				"north": {"uv": [8, 5.25, 8.125, 5.375], "texture": "#0"},
				"east": {"uv": [5.5, 1.5, 5.75, 1.625], "texture": "#0"},
				"south": {"uv": [8, 5.5, 8.125, 5.625], "texture": "#0"},
				"west": {"uv": [2.875, 5.5, 3.125, 5.625], "texture": "#0"},
				"up": {"uv": [2.5, 5.75, 2.375, 5.5], "texture": "#0"},
				"down": {"uv": [5.625, 2.875, 5.5, 3.125], "texture": "#0"}
			}
		},
		{
			"from": [12.19693, 11.25, 2.57794],
			"to": [12.69693, 11.75, 4.07794],
			"rotation": {"angle": -22.5, "axis": "y", "origin": [12.54693, 11.3, 3.52794]},
			"faces": {
				"north": {"uv": [6, 8, 6.125, 8.125], "texture": "#0"},
				"east": {"uv": [3.25, 5.5, 3.5, 5.625], "texture": "#0"},
				"south": {"uv": [8, 6.25, 8.125, 6.375], "texture": "#0"},
				"west": {"uv": [3.625, 5.5, 3.875, 5.625], "texture": "#0"},
				"up": {"uv": [4.125, 5.75, 4, 5.5], "texture": "#0"},
				"down": {"uv": [4.375, 5.5, 4.25, 5.75], "texture": "#0"}
			}
		},
		{
			"from": [9.71793, 13.3, 7.99893],
			"to": [10.71793, 14.3, 8.99893],
			"rotation": {"angle": -22.5, "axis": "y", "origin": [7.7467, 14.26424, 7.29893]},
			"faces": {
				"north": {"uv": [8, 6.5, 8.125, 6.625], "texture": "#0"},
				"east": {"uv": [8, 7.125, 8.125, 7.25], "texture": "#0"},
				"south": {"uv": [8, 7.375, 8.125, 7.5], "texture": "#0"},
				"west": {"uv": [0, 8.125, 0.125, 8.25], "texture": "#0"},
				"up": {"uv": [8.25, 0.125, 8.125, 0], "texture": "#0"},
				"down": {"uv": [8.25, 0.75, 8.125, 0.875], "texture": "#0"}
			}
		},
		{
			"from": [9.9, 13.4, 9.05203],
			"to": [11.7, 14.2, 9.85203],
			"rotation": {"angle": 0, "axis": "y", "origin": [10.278, 13.4, 8.95203]},
			"faces": {
				"north": {"uv": [5.5, 5.125, 5.75, 5.25], "texture": "#0"},
				"east": {"uv": [8.125, 1, 8.25, 1.125], "texture": "#0"},
				"south": {"uv": [5.25, 5.5, 5.5, 5.625], "texture": "#0"},
				"west": {"uv": [8.125, 1.5, 8.25, 1.625], "texture": "#0"},
				"up": {"uv": [0.25, 5.75, 0, 5.625], "texture": "#0"},
				"down": {"uv": [5.875, 0, 5.625, 0.125], "texture": "#0"}
			}
		},
		{
			"from": [11.6, 13.3, 8.6],
			"to": [12.6, 14.3, 9.6],
			"rotation": {"angle": 22.5, "axis": "y", "origin": [12.44246, 13.3, 9.51165]},
			"faces": {
				"north": {"uv": [1.75, 8.125, 1.875, 8.25], "texture": "#0"},
				"east": {"uv": [2, 8.125, 2.125, 8.25], "texture": "#0"},
				"south": {"uv": [2.25, 8.125, 2.375, 8.25], "texture": "#0"},
				"west": {"uv": [2.5, 8.125, 2.625, 8.25], "texture": "#0"},
				"up": {"uv": [3.125, 8.25, 3, 8.125], "texture": "#0"},
				"down": {"uv": [8.25, 3, 8.125, 3.125], "texture": "#0"}
			}
		},
		{
			"from": [11.3, 13.4, 7.31583],
			"to": [12.1, 14.2, 9.11583],
			"rotation": {"angle": -45, "axis": "y", "origin": [11.91471, 13.5, 9.81583]},
			"faces": {
				"north": {"uv": [8.125, 3.25, 8.25, 3.375], "texture": "#0"},
				"east": {"uv": [5.625, 0.75, 5.875, 0.875], "texture": "#0"},
				"south": {"uv": [3.5, 8.125, 3.625, 8.25], "texture": "#0"},
				"west": {"uv": [0.875, 5.625, 1.125, 5.75], "texture": "#0"},
				"up": {"uv": [0.5, 5.875, 0.375, 5.625], "texture": "#0"},
				"down": {"uv": [5.75, 1, 5.625, 1.25], "texture": "#0"}
			}
		},
		{
			"from": [10.95, 13.3, 6.4],
			"to": [11.95, 14.3, 7.9],
			"rotation": {"angle": -45, "axis": "y", "origin": [12.48724, 16.2, 10.33571]},
			"faces": {
				"north": {"uv": [8.125, 3.5, 8.25, 3.625], "texture": "#0"},
				"east": {"uv": [6.5, 3.875, 6.6875, 4], "texture": "#0"},
				"south": {"uv": [8.125, 3.75, 8.25, 3.875], "texture": "#0"},
				"west": {"uv": [6.5, 4.125, 6.6875, 4.25], "texture": "#0"},
				"up": {"uv": [4.875, 6.6875, 4.75, 6.5], "texture": "#0"},
				"down": {"uv": [5.375, 6.5, 5.25, 6.6875], "texture": "#0"}
			}
		},
		{
			"from": [15.10922, 13.25, 4.79023],
			"to": [15.60922, 13.75, 6.29023],
			"rotation": {"angle": 22.5, "axis": "y", "origin": [14.45922, 13.3, 6.14023]},
			"faces": {
				"north": {"uv": [8.125, 4, 8.25, 4.125], "texture": "#0"},
				"east": {"uv": [2, 5.625, 2.25, 5.75], "texture": "#0"},
				"south": {"uv": [8.125, 4.25, 8.25, 4.375], "texture": "#0"},
				"west": {"uv": [5.625, 2, 5.875, 2.125], "texture": "#0"},
				"up": {"uv": [1.375, 5.875, 1.25, 5.625], "texture": "#0"},
				"down": {"uv": [5.75, 2.25, 5.625, 2.5], "texture": "#0"}
			}
		},
		{
			"from": [13.6, 13.2, 5.7],
			"to": [14.2, 13.8, 7.3],
			"rotation": {"angle": 22.5, "axis": "y", "origin": [14, 13.3, 6.7]},
			"faces": {
				"north": {"uv": [4.5, 8.125, 4.625, 8.25], "texture": "#0"},
				"east": {"uv": [5.625, 2.625, 5.875, 2.75], "texture": "#0"},
				"south": {"uv": [8.125, 4.5, 8.25, 4.625], "texture": "#0"},
				"west": {"uv": [5.625, 3.5, 5.875, 3.625], "texture": "#0"},
				"up": {"uv": [5.75, 4.375, 5.625, 4.125], "texture": "#0"},
				"down": {"uv": [4.625, 5.625, 4.5, 5.875], "texture": "#0"}
			}
		},
		{
			"from": [13.49693, 13.25, 4.57794],
			"to": [13.99693, 13.75, 6.07794],
			"rotation": {"angle": -22.5, "axis": "y", "origin": [13.84693, 13.3, 5.52794]},
			"faces": {
				"north": {"uv": [5, 8.125, 5.125, 8.25], "texture": "#0"},
				"east": {"uv": [5.625, 4.5, 5.875, 4.625], "texture": "#0"},
				"south": {"uv": [8.125, 5, 8.25, 5.125], "texture": "#0"},
				"west": {"uv": [4.75, 5.625, 5, 5.75], "texture": "#0"},
				"up": {"uv": [5.75, 5, 5.625, 4.75], "texture": "#0"},
				"down": {"uv": [5.75, 5.375, 5.625, 5.625], "texture": "#0"}
			}
		},
		{
			"from": [14.6, 13.2, 5.3],
			"to": [15.2, 13.8, 6.9],
			"rotation": {"angle": -22.5, "axis": "y", "origin": [14, 13.3, 6.7]},
			"faces": {
				"north": {"uv": [5.25, 8.125, 5.375, 8.25], "texture": "#0"},
				"east": {"uv": [5.75, 0.5, 6, 0.625], "texture": "#0"},
				"south": {"uv": [5.5, 8.125, 5.625, 8.25], "texture": "#0"},
				"west": {"uv": [5.75, 1.75, 6, 1.875], "texture": "#0"},
				"up": {"uv": [0.75, 6, 0.625, 5.75], "texture": "#0"},
				"down": {"uv": [2.75, 5.75, 2.625, 6], "texture": "#0"}
			}
		},
		{
			"from": [14.25685, 14.61693, 4.81214],
			"to": [14.75685, 15.11693, 6.31214],
			"rotation": {"angle": -22.5, "axis": "x", "origin": [14, 14.36693, 6.46214]},
			"faces": {
				"north": {"uv": [5.75, 8.125, 5.875, 8.25], "texture": "#0"},
				"east": {"uv": [2.875, 5.75, 3.125, 5.875], "texture": "#0"},
				"south": {"uv": [8.125, 5.75, 8.25, 5.875], "texture": "#0"},
				"west": {"uv": [5.75, 2.875, 6, 3], "texture": "#0"},
				"up": {"uv": [5.875, 3.375, 5.75, 3.125], "texture": "#0"},
				"down": {"uv": [3.375, 5.75, 3.25, 6], "texture": "#0"}
			}
		},
		{
			"from": [14.20685, 13.5, 5],
			"to": [14.80685, 14.1, 6.6],
			"rotation": {"angle": 45, "axis": "x", "origin": [14, 13.3, 6.7]},
			"faces": {
				"north": {"uv": [8.125, 6, 8.25, 6.125], "texture": "#0"},
				"east": {"uv": [3.5, 5.75, 3.75, 5.875], "texture": "#0"},
				"south": {"uv": [6.25, 8.125, 6.375, 8.25], "texture": "#0"},
				"west": {"uv": [5.75, 3.75, 6, 3.875], "texture": "#0"},
				"up": {"uv": [5.25, 6, 5.125, 5.75], "texture": "#0"},
				"down": {"uv": [5.5, 5.75, 5.375, 6], "texture": "#0"}
			}
		},
		{
			"from": [1.2, 13.3, 6.1],
			"to": [2.2, 14.3, 7.6],
			"rotation": {"angle": 45, "axis": "y", "origin": [2.2, 13.3, 8]},
			"faces": {
				"north": {"uv": [6.5, 8.125, 6.625, 8.25], "texture": "#0"},
				"east": {"uv": [6.5, 4.375, 6.6875, 4.5], "texture": "#0"},
				"south": {"uv": [6.75, 8.125, 6.875, 8.25], "texture": "#0"},
				"west": {"uv": [6.5, 5.125, 6.6875, 5.25], "texture": "#0"},
				"up": {"uv": [5.625, 6.6875, 5.5, 6.5], "texture": "#0"},
				"down": {"uv": [5.875, 6.5, 5.75, 6.6875], "texture": "#0"}
			}
		},
		{
			"from": [2.35, 13.4, 7.95117],
			"to": [3.15, 14.2, 9.75117],
			"rotation": {"angle": 45, "axis": "y", "origin": [2.20709, 13.4, 9.50117]},
			"faces": {
				"north": {"uv": [8.125, 6.75, 8.25, 6.875], "texture": "#0"},
				"east": {"uv": [5.625, 5.75, 5.875, 5.875], "texture": "#0"},
				"south": {"uv": [7, 8.125, 7.125, 8.25], "texture": "#0"},
				"west": {"uv": [0, 5.875, 0.25, 6], "texture": "#0"},
				"up": {"uv": [1, 6.125, 0.875, 5.875], "texture": "#0"},
				"down": {"uv": [6, 1, 5.875, 1.25], "texture": "#0"}
			}
		},
		{
			"from": [3.3, 13.3, 8.9],
			"to": [4.3, 14.3, 9.9],
			"rotation": {"angle": -22.5, "axis": "y", "origin": [3.61321, 12.16424, 7.62849]},
			"faces": {
				"north": {"uv": [7.25, 8.125, 7.375, 8.25], "texture": "#0"},
				"east": {"uv": [7.5, 8.125, 7.625, 8.25], "texture": "#0"},
				"south": {"uv": [8.125, 7.625, 8.25, 7.75], "texture": "#0"},
				"west": {"uv": [7.75, 8.125, 7.875, 8.25], "texture": "#0"},
				"up": {"uv": [8.25, 8, 8.125, 7.875], "texture": "#0"},
				"down": {"uv": [8.125, 8.125, 8, 8.25], "texture": "#0"}
			}
		},
		{
			"from": [4.29291, 13.3, 8.05344],
			"to": [5.29291, 14.3, 9.05344],
			"rotation": {"angle": 22.5, "axis": "y", "origin": [7.12169, 13.26424, 7.35344]},
			"faces": {
				"north": {"uv": [0.25, 8.25, 0.375, 8.375], "texture": "#0"},
				"east": {"uv": [8.25, 0.25, 8.375, 0.375], "texture": "#0"},
				"south": {"uv": [0.5, 8.25, 0.625, 8.375], "texture": "#0"},
				"west": {"uv": [8.25, 0.5, 8.375, 0.625], "texture": "#0"},
				"up": {"uv": [0.875, 8.375, 0.75, 8.25], "texture": "#0"},
				"down": {"uv": [1.125, 8.25, 1, 8.375], "texture": "#0"}
			}
		},
		{
			"from": [3.3588, 13.4, 9.1],
			"to": [5.1588, 14.2, 9.9],
			"rotation": {"angle": 0, "axis": "y", "origin": [6.25655, 10.36424, 7.87404]},
			"faces": {
				"north": {"uv": [5.875, 0.25, 6.125, 0.375], "texture": "#0"},
				"east": {"uv": [1.25, 8.25, 1.375, 8.375], "texture": "#0"},
				"south": {"uv": [5.875, 1.375, 6.125, 1.5], "texture": "#0"},
				"west": {"uv": [8.25, 1.25, 8.375, 1.375], "texture": "#0"},
				"up": {"uv": [1.75, 6, 1.5, 5.875], "texture": "#0"},
				"down": {"uv": [2.125, 5.875, 1.875, 6], "texture": "#0"}
			}
		},
		{
			"from": [0.40685, 13.5, 5],
			"to": [1.00685, 14.1, 6.6],
			"rotation": {"angle": 45, "axis": "x", "origin": [12.2, 13.3, 6.7]},
			"faces": {
				"north": {"uv": [1.5, 8.25, 1.625, 8.375], "texture": "#0"},
				"east": {"uv": [2.25, 5.875, 2.5, 6], "texture": "#0"},
				"south": {"uv": [8.25, 1.75, 8.375, 1.875], "texture": "#0"},
				"west": {"uv": [5.875, 2.25, 6.125, 2.375], "texture": "#0"},
				"up": {"uv": [4, 6.125, 3.875, 5.875], "texture": "#0"},
				"down": {"uv": [6, 4, 5.875, 4.25], "texture": "#0"}
			}
		},
		{
			"from": [0.8, 13.2, 1.2],
			"to": [1.4, 13.8, 2.8],
			"rotation": {"angle": 22.5, "axis": "y", "origin": [12.2, 13.3, 6.7]},
			"faces": {
				"north": {"uv": [8.25, 2, 8.375, 2.125], "texture": "#0"},
				"east": {"uv": [4.125, 5.875, 4.375, 6], "texture": "#0"},
				"south": {"uv": [8.25, 2.25, 8.375, 2.375], "texture": "#0"},
				"west": {"uv": [4.75, 5.875, 5, 6], "texture": "#0"},
				"up": {"uv": [6, 5, 5.875, 4.75], "texture": "#0"},
				"down": {"uv": [6, 5.125, 5.875, 5.375], "texture": "#0"}
			}
		},
		{
			"from": [0.13369, 13.25, 8.65],
			"to": [0.63369, 13.75, 10.15],
			"rotation": {"angle": -22.5, "axis": "y", "origin": [10.48369, 13.35, 6.66225]},
			"faces": {
				"north": {"uv": [8.25, 2.5, 8.375, 2.625], "texture": "#0"},
				"east": {"uv": [5.875, 5.5, 6.125, 5.625], "texture": "#0"},
				"south": {"uv": [2.75, 8.25, 2.875, 8.375], "texture": "#0"},
				"west": {"uv": [6, 0, 6.25, 0.125], "texture": "#0"},
				"up": {"uv": [0.5, 6.25, 0.375, 6], "texture": "#0"},
				"down": {"uv": [1.25, 6, 1.125, 6.25], "texture": "#0"}
			}
		},
		{
			"from": [1.8, 13.2, 10],
			"to": [2.4, 13.8, 11.6],
			"rotation": {"angle": -22.5, "axis": "y", "origin": [12.2, 13.3, 6.7]},
			"faces": {
				"north": {"uv": [8.25, 2.75, 8.375, 2.875], "texture": "#0"},
				"east": {"uv": [6, 0.75, 6.25, 0.875], "texture": "#0"},
				"south": {"uv": [3.25, 8.25, 3.375, 8.375], "texture": "#0"},
				"west": {"uv": [6, 2, 6.25, 2.125], "texture": "#0"},
				"up": {"uv": [6.125, 2.75, 6, 2.5], "texture": "#0"},
				"down": {"uv": [3, 6, 2.875, 6.25], "texture": "#0"}
			}
		},
		{
			"from": [2.18279, 13.25, 0.75],
			"to": [2.68279, 13.75, 2.25],
			"rotation": {"angle": 22.5, "axis": "y", "origin": [11.53279, 13.35, 6.16869]},
			"faces": {
				"north": {"uv": [3.75, 8.25, 3.875, 8.375], "texture": "#0"},
				"east": {"uv": [6, 3.125, 6.25, 3.25], "texture": "#0"},
				"south": {"uv": [4, 8.25, 4.125, 8.375], "texture": "#0"},
				"west": {"uv": [6, 3.375, 6.25, 3.5], "texture": "#0"},
				"up": {"uv": [3.625, 6.25, 3.5, 6], "texture": "#0"},
				"down": {"uv": [6.125, 4.375, 6, 4.625], "texture": "#0"}
			}
		},
		{
			"from": [0.45, 14.68226, 4.75],
			"to": [0.95, 15.18226, 6.25],
			"rotation": {"angle": -22.5, "axis": "x", "origin": [11.15, 14.43226, 6.4892]},
			"faces": {
				"north": {"uv": [4.25, 8.25, 4.375, 8.375], "texture": "#0"},
				"east": {"uv": [5.625, 6, 5.875, 6.125], "texture": "#0"},
				"south": {"uv": [4.75, 8.25, 4.875, 8.375], "texture": "#0"},
				"west": {"uv": [6, 5.75, 6.25, 5.875], "texture": "#0"},
				"up": {"uv": [4.625, 6.25, 4.5, 6], "texture": "#0"},
				"down": {"uv": [6.125, 6, 6, 6.25], "texture": "#0"}
			}
		},
		{
			"from": [7, 17, 9.2],
			"to": [7.8, 17.8, 10],
			"rotation": {"angle": 0, "axis": "y", "origin": [6.9, 16.5, 8.8]},
			"faces": {
				"north": {"uv": [8.25, 4.75, 8.375, 4.875], "texture": "#0"},
				"east": {"uv": [8.25, 5.25, 8.375, 5.375], "texture": "#0"},
				"south": {"uv": [8.25, 5.5, 8.375, 5.625], "texture": "#0"},
				"west": {"uv": [6, 8.25, 6.125, 8.375], "texture": "#0"},
				"up": {"uv": [8.375, 6.375, 8.25, 6.25], "texture": "#0"},
				"down": {"uv": [8.375, 6.5, 8.25, 6.625], "texture": "#0"}
			}
		},
		{
			"from": [7, 18.5, 9.2],
			"to": [7.8, 18.9, 10],
			"rotation": {"angle": 0, "axis": "y", "origin": [6.9, 16.5, 8.8]},
			"faces": {
				"north": {"uv": [8.875, 4.25, 9, 4.3125], "texture": "#0"},
				"east": {"uv": [8.875, 4.5, 9, 4.5625], "texture": "#0"},
				"south": {"uv": [4.75, 8.875, 4.875, 8.9375], "texture": "#0"},
				"west": {"uv": [8.875, 5, 9, 5.0625], "texture": "#0"},
				"up": {"uv": [8.375, 7.125, 8.25, 7], "texture": "#0"},
				"down": {"uv": [8.375, 7.25, 8.25, 7.375], "texture": "#0"}
			}
		},
		{
			"from": [6.9, 17.5, 9.1],
			"to": [7.9, 18.5, 10.1],
			"rotation": {"angle": 0, "axis": "y", "origin": [6.9, 16.5, 8.8]},
			"faces": {
				"north": {"uv": [8.25, 8.125, 8.375, 8.25], "texture": "#0"},
				"east": {"uv": [0, 8.375, 0.125, 8.5], "texture": "#0"},
				"south": {"uv": [8.375, 0, 8.5, 0.125], "texture": "#0"},
				"west": {"uv": [8.375, 0.75, 8.5, 0.875], "texture": "#0"},
				"up": {"uv": [8.5, 1.125, 8.375, 1], "texture": "#0"},
				"down": {"uv": [8.5, 1.5, 8.375, 1.625], "texture": "#0"}
			}
		},
		{
			"from": [6.9, 16.50866, 8.75],
			"to": [7.9, 17.50866, 9.75],
			"rotation": {"angle": 22.5, "axis": "x", "origin": [6.9, 16.5, 8.8]},
			"faces": {
				"north": {"uv": [1.75, 8.375, 1.875, 8.5], "texture": "#0"},
				"east": {"uv": [2, 8.375, 2.125, 8.5], "texture": "#0"},
				"south": {"uv": [2.25, 8.375, 2.375, 8.5], "texture": "#0"},
				"west": {"uv": [2.5, 8.375, 2.625, 8.5], "texture": "#0"},
				"up": {"uv": [3.125, 8.5, 3, 8.375], "texture": "#0"},
				"down": {"uv": [8.5, 3, 8.375, 3.125], "texture": "#0"}
			}
		},
		{
			"from": [6.8, 18.7, 7],
			"to": [8, 19.4, 9.2],
			"rotation": {"angle": -22.5, "axis": "x", "origin": [6.9, 18.5, 9.1]},
			"faces": {
				"north": {"uv": [8.875, 5.5, 9, 5.5625], "texture": "#0"},
				"east": {"uv": [8.375, 3.25, 8.625, 3.3125], "texture": "#0"},
				"south": {"uv": [8.875, 5.75, 9, 5.8125], "texture": "#0"},
				"west": {"uv": [8.375, 3.5, 8.625, 3.5625], "texture": "#0"},
				"up": {"uv": [0.125, 6.375, 0, 6.125], "texture": "#0"},
				"down": {"uv": [0.75, 6.125, 0.625, 6.375], "texture": "#0"}
			}
		},
		{
			"from": [6.6, 19.08268, 7.92388],
			"to": [6.8, 19.78268, 9.12388],
			"rotation": {"angle": -22.5, "axis": "x", "origin": [7.7, 18.88268, 10.02388]},
			"faces": {
				"north": {"uv": [1.375, 2, 1.375, 2.0625], "texture": "#0"},
				"east": {"uv": [8.875, 6, 9, 6.0625], "texture": "#0"},
				"south": {"uv": [1.25, 2.5, 1.25, 2.5625], "texture": "#0"},
				"west": {"uv": [8.875, 6.625, 9, 6.6875], "texture": "#0"},
				"up": {"uv": [3.5, 1.25, 3.5, 1.125], "texture": "#0"},
				"down": {"uv": [3.75, 3, 3.75, 3.125], "texture": "#0"}
			}
		},
		{
			"from": [8, 19.08268, 7.92388],
			"to": [8.2, 19.78268, 9.12388],
			"rotation": {"angle": -22.5, "axis": "x", "origin": [7.1, 18.88268, 10.02388]},
			"faces": {
				"north": {"uv": [3.875, 0, 3.875, 0.0625], "texture": "#0"},
				"east": {"uv": [6.75, 8.875, 6.875, 8.9375], "texture": "#0"},
				"south": {"uv": [0.25, 4.125, 0.25, 4.1875], "texture": "#0"},
				"west": {"uv": [7.5, 8.875, 7.625, 8.9375], "texture": "#0"},
				"up": {"uv": [4, 4.375, 4, 4.25], "texture": "#0"},
				"down": {"uv": [2.75, 4.875, 2.75, 5], "texture": "#0"}
			}
		},
		{
			"from": [6.8, 19.1391, 6.69385],
			"to": [8, 19.8391, 8.89385],
			"rotation": {"angle": 0, "axis": "y", "origin": [6.9, 17.9391, 8.79385]},
			"faces": {
				"north": {"uv": [8.875, 7.5, 9, 7.5625], "texture": "#0"},
				"east": {"uv": [8.375, 3.75, 8.625, 3.8125], "texture": "#0"},
				"south": {"uv": [7.75, 8.875, 7.875, 8.9375], "texture": "#0"},
				"west": {"uv": [8.375, 4, 8.625, 4.0625], "texture": "#0"},
				"up": {"uv": [6.25, 1.25, 6.125, 1], "texture": "#0"},
				"down": {"uv": [1.5, 6.125, 1.375, 6.375], "texture": "#0"}
			}
		},
		{
			"from": [6.6, 19.1391, 7.69385],
			"to": [6.8, 19.8391, 8.89385],
			"rotation": {"angle": 0, "axis": "y", "origin": [5.7, 17.9391, 8.79385]},
			"faces": {
				"north": {"uv": [3.75, 6, 3.75, 6.0625], "texture": "#0"},
				"east": {"uv": [8.875, 7.75, 9, 7.8125], "texture": "#0"},
				"south": {"uv": [0.25, 6.125, 0.25, 6.1875], "texture": "#0"},
				"west": {"uv": [8, 8.875, 8.125, 8.9375], "texture": "#0"},
				"up": {"uv": [2.75, 6.25, 2.75, 6.125], "texture": "#0"},
				"down": {"uv": [3.375, 6.125, 3.375, 6.25], "texture": "#0"}
			}
		},
		{
			"from": [8, 19.1391, 7.69385],
			"to": [8.2, 19.8391, 8.89385],
			"rotation": {"angle": 0, "axis": "y", "origin": [7.1, 17.9391, 8.79385]},
			"faces": {
				"north": {"uv": [3.625, 6.375, 3.625, 6.4375], "texture": "#0"},
				"east": {"uv": [8.25, 8.875, 8.375, 8.9375], "texture": "#0"},
				"south": {"uv": [1.75, 6.5, 1.75, 6.5625], "texture": "#0"},
				"west": {"uv": [0.25, 9, 0.375, 9.0625], "texture": "#0"},
				"up": {"uv": [6.625, 9.125, 6.625, 9], "texture": "#0"},
				"down": {"uv": [2.625, 9.125, 2.625, 9.25], "texture": "#0"}
			}
		},
		{
			"from": [6.9, 19.15, 5.6],
			"to": [7.9, 19.65, 6.8],
			"rotation": {"angle": 0, "axis": "y", "origin": [6.9, 17.9391, 8.79385]},
			"faces": {
				"north": {"uv": [9, 0.25, 9.125, 0.3125], "texture": "#0"},
				"east": {"uv": [8.5, 5.5, 8.65625, 5.5625], "texture": "#0"},
				"south": {"uv": [0.5, 9, 0.625, 9.0625], "texture": "#0"},
				"west": {"uv": [8.5, 6.125, 8.65625, 6.1875], "texture": "#0"},
				"up": {"uv": [1.875, 6.90625, 1.75, 6.75], "texture": "#0"},
				"down": {"uv": [2.125, 6.75, 2, 6.90625], "texture": "#0"}
			}
		},
		{
			"from": [7.1, 19.15, 4.8],
			"to": [7.6, 19.55, 5.6],
			"rotation": {"angle": 0, "axis": "y", "origin": [6.9, 17.9391, 9.59385]},
			"faces": {
				"north": {"uv": [7.25, 9, 7.3125, 9.0625], "texture": "#0"},
				"east": {"uv": [9, 5.25, 9.09375, 5.3125], "texture": "#0"},
				"south": {"uv": [9, 8.75, 9.0625, 8.8125], "texture": "#0"},
				"west": {"uv": [5.875, 9, 5.96875, 9.0625], "texture": "#0"},
				"up": {"uv": [6.1875, 9.09375, 6.125, 9], "texture": "#0"},
				"down": {"uv": [9.0625, 6.25, 9, 6.34375], "texture": "#0"}
			}
		},
		{
			"from": [6.5, 18.7, 8.7],
			"to": [8.2, 19.7, 11.3],
			"rotation": {"angle": 0, "axis": "y", "origin": [6.9, 18.5, 9.1]},
			"faces": {
				"north": {"uv": [4.375, 6.75, 4.5625, 6.84375], "texture": "#0"},
				"east": {"uv": [6.125, 0.5, 6.4375, 0.59375], "texture": "#0"},
				"south": {"uv": [6.75, 4.625, 6.9375, 4.71875], "texture": "#0"},
				"west": {"uv": [1.875, 6.125, 2.1875, 6.21875], "texture": "#0"},
				"up": {"uv": [0.5625, 1.8125, 0.375, 1.5], "texture": "#0"},
				"down": {"uv": [0.9375, 1.5, 0.75, 1.8125], "texture": "#0"}
			}
		},
		{
			"from": [6.6, 17.99615, 11.16153],
			"to": [8.1, 18.99615, 12.56153],
			"rotation": {"angle": -22.5, "axis": "x", "origin": [7, 18.69615, 9.46153]},
			"faces": {
				"north": {"uv": [6.5, 5.875, 6.6875, 6], "texture": "#0"},
				"east": {"uv": [6.5, 6.125, 6.6875, 6.25], "texture": "#0"},
				"south": {"uv": [6.625, 0.25, 6.8125, 0.375], "texture": "#0"},
				"west": {"uv": [6.625, 0.5, 6.8125, 0.625], "texture": "#0"},
				"up": {"uv": [2.8125, 3.8125, 2.625, 3.625], "texture": "#0"},
				"down": {"uv": [3.1875, 3.625, 3, 3.8125], "texture": "#0"}
			}
		},
		{
			"from": [6.7, 18.09615, 12.5],
			"to": [8, 18.89615, 13.7],
			"rotation": {"angle": -22.5, "axis": "x", "origin": [7, 18.69615, 9.46153]},
			"faces": {
				"north": {"uv": [6.625, 1.25, 6.8125, 1.375], "texture": "#0"},
				"east": {"uv": [6.625, 1.875, 6.8125, 2], "texture": "#0"},
				"south": {"uv": [6.625, 2.125, 6.8125, 2.25], "texture": "#0"},
				"west": {"uv": [2.375, 6.625, 2.5625, 6.75], "texture": "#0"},
				"up": {"uv": [3.8125, 3.6875, 3.625, 3.5], "texture": "#0"},
				"down": {"uv": [0.1875, 3.75, 0, 3.9375], "texture": "#0"}
			}
		},
		{
			"from": [6.6, 19.7, 9.8],
			"to": [8.1, 20.7, 12.2],
			"rotation": {"angle": 0, "axis": "y", "origin": [6.9, 18.5, 9.1]},
			"faces": {
				"north": {"uv": [6.625, 2.375, 6.8125, 2.5], "texture": "#0"},
				"east": {"uv": [3.375, 0, 3.6875, 0.125], "texture": "#0"},
				"south": {"uv": [3.625, 6.625, 3.8125, 6.75], "texture": "#0"},
				"west": {"uv": [3.375, 3.25, 3.6875, 3.375], "texture": "#0"},
				"up": {"uv": [1.6875, 1.1875, 1.5, 0.875], "texture": "#0"},
				"down": {"uv": [1.3125, 1.5, 1.125, 1.8125], "texture": "#0"}
			}
		},
		{
			"from": [6.9, 20.69874, 9.7046],
			"to": [7.9, 20.69874, 9.8046],
			"rotation": {"angle": 0, "axis": "y", "origin": [6.2, 18.49874, 9.0046]},
			"faces": {
				"north": {"uv": [1.25, 0.875, 1.375, 0.875], "texture": "#0"},
				"east": {"uv": [1.875, 0.25, 1.90625, 0.25], "texture": "#0"},
				"south": {"uv": [2.625, 0.5, 2.75, 0.5], "texture": "#0"},
				"west": {"uv": [2.625, 1.75, 2.65625, 1.75], "texture": "#0"},
				"up": {"uv": [9, 9.03125, 8.875, 9], "texture": "#0"},
				"down": {"uv": [0.125, 9.125, 0, 9.15625], "texture": "#0"}
			}
		},
		{
			"from": [6.7, 19.8, 11.9],
			"to": [8, 20.6, 14.1],
			"rotation": {"angle": 0, "axis": "y", "origin": [6.9, 18.5, 9.1]},
			"faces": {
				"north": {"uv": [6.625, 5.375, 6.8125, 5.5], "texture": "#0"},
				"east": {"uv": [0.75, 3.5, 1.0625, 3.625], "texture": "#0"},
				"south": {"uv": [6, 6.625, 6.1875, 6.75], "texture": "#0"},
				"west": {"uv": [3.5, 0.875, 3.8125, 1], "texture": "#0"},
				"up": {"uv": [1.6875, 1.6875, 1.5, 1.375], "texture": "#0"},
				"down": {"uv": [0.1875, 1.625, 0, 1.9375], "texture": "#0"}
			}
		},
		{
			"from": [6.5, 19.7, 10],
			"to": [6.6, 20, 12],
			"rotation": {"angle": 0, "axis": "y", "origin": [7.8, 18.5, 9.1]},
			"faces": {
				"north": {"uv": [9.125, 4.25, 9.15625, 4.28125], "texture": "#0"},
				"east": {"uv": [9, 0.5, 9.25, 0.53125], "texture": "#0"},
				"south": {"uv": [9.125, 4.5, 9.15625, 4.53125], "texture": "#0"},
				"west": {"uv": [0.75, 9, 1, 9.03125], "texture": "#0"},
				"up": {"uv": [1.15625, 9.25, 1.125, 9], "texture": "#0"},
				"down": {"uv": [1.40625, 9, 1.375, 9.25], "texture": "#0"}
			}
		},
		{
			"from": [6.5, 20, 10.1],
			"to": [6.6, 20.3, 11.9],
			"rotation": {"angle": 0, "axis": "y", "origin": [7.8, 18.8, 9.1]},
			"faces": {
				"north": {"uv": [4.75, 9.125, 4.78125, 9.15625], "texture": "#0"},
				"east": {"uv": [9, 3.75, 9.21875, 3.78125], "texture": "#0"},
				"south": {"uv": [9.125, 5, 9.15625, 5.03125], "texture": "#0"},
				"west": {"uv": [9, 4, 9.21875, 4.03125], "texture": "#0"},
				"up": {"uv": [4.03125, 9.21875, 4, 9], "texture": "#0"},
				"down": {"uv": [4.53125, 9, 4.5, 9.21875], "texture": "#0"}
			}
		},
		{
			"from": [8.1, 19.7, 10],
			"to": [8.2, 20, 12],
			"rotation": {"angle": 0, "axis": "y", "origin": [7.4, 18.5, 9.1]},
			"faces": {
				"north": {"uv": [9.125, 5.5, 9.15625, 5.53125], "texture": "#0"},
				"east": {"uv": [9, 1.25, 9.25, 1.28125], "texture": "#0"},
				"south": {"uv": [9.125, 5.75, 9.15625, 5.78125], "texture": "#0"},
				"west": {"uv": [9, 1.75, 9.25, 1.78125], "texture": "#0"},
				"up": {"uv": [9.03125, 2.25, 9, 2], "texture": "#0"},
				"down": {"uv": [9.03125, 2.375, 9, 2.625], "texture": "#0"}
			}
		},
		{
			"from": [8.1, 20, 10.1],
			"to": [8.2, 20.3, 11.9],
			"rotation": {"angle": 0, "axis": "y", "origin": [7.4, 18.8, 9.1]},
			"faces": {
				"north": {"uv": [9.125, 6, 9.15625, 6.03125], "texture": "#0"},
				"east": {"uv": [9, 4.75, 9.21875, 4.78125], "texture": "#0"},
				"south": {"uv": [9.125, 6.5, 9.15625, 6.53125], "texture": "#0"},
				"west": {"uv": [5, 9, 5.21875, 9.03125], "texture": "#0"},
				"up": {"uv": [5.40625, 9.21875, 5.375, 9], "texture": "#0"},
				"down": {"uv": [5.65625, 9, 5.625, 9.21875], "texture": "#0"}
			}
		},
		{
			"from": [8.1, 19.2, 11.3],
			"to": [8.2, 19.7, 12],
			"rotation": {"angle": 0, "axis": "y", "origin": [7.4, 19, 9.4]},
			"faces": {
				"north": {"uv": [3, 9.125, 3.03125, 9.1875], "texture": "#0"},
				"east": {"uv": [6.375, 9, 6.46875, 9.0625], "texture": "#0"},
				"south": {"uv": [9.125, 3, 9.15625, 3.0625], "texture": "#0"},
				"west": {"uv": [9, 6.875, 9.09375, 6.9375], "texture": "#0"},
				"up": {"uv": [9.15625, 1.09375, 9.125, 1], "texture": "#0"},
				"down": {"uv": [9.15625, 1.5, 9.125, 1.59375], "texture": "#0"}
			}
		},
		{
			"from": [6.5, 19.2, 11.3],
			"to": [6.6, 19.7, 12],
			"rotation": {"angle": 0, "axis": "y", "origin": [7.8, 19, 9.4]},
			"faces": {
				"north": {"uv": [3.5, 9.125, 3.53125, 9.1875], "texture": "#0"},
				"east": {"uv": [7, 9, 7.09375, 9.0625], "texture": "#0"},
				"south": {"uv": [4.25, 9.125, 4.28125, 9.1875], "texture": "#0"},
				"west": {"uv": [9, 7.125, 9.09375, 7.1875], "texture": "#0"},
				"up": {"uv": [1.65625, 9.21875, 1.625, 9.125], "texture": "#0"},
				"down": {"uv": [1.90625, 9.125, 1.875, 9.21875], "texture": "#0"}
			}
		},
		{
			"from": [6.9, 19.8, 8.1],
			"to": [7.9, 20.3, 10.5],
			"rotation": {"angle": -22.5, "axis": "x", "origin": [6.9, 18.5, 9.1]},
			"faces": {
				"north": {"uv": [2.75, 9, 2.875, 9.0625], "texture": "#0"},
				"east": {"uv": [6.75, 2.625, 7.0625, 2.6875], "texture": "#0"},
				"south": {"uv": [9, 2.75, 9.125, 2.8125], "texture": "#0"},
				"west": {"uv": [6.75, 2.875, 7.0625, 2.9375], "texture": "#0"},
				"up": {"uv": [2, 3.8125, 1.875, 3.5], "texture": "#0"},
				"down": {"uv": [2.25, 3.5, 2.125, 3.8125], "texture": "#0"}
			}
		},
		{
			"from": [7, 19.7, 8.9],
			"to": [7.8, 20.3, 10.7],
			"rotation": {"angle": 0, "axis": "y", "origin": [6.9, 18.5, 9.1]},
			"faces": {
				"north": {"uv": [8.5, 4.75, 8.625, 4.84375], "texture": "#0"},
				"east": {"uv": [6.625, 6.375, 6.875, 6.46875], "texture": "#0"},
				"south": {"uv": [8.5, 5.25, 8.625, 5.34375], "texture": "#0"},
				"west": {"uv": [6.625, 6.625, 6.875, 6.71875], "texture": "#0"},
				"up": {"uv": [1.75, 6.375, 1.625, 6.125], "texture": "#0"},
				"down": {"uv": [6.25, 1.625, 6.125, 1.875], "texture": "#0"}
			}
		},
		{
			"from": [8, 18.4, 8.2],
			"to": [8.2, 18.7, 9.9],
			"rotation": {"angle": 0, "axis": "y", "origin": [6.1, 18.5, 9.1]},
			"faces": {
				"north": {"uv": [6.75, 9.125, 6.75, 9.15625], "texture": "#0"},
				"east": {"uv": [9, 8, 9.1875, 8.03125], "texture": "#0"},
				"south": {"uv": [6.875, 9.125, 6.875, 9.15625], "texture": "#0"},
				"west": {"uv": [9, 8.25, 9.1875, 8.28125], "texture": "#0"},
				"up": {"uv": [9.125, 7.5625, 9.125, 7.375], "texture": "#0"},
				"down": {"uv": [7.5, 9.125, 7.5, 9.3125], "texture": "#0"}
			}
		},
		{
			"from": [6.8, 18.4, 8.2],
			"to": [8, 18.7, 10.9],
			"rotation": {"angle": 0, "axis": "y", "origin": [6.9, 18.5, 9.1]},
			"faces": {
				"north": {"uv": [9.125, 0, 9.25, 0.03125], "texture": "#0"},
				"east": {"uv": [8.5, 6.375, 8.8125, 6.40625], "texture": "#0"},
				"south": {"uv": [9.125, 0.75, 9.25, 0.78125], "texture": "#0"},
				"west": {"uv": [8.5, 7, 8.8125, 7.03125], "texture": "#0"},
				"up": {"uv": [3.625, 2.4375, 3.5, 2.125], "texture": "#0"},
				"down": {"uv": [2.5, 3.5, 2.375, 3.8125], "texture": "#0"}
			}
		},
		{
			"from": [6.9, 18.4, 10.9],
			"to": [7.9, 18.7, 11.1],
			"rotation": {"angle": 0, "axis": "y", "origin": [6.9, 18.5, 9.1]},
			"faces": {
				"north": {"uv": [2.125, 9.125, 2.21875, 9.15625], "texture": "#0"},
				"east": {"uv": [7.625, 9.125, 7.625, 9.15625], "texture": "#0"},
				"south": {"uv": [2.375, 9.125, 2.46875, 9.15625], "texture": "#0"},
				"west": {"uv": [7.75, 9.125, 7.75, 9.15625], "texture": "#0"},
				"up": {"uv": [1.59375, 3.25, 1.5, 3.25], "texture": "#0"},
				"down": {"uv": [3.34375, 2.125, 3.25, 2.125], "texture": "#0"}
			}
		},
		{
			"from": [6.6, 18.4, 8.2],
			"to": [6.8, 18.7, 9.9],
			"rotation": {"angle": 0, "axis": "y", "origin": [7.7, 18.5, 9.1]},
			"faces": {
				"north": {"uv": [9.125, 7.75, 9.125, 7.78125], "texture": "#0"},
				"east": {"uv": [8.5, 9, 8.6875, 9.03125], "texture": "#0"},
				"south": {"uv": [7.875, 9.125, 7.875, 9.15625], "texture": "#0"},
				"west": {"uv": [9, 8.5, 9.1875, 8.53125], "texture": "#0"},
				"up": {"uv": [8, 9.3125, 8, 9.125], "texture": "#0"},
				"down": {"uv": [8.125, 9.125, 8.125, 9.3125], "texture": "#0"}
			}
		},
		{
			"from": [6.9, 18.9, 6],
			"to": [7.9, 19.4, 7],
			"rotation": {"angle": -22.5, "axis": "x", "origin": [6.9, 18.5, 9.1]},
			"faces": {
				"north": {"uv": [3.25, 9, 3.375, 9.0625], "texture": "#0"},
				"east": {"uv": [9, 3.25, 9.125, 3.3125], "texture": "#0"},
				"south": {"uv": [9, 3.5, 9.125, 3.5625], "texture": "#0"},
				"west": {"uv": [3.75, 9, 3.875, 9.0625], "texture": "#0"},
				"up": {"uv": [3.625, 8.5, 3.5, 8.375], "texture": "#0"},
				"down": {"uv": [8.5, 4.25, 8.375, 4.375], "texture": "#0"}
			}
		}
	],
	"display": {
		"head": {
			"translation": [1, -27.25, -0.5],
			"scale": [2, 2, 2]
		}
	},
	"groups": [
		{
			"name": "Horus",
			"origin": [8, 8, 8],
			"color": 0,
			"children": [
				{
					"name": "Legs",
					"origin": [8, 8, 8],
					"color": 0,
					"children": [
						{
							"name": "Feet",
							"origin": [8, 8, 8],
							"color": 0,
							"children": [0, 1, 2, 3, 4, 5, 6, 7, 8, 9, 10]
						},
						{
							"name": "Feet",
							"origin": [8, 8, 8],
							"color": 0,
							"children": [11, 12, 13, 14, 15, 16, 17, 18, 19, 20, 21]
						},
						{
							"name": "Feet",
							"origin": [8, 8, 8],
							"color": 0,
							"children": [22, 23, 24, 25]
						},
						{
							"name": "Bacia",
							"origin": [8, 8, 8],
							"color": 0,
							"children": [26, 27, 28, 29, 30, 31, 32, 33, 34, 35, 36, 37, 38, 39, 40, 41, 42, 43]
						}
					]
				},
				{
					"name": "body",
					"origin": [8, 8, 8],
					"color": 0,
					"children": [44, 45, 46, 47, 48, 49, 50, 51, 52, 53, 54, 55, 56, 57, 58, 59, 60, 61, 62, 63, 64, 65, 66, 67, 68, 69, 70, 71, 72, 73, 74, 75, 76, 77]
				},
				{
					"name": "Arms",
					"origin": [8, 8, 8],
					"color": 0,
					"children": [78, 79, 80, 81, 82, 83, 84, 85, 86, 87, 88]
				},
				{
					"name": "Arm 2",
					"origin": [2, 14.9, 8],
					"color": 0,
					"children": [89, 90, 91, 92, 93, 94, 95, 96, 97, 98, 99]
				},
				{
					"name": "Arm 3",
					"origin": [2, 14.9, 8],
					"color": 0,
					"children": [100, 101, 102, 103, 104, 105, 106, 107, 108, 109, 110]
				},
				{
					"name": "Arm 4",
					"origin": [8, 8, 8],
					"color": 0,
					"children": [111, 112, 113, 114, 115, 116, 117, 118, 119, 120, 121]
				},
				{
					"name": "Arm 5",
					"origin": [8, 8, 8],
					"color": 0,
					"children": [
						122,
						123,
						124,
						125,
						126,
						{
							"name": "group",
							"origin": [13, 13.3, 4.7],
							"color": 0,
							"children": [127, 128, 129, 130, 131, 132]
						}
					]
				},
				{
					"name": "Arm 6",
					"origin": [2, 14.9, 8],
					"color": 0,
					"children": [
						133,
						134,
						135,
						136,
						137,
						{
							"name": "group",
							"origin": [12.15, 14.43226, 4.4892],
							"color": 0,
							"children": [138, 139, 140, 141, 142, 143]
						}
					]
				},
				{
					"name": "Head",
					"origin": [8, 8, 8],
					"color": 0,
					"children": [144, 145, 146, 147, 148, 149, 150, 151, 152, 153, 154, 155, 156, 157, 158, 159, 160, 161, 162, 163, 164, 165, 166, 167, 168, 169, 170, 171, 172, 173, 174]
				}
			]
		}
	]
}