{
	"credit": "Made with Blockbench",
	"texture_size": [64, 64],
	"textures": {
		"0": "nw:stand/skins/justice",
		"particle": "nw:stand/skins/justice"
	},
	"elements": [
		{
			"from": [5.5, 6, 7.5],
			"to": [10.5, 10, 12.5],
			"faces": {
				"north": {"uv": [3.25, 1.5, 4.5, 2.5], "texture": "#0"},
				"east": {"uv": [3.25, 2.75, 4.5, 3.75], "texture": "#0"},
				"south": {"uv": [0, 3.5, 1.25, 4.5], "texture": "#0"},
				"west": {"uv": [3.25, 4, 4.5, 5], "texture": "#0"},
				"up": {"uv": [3, 1.25, 1.75, 0], "texture": "#0"},
				"down": {"uv": [3, 1.5, 1.75, 2.75], "texture": "#0"}
			}
		},
		{
			"from": [5.8, 5, 7.5],
			"to": [10.3, 6, 11],
			"faces": {
				"north": {"uv": [2.5, 6.75, 3.625, 7], "texture": "#0"},
				"east": {"uv": [1.75, 8.5, 2.625, 8.75], "texture": "#0"},
				"south": {"uv": [6.75, 5, 7.875, 5.25], "texture": "#0"},
				"west": {"uv": [8.5, 1.75, 9.375, 2], "texture": "#0"},
				"up": {"uv": [5.875, 3.375, 4.75, 2.5], "texture": "#0"},
				"down": {"uv": [5.875, 3.75, 4.75, 4.625], "texture": "#0"}
			}
		},
		{
			"from": [5.6, 4.5, 11.6],
			"to": [6.4, 6.3, 12.4],
			"rotation": {"angle": -22.5, "axis": "x", "origin": [7, 6, 12]},
			"faces": {
				"north": {"uv": [1, 6, 1.25, 6.5], "texture": "#0"},
				"east": {"uv": [8.5, 4.25, 8.75, 4.75], "texture": "#0"},
				"south": {"uv": [9, 3.25, 9.25, 3.75], "texture": "#0"},
				"west": {"uv": [9, 4, 9.25, 4.5], "texture": "#0"},
				"up": {"uv": [2.75, 6, 2.5, 5.75], "texture": "#0"},
				"down": {"uv": [11, 7, 10.75, 7.25], "texture": "#0"}
			}
		},
		{
			"from": [9.6, 4.5, 11.6],
			"to": [10.4, 6.3, 12.4],
			"rotation": {"angle": -22.5, "axis": "x", "origin": [7, 6, 12]},
			"faces": {
				"north": {"uv": [7, 9, 7.25, 9.5], "texture": "#0"},
				"east": {"uv": [7.5, 9, 7.75, 9.5], "texture": "#0"},
				"south": {"uv": [0, 9.25, 0.25, 9.75], "texture": "#0"},
				"west": {"uv": [9.25, 0, 9.5, 0.5], "texture": "#0"},
				"up": {"uv": [11, 7.75, 10.75, 7.5], "texture": "#0"},
				"down": {"uv": [8.25, 10.75, 8, 11], "texture": "#0"}
			}
		},
		{
			"from": [9.5, 3.5, 8.5],
			"to": [10.5, 4.5, 12.5],
			"rotation": {"angle": -22.5, "axis": "x", "origin": [7, 6, 12]},
			"faces": {
				"north": {"uv": [10.75, 10.5, 11, 10.75], "texture": "#0"},
				"east": {"uv": [6.75, 5.5, 7.75, 5.75], "texture": "#0"},
				"south": {"uv": [11, 0, 11.25, 0.25], "texture": "#0"},
				"west": {"uv": [4, 7, 5, 7.25], "texture": "#0"},
				"up": {"uv": [0.25, 8, 0, 7], "texture": "#0"},
				"down": {"uv": [0.75, 7, 0.5, 8], "texture": "#0"}
			}
		},
		{
			"from": [5.5, 3.5, 8.5],
			"to": [6.5, 4.5, 12.5],
			"rotation": {"angle": -22.5, "axis": "x", "origin": [7, 6, 12]},
			"faces": {
				"north": {"uv": [11, 1.5, 11.25, 1.75], "texture": "#0"},
				"east": {"uv": [5.25, 7, 6.25, 7.25], "texture": "#0"},
				"south": {"uv": [1.75, 11, 2, 11.25], "texture": "#0"},
				"west": {"uv": [7, 6, 8, 6.25], "texture": "#0"},
				"up": {"uv": [6.75, 8, 6.5, 7], "texture": "#0"},
				"down": {"uv": [7.25, 6.5, 7, 7.5], "texture": "#0"}
			}
		},
		{
			"from": [5.5, 3.5, 7.5],
			"to": [10.5, 4.5, 8.5],
			"rotation": {"angle": -22.5, "axis": "x", "origin": [7, 6, 12]},
			"faces": {
				"north": {"uv": [2.5, 6.25, 3.75, 6.5], "texture": "#0"},
				"east": {"uv": [2.25, 11, 2.5, 11.25], "texture": "#0"},
				"south": {"uv": [6.25, 4, 7.5, 4.25], "texture": "#0"},
				"west": {"uv": [3.25, 11, 3.5, 11.25], "texture": "#0"},
				"up": {"uv": [7.5, 4.75, 6.25, 4.5], "texture": "#0"},
				"down": {"uv": [2.25, 6.75, 1, 7], "texture": "#0"}
			}
		},
		{
			"from": [9.3, 4.5, 7.5],
			"to": [10.3, 5, 8],
			"rotation": {"angle": 0, "axis": "y", "origin": [-0.5, 0.5, 0]},
			"faces": {
				"north": {"uv": [12.25, 3.5, 12.5, 3.625], "texture": "#0"},
				"east": {"uv": [12.5, 9.75, 12.625, 9.875], "texture": "#0"},
				"south": {"uv": [4, 12.25, 4.25, 12.375], "texture": "#0"},
				"west": {"uv": [11.75, 12.5, 11.875, 12.625], "texture": "#0"},
				"up": {"uv": [12.5, 4.125, 12.25, 4], "texture": "#0"},
				"down": {"uv": [12.5, 4.5, 12.25, 4.625], "texture": "#0"}
			}
		},
		{
			"from": [5.8, 4.5, 7.5],
			"to": [6.8, 5, 8],
			"rotation": {"angle": 0, "axis": "y", "origin": [0, 0.5, 0]},
			"faces": {
				"north": {"uv": [12.25, 5.5, 12.5, 5.625], "texture": "#0"},
				"east": {"uv": [12.25, 12.5, 12.375, 12.625], "texture": "#0"},
				"south": {"uv": [12.25, 6, 12.5, 6.125], "texture": "#0"},
				"west": {"uv": [2.5, 12.75, 2.625, 12.875], "texture": "#0"},
				"up": {"uv": [12.5, 6.625, 12.25, 6.5], "texture": "#0"},
				"down": {"uv": [7, 12.25, 6.75, 12.375], "texture": "#0"}
			}
		},
		{
			"from": [7, 4.5, 7.5],
			"to": [7.5, 5, 8],
			"rotation": {"angle": 0, "axis": "y", "origin": [0, 0.5, 0]},
			"faces": {
				"north": {"uv": [12.75, 3, 12.875, 3.125], "texture": "#0"},
				"east": {"uv": [3.5, 12.75, 3.625, 12.875], "texture": "#0"},
				"south": {"uv": [12.75, 3.5, 12.875, 3.625], "texture": "#0"},
				"west": {"uv": [4, 12.75, 4.125, 12.875], "texture": "#0"},
				"up": {"uv": [12.875, 4.125, 12.75, 4], "texture": "#0"},
				"down": {"uv": [12.875, 4.5, 12.75, 4.625], "texture": "#0"}
			}
		},
		{
			"from": [8.6, 4.5, 7.5],
			"to": [9.1, 5, 8],
			"rotation": {"angle": 0, "axis": "y", "origin": [0, 0.5, 0]},
			"faces": {
				"north": {"uv": [12.75, 5.5, 12.875, 5.625], "texture": "#0"},
				"east": {"uv": [12.75, 6, 12.875, 6.125], "texture": "#0"},
				"south": {"uv": [6.5, 12.75, 6.625, 12.875], "texture": "#0"},
				"west": {"uv": [12.75, 6.5, 12.875, 6.625], "texture": "#0"},
				"up": {"uv": [12.875, 7.125, 12.75, 7], "texture": "#0"},
				"down": {"uv": [7.875, 12.75, 7.75, 12.875], "texture": "#0"}
			}
		},
		{
			"from": [7.8, 4.5, 7.5],
			"to": [8.3, 5, 8],
			"rotation": {"angle": 0, "axis": "y", "origin": [0, 0.5, 0]},
			"faces": {
				"north": {"uv": [8.25, 12.75, 8.375, 12.875], "texture": "#0"},
				"east": {"uv": [8.75, 12.75, 8.875, 12.875], "texture": "#0"},
				"south": {"uv": [9.25, 12.75, 9.375, 12.875], "texture": "#0"},
				"west": {"uv": [9.75, 12.75, 9.875, 12.875], "texture": "#0"},
				"up": {"uv": [10.375, 12.875, 10.25, 12.75], "texture": "#0"},
				"down": {"uv": [12.875, 10.25, 12.75, 10.375], "texture": "#0"}
			}
		},
		{
			"from": [9.5, 4.5, 7.5],
			"to": [10.5, 5, 8],
			"rotation": {"angle": -22.5, "axis": "x", "origin": [7, 6, 12]},
			"faces": {
				"north": {"uv": [12.25, 7, 12.5, 7.125], "texture": "#0"},
				"east": {"uv": [10.75, 12.75, 10.875, 12.875], "texture": "#0"},
				"south": {"uv": [7.75, 12.25, 8, 12.375], "texture": "#0"},
				"west": {"uv": [12.75, 12.25, 12.875, 12.375], "texture": "#0"},
				"up": {"uv": [8.5, 12.375, 8.25, 12.25], "texture": "#0"},
				"down": {"uv": [9, 12.25, 8.75, 12.375], "texture": "#0"}
			}
		},
		{
			"from": [5.5, 4.5, 7.5],
			"to": [6.5, 5, 8],
			"rotation": {"angle": -22.5, "axis": "x", "origin": [7, 6, 12]},
			"faces": {
				"north": {"uv": [9.25, 12.25, 9.5, 12.375], "texture": "#0"},
				"east": {"uv": [12.75, 12.75, 12.875, 12.875], "texture": "#0"},
				"south": {"uv": [9.75, 12.25, 10, 12.375], "texture": "#0"},
				"west": {"uv": [0, 13, 0.125, 13.125], "texture": "#0"},
				"up": {"uv": [10.5, 12.375, 10.25, 12.25], "texture": "#0"},
				"down": {"uv": [12.5, 10.25, 12.25, 10.375], "texture": "#0"}
			}
		},
		{
			"from": [6.8, 4.5, 7.5],
			"to": [7.3, 5, 8],
			"rotation": {"angle": -22.5, "axis": "x", "origin": [7, 6, 12]},
			"faces": {
				"north": {"uv": [13, 0, 13.125, 0.125], "texture": "#0"},
				"east": {"uv": [0.5, 13, 0.625, 13.125], "texture": "#0"},
				"south": {"uv": [1, 13, 1.125, 13.125], "texture": "#0"},
				"west": {"uv": [1.5, 13, 1.625, 13.125], "texture": "#0"},
				"up": {"uv": [2.125, 13.125, 2, 13], "texture": "#0"},
				"down": {"uv": [13.125, 7.5, 13, 7.625], "texture": "#0"}
			}
		},
		{
			"from": [8.7, 4.5, 7.5],
			"to": [9.2, 5, 8],
			"rotation": {"angle": -22.5, "axis": "x", "origin": [7, 6, 12]},
			"faces": {
				"north": {"uv": [13, 8, 13.125, 8.125], "texture": "#0"},
				"east": {"uv": [13, 8.5, 13.125, 8.625], "texture": "#0"},
				"south": {"uv": [13, 9, 13.125, 9.125], "texture": "#0"},
				"west": {"uv": [13, 9.5, 13.125, 9.625], "texture": "#0"},
				"up": {"uv": [13.125, 10.875, 13, 10.75], "texture": "#0"},
				"down": {"uv": [13.125, 11.25, 13, 11.375], "texture": "#0"}
			}
		},
		{
			"from": [7.7, 4.5, 7.5],
			"to": [8.2, 5, 8],
			"rotation": {"angle": -22.5, "axis": "x", "origin": [7, 6, 12]},
			"faces": {
				"north": {"uv": [11.75, 13, 11.875, 13.125], "texture": "#0"},
				"east": {"uv": [13, 11.75, 13.125, 11.875], "texture": "#0"},
				"south": {"uv": [12.25, 13, 12.375, 13.125], "texture": "#0"},
				"west": {"uv": [13.25, 0.5, 13.375, 0.625], "texture": "#0"},
				"up": {"uv": [13.375, 1.125, 13.25, 1], "texture": "#0"},
				"down": {"uv": [13.375, 1.5, 13.25, 1.625], "texture": "#0"}
			}
		},
		{
			"from": [5.3, 10, 7.3],
			"to": [10.7, 11, 12.7],
			"faces": {
				"north": {"uv": [6.25, 0, 7.625, 0.25], "texture": "#0"},
				"east": {"uv": [6.25, 0.5, 7.625, 0.75], "texture": "#0"},
				"south": {"uv": [6.25, 1, 7.625, 1.25], "texture": "#0"},
				"west": {"uv": [6.25, 1.5, 7.625, 1.75], "texture": "#0"},
				"up": {"uv": [1.375, 1.375, 0, 0], "texture": "#0"},
				"down": {"uv": [1.375, 1.75, 0, 3.125], "texture": "#0"}
			}
		},
		{
			"from": [9, 11, 7.3],
			"to": [10, 15, 7.5],
			"faces": {
				"north": {"uv": [1, 7.25, 1.25, 8.25], "texture": "#0"},
				"east": {"uv": [3.75, 11, 3.8125, 12], "texture": "#0"},
				"south": {"uv": [1.5, 7.25, 1.75, 8.25], "texture": "#0"},
				"west": {"uv": [4.25, 11, 4.3125, 12], "texture": "#0"},
				"up": {"uv": [13.5, 2.0625, 13.25, 2], "texture": "#0"},
				"down": {"uv": [2.75, 13.25, 2.5, 13.3125], "texture": "#0"}
			}
		},
		{
			"from": [6, 11, 7.3],
			"to": [7, 15, 7.5],
			"faces": {
				"north": {"uv": [2, 7.25, 2.25, 8.25], "texture": "#0"},
				"east": {"uv": [11, 8, 11.0625, 9], "texture": "#0"},
				"south": {"uv": [2.5, 7.25, 2.75, 8.25], "texture": "#0"},
				"west": {"uv": [8.5, 11, 8.5625, 12], "texture": "#0"},
				"up": {"uv": [13.5, 2.5625, 13.25, 2.5], "texture": "#0"},
				"down": {"uv": [3.25, 13.25, 3, 13.3125], "texture": "#0"}
			}
		},
		{
			"from": [6, 11, 12.5],
			"to": [7, 15, 12.7],
			"faces": {
				"north": {"uv": [3, 7.25, 3.25, 8.25], "texture": "#0"},
				"east": {"uv": [9, 11, 9.0625, 12], "texture": "#0"},
				"south": {"uv": [3.5, 7.25, 3.75, 8.25], "texture": "#0"},
				"west": {"uv": [11, 9.25, 11.0625, 10.25], "texture": "#0"},
				"up": {"uv": [13.5, 3.0625, 13.25, 3], "texture": "#0"},
				"down": {"uv": [3.75, 13.25, 3.5, 13.3125], "texture": "#0"}
			}
		},
		{
			"from": [9, 11, 12.5],
			"to": [10, 15, 12.7],
			"faces": {
				"north": {"uv": [4, 7.5, 4.25, 8.5], "texture": "#0"},
				"east": {"uv": [9.5, 11, 9.5625, 12], "texture": "#0"},
				"south": {"uv": [4.5, 7.5, 4.75, 8.5], "texture": "#0"},
				"west": {"uv": [10, 11, 10.0625, 12], "texture": "#0"},
				"up": {"uv": [13.5, 3.5625, 13.25, 3.5], "texture": "#0"},
				"down": {"uv": [4.25, 13.25, 4, 13.3125], "texture": "#0"}
			}
		},
		{
			"from": [10.5, 11, 11],
			"to": [10.7, 15, 12],
			"rotation": {"angle": 0, "axis": "y", "origin": [10, 15, 12]},
			"faces": {
				"north": {"uv": [10.5, 11, 10.5625, 12], "texture": "#0"},
				"east": {"uv": [5, 7.5, 5.25, 8.5], "texture": "#0"},
				"south": {"uv": [11, 11, 11.0625, 12], "texture": "#0"},
				"west": {"uv": [5.5, 7.5, 5.75, 8.5], "texture": "#0"},
				"up": {"uv": [13.3125, 4.25, 13.25, 4], "texture": "#0"},
				"down": {"uv": [4.5625, 13.25, 4.5, 13.5], "texture": "#0"}
			}
		},
		{
			"from": [10.5, 11, 8],
			"to": [10.7, 15, 9],
			"rotation": {"angle": 0, "axis": "y", "origin": [10, 15, 12]},
			"faces": {
				"north": {"uv": [0, 11.25, 0.0625, 12.25], "texture": "#0"},
				"east": {"uv": [6, 7.5, 6.25, 8.5], "texture": "#0"},
				"south": {"uv": [0.5, 11.25, 0.5625, 12.25], "texture": "#0"},
				"west": {"uv": [7.5, 6.5, 7.75, 7.5], "texture": "#0"},
				"up": {"uv": [13.3125, 4.75, 13.25, 4.5], "texture": "#0"},
				"down": {"uv": [5.0625, 13.25, 5, 13.5], "texture": "#0"}
			}
		},
		{
			"from": [5.3, 11, 8],
			"to": [5.5, 15, 9],
			"rotation": {"angle": 0, "axis": "y", "origin": [10, 15, 12]},
			"faces": {
				"north": {"uv": [4.75, 11.25, 4.8125, 12.25], "texture": "#0"},
				"east": {"uv": [8, 0, 8.25, 1], "texture": "#0"},
				"south": {"uv": [5.25, 11.25, 5.3125, 12.25], "texture": "#0"},
				"west": {"uv": [8, 1.25, 8.25, 2.25], "texture": "#0"},
				"up": {"uv": [13.3125, 5.75, 13.25, 5.5], "texture": "#0"},
				"down": {"uv": [6.0625, 13.25, 6, 13.5], "texture": "#0"}
			}
		},
		{
			"from": [5.3, 11, 11],
			"to": [5.5, 15, 12],
			"rotation": {"angle": 0, "axis": "y", "origin": [10, 15, 12]},
			"faces": {
				"north": {"uv": [5.75, 11.25, 5.8125, 12.25], "texture": "#0"},
				"east": {"uv": [8, 2.5, 8.25, 3.5], "texture": "#0"},
				"south": {"uv": [6.25, 11.25, 6.3125, 12.25], "texture": "#0"},
				"west": {"uv": [8, 3.75, 8.25, 4.75], "texture": "#0"},
				"up": {"uv": [13.3125, 6.25, 13.25, 6], "texture": "#0"},
				"down": {"uv": [6.5625, 13.25, 6.5, 13.5], "texture": "#0"}
			}
		},
		{
			"from": [5.5, 11, 7.5],
			"to": [10.5, 15, 12.5],
			"faces": {
				"north": {"uv": [1.5, 4.5, 2.75, 5.5], "texture": "#0"},
				"east": {"uv": [0, 4.75, 1.25, 5.75], "texture": "#0"},
				"south": {"uv": [4.75, 0, 6, 1], "texture": "#0"},
				"west": {"uv": [4.75, 1.25, 6, 2.25], "texture": "#0"},
				"up": {"uv": [3, 4.25, 1.75, 3], "texture": "#0"},
				"down": {"uv": [4.5, 0, 3.25, 1.25], "texture": "#0"}
			}
		},
		{
			"from": [5.3, 15, 8],
			"to": [10.7, 15.2, 9],
			"rotation": {"angle": 0, "axis": "y", "origin": [10.3, 14.5, 12]},
			"faces": {
				"north": {"uv": [9, 10.5, 10.375, 10.5625], "texture": "#0"},
				"east": {"uv": [13.25, 6.5, 13.5, 6.5625], "texture": "#0"},
				"south": {"uv": [0, 10.75, 1.375, 10.8125], "texture": "#0"},
				"west": {"uv": [7, 13.25, 7.25, 13.3125], "texture": "#0"},
				"up": {"uv": [7.625, 2.25, 6.25, 2], "texture": "#0"},
				"down": {"uv": [7.625, 2.5, 6.25, 2.75], "texture": "#0"}
			}
		},
		{
			"from": [5.3, 15, 11],
			"to": [10.7, 15.2, 12],
			"rotation": {"angle": 0, "axis": "y", "origin": [10.3, 14.5, 12]},
			"faces": {
				"north": {"uv": [10.75, 2, 12.125, 2.0625], "texture": "#0"},
				"east": {"uv": [13.25, 7, 13.5, 7.0625], "texture": "#0"},
				"south": {"uv": [10.75, 2.5, 12.125, 2.5625], "texture": "#0"},
				"west": {"uv": [7.5, 13.25, 7.75, 13.3125], "texture": "#0"},
				"up": {"uv": [7.625, 3.25, 6.25, 3], "texture": "#0"},
				"down": {"uv": [7.625, 3.5, 6.25, 3.75], "texture": "#0"}
			}
		},
		{
			"from": [7, 15, 9],
			"to": [9, 15.5, 11],
			"rotation": {"angle": 0, "axis": "y", "origin": [10.3, 14.5, 12]},
			"faces": {
				"north": {"uv": [11.25, 0.5, 11.75, 0.625], "texture": "#0"},
				"east": {"uv": [11.25, 1, 11.75, 1.125], "texture": "#0"},
				"south": {"uv": [11.25, 5.25, 11.75, 5.375], "texture": "#0"},
				"west": {"uv": [6.75, 11.25, 7.25, 11.375], "texture": "#0"},
				"up": {"uv": [4.5, 5.75, 4, 5.25], "texture": "#0"},
				"down": {"uv": [8.5, 6.5, 8, 7], "texture": "#0"}
			}
		},
		{
			"from": [7.5, 15.5, 9.5],
			"to": [8.5, 16, 10.5],
			"rotation": {"angle": 0, "axis": "y", "origin": [10.3, 14.5, 12]},
			"faces": {
				"north": {"uv": [10.75, 12.25, 11, 12.375], "texture": "#0"},
				"east": {"uv": [0, 12.5, 0.25, 12.625], "texture": "#0"},
				"south": {"uv": [12.5, 0, 12.75, 0.125], "texture": "#0"},
				"west": {"uv": [0.5, 12.5, 0.75, 12.625], "texture": "#0"},
				"up": {"uv": [11.5, 7.25, 11.25, 7], "texture": "#0"},
				"down": {"uv": [11.5, 7.5, 11.25, 7.75], "texture": "#0"}
			}
		},
		{
			"from": [7.7, 16.9, 9.7],
			"to": [8.3, 17.5, 10.3],
			"rotation": {"angle": 0, "axis": "y", "origin": [10.3, 14.5, 12]},
			"faces": {
				"north": {"uv": [8, 11.25, 8.25, 11.5], "texture": "#0"},
				"east": {"uv": [11.25, 10.5, 11.5, 10.75], "texture": "#0"},
				"south": {"uv": [11.5, 0, 11.75, 0.25], "texture": "#0"},
				"west": {"uv": [1.5, 11.5, 1.75, 11.75], "texture": "#0"},
				"up": {"uv": [11.75, 1.75, 11.5, 1.5], "texture": "#0"},
				"down": {"uv": [2.25, 11.5, 2, 11.75], "texture": "#0"}
			}
		},
		{
			"from": [7.8, 16, 9.8],
			"to": [8.2, 16.9, 10.2],
			"rotation": {"angle": 0, "axis": "y", "origin": [10.3, 14.5, 12]},
			"faces": {
				"north": {"uv": [0.5, 10, 0.75, 10.375], "texture": "#0"},
				"east": {"uv": [10, 0.75, 10.25, 1.125], "texture": "#0"},
				"south": {"uv": [1, 10, 1.25, 10.375], "texture": "#0"},
				"west": {"uv": [1.5, 10, 1.75, 10.375], "texture": "#0"},
				"up": {"uv": [3.5, 11.75, 3.25, 11.5], "texture": "#0"},
				"down": {"uv": [7.75, 11.5, 7.5, 11.75], "texture": "#0"}
			}
		},
		{
			"from": [9, 15, 12],
			"to": [10, 15.2, 12.7],
			"rotation": {"angle": 0, "axis": "y", "origin": [10, 14.5, 7.4]},
			"faces": {
				"north": {"uv": [8, 13.25, 8.25, 13.3125], "texture": "#0"},
				"east": {"uv": [0, 13.5, 0.1875, 13.5625], "texture": "#0"},
				"south": {"uv": [8.5, 13.25, 8.75, 13.3125], "texture": "#0"},
				"west": {"uv": [13.5, 0, 13.6875, 0.0625], "texture": "#0"},
				"up": {"uv": [12.25, 9.9375, 12, 9.75], "texture": "#0"},
				"down": {"uv": [12.25, 11, 12, 11.1875], "texture": "#0"}
			}
		},
		{
			"from": [6, 15, 12],
			"to": [7, 15.2, 12.7],
			"rotation": {"angle": 0, "axis": "y", "origin": [10, 14.5, 7.4]},
			"faces": {
				"north": {"uv": [9, 13.25, 9.25, 13.3125], "texture": "#0"},
				"east": {"uv": [0.5, 13.5, 0.6875, 13.5625], "texture": "#0"},
				"south": {"uv": [9.5, 13.25, 9.75, 13.3125], "texture": "#0"},
				"west": {"uv": [1, 13.5, 1.1875, 13.5625], "texture": "#0"},
				"up": {"uv": [11.75, 12.1875, 11.5, 12], "texture": "#0"},
				"down": {"uv": [12.25, 11.5, 12, 11.6875], "texture": "#0"}
			}
		},
		{
			"from": [9, 15, 9],
			"to": [10, 15.2, 11],
			"rotation": {"angle": 0, "axis": "y", "origin": [10, 14.5, 7.4]},
			"faces": {
				"north": {"uv": [10, 13.25, 10.25, 13.3125], "texture": "#0"},
				"east": {"uv": [12.5, 0.5, 13, 0.5625], "texture": "#0"},
				"south": {"uv": [13.25, 10, 13.5, 10.0625], "texture": "#0"},
				"west": {"uv": [1, 12.5, 1.5, 12.5625], "texture": "#0"},
				"up": {"uv": [0.75, 9.75, 0.5, 9.25], "texture": "#0"},
				"down": {"uv": [1.25, 9.25, 1, 9.75], "texture": "#0"}
			}
		},
		{
			"from": [6, 15, 9],
			"to": [7, 15.2, 11],
			"rotation": {"angle": 0, "axis": "y", "origin": [10, 14.5, 7.4]},
			"faces": {
				"north": {"uv": [10.5, 13.25, 10.75, 13.3125], "texture": "#0"},
				"east": {"uv": [12.5, 1, 13, 1.0625], "texture": "#0"},
				"south": {"uv": [11, 13.25, 11.25, 13.3125], "texture": "#0"},
				"west": {"uv": [12.5, 1.5, 13, 1.5625], "texture": "#0"},
				"up": {"uv": [9.5, 5.25, 9.25, 4.75], "texture": "#0"},
				"down": {"uv": [9.5, 5.5, 9.25, 6], "texture": "#0"}
			}
		},
		{
			"from": [9, 15, 7.3],
			"to": [10, 15.2, 8],
			"rotation": {"angle": 0, "axis": "y", "origin": [10, 14.5, 7.7]},
			"faces": {
				"north": {"uv": [13.25, 12.25, 13.5, 12.3125], "texture": "#0"},
				"east": {"uv": [1.5, 13.5, 1.6875, 13.5625], "texture": "#0"},
				"south": {"uv": [12.75, 13.25, 13, 13.3125], "texture": "#0"},
				"west": {"uv": [2, 13.5, 2.1875, 13.5625], "texture": "#0"},
				"up": {"uv": [12.25, 12.1875, 12, 12], "texture": "#0"},
				"down": {"uv": [2.75, 12.25, 2.5, 12.4375], "texture": "#0"}
			}
		},
		{
			"from": [6, 15, 7.3],
			"to": [7, 15.2, 8],
			"rotation": {"angle": 0, "axis": "y", "origin": [10, 14.5, 7.7]},
			"faces": {
				"north": {"uv": [13.25, 12.75, 13.5, 12.8125], "texture": "#0"},
				"east": {"uv": [13.5, 7.5, 13.6875, 7.5625], "texture": "#0"},
				"south": {"uv": [13.25, 13.25, 13.5, 13.3125], "texture": "#0"},
				"west": {"uv": [13.5, 8, 13.6875, 8.0625], "texture": "#0"},
				"up": {"uv": [12.5, 3.1875, 12.25, 3], "texture": "#0"},
				"down": {"uv": [3.75, 12.25, 3.5, 12.4375], "texture": "#0"}
			}
		},
		{
			"from": [14, 0, 4.3],
			"to": [17, 3, 5.5],
			"rotation": {"angle": 0, "axis": "y", "origin": [2, 0, 0.3]},
			"faces": {
				"north": {"uv": [4.75, 5, 5.5, 5.75], "texture": "#0"},
				"east": {"uv": [8, 7.25, 8.3125, 8], "texture": "#0"},
				"south": {"uv": [3, 5.25, 3.75, 6], "texture": "#0"},
				"west": {"uv": [0, 8.25, 0.3125, 9], "texture": "#0"},
				"up": {"uv": [9, 5.3125, 8.25, 5], "texture": "#0"},
				"down": {"uv": [9, 5.75, 8.25, 6.0625], "texture": "#0"}
			}
		},
		{
			"from": [12.5, 0, 4.3],
			"to": [14, 1, 5.3],
			"rotation": {"angle": -22.5, "axis": "y", "origin": [14, 0, 5.3]},
			"faces": {
				"north": {"uv": [2, 10, 2.375, 10.25], "texture": "#0"},
				"east": {"uv": [11.5, 8, 11.75, 8.25], "texture": "#0"},
				"south": {"uv": [10, 2.25, 10.375, 2.5], "texture": "#0"},
				"west": {"uv": [11.5, 8.5, 11.75, 8.75], "texture": "#0"},
				"up": {"uv": [10.375, 3, 10, 2.75], "texture": "#0"},
				"down": {"uv": [10.375, 3.25, 10, 3.5], "texture": "#0"}
			}
		},
		{
			"from": [10.55, 0, 3.85],
			"to": [12.05, 1, 4.85],
			"rotation": {"angle": -45, "axis": "y", "origin": [12.46194, 0, 5.49134]},
			"faces": {
				"north": {"uv": [10, 3.75, 10.375, 4], "texture": "#0"},
				"east": {"uv": [11.5, 9, 11.75, 9.25], "texture": "#0"},
				"south": {"uv": [6.25, 10, 6.625, 10.25], "texture": "#0"},
				"west": {"uv": [11.5, 9.5, 11.75, 9.75], "texture": "#0"},
				"up": {"uv": [9.375, 10.25, 9, 10], "texture": "#0"},
				"down": {"uv": [10.625, 0, 10.25, 0.25], "texture": "#0"}
			}
		},
		{
			"from": [9.55, 0.1, 4.85],
			"to": [11.55, 0.9, 4.95],
			"rotation": {"angle": -45, "axis": "y", "origin": [12.46194, 0, 5.49134]},
			"faces": {
				"north": {"uv": [10.25, 1.5, 10.75, 1.6875], "texture": "#0"},
				"east": {"uv": [13.5, 8.5, 13.5625, 8.6875], "texture": "#0"},
				"south": {"uv": [2.75, 10.25, 3.25, 10.4375], "texture": "#0"},
				"west": {"uv": [13.5, 9, 13.5625, 9.1875], "texture": "#0"},
				"up": {"uv": [2.25, 12.5625, 1.75, 12.5], "texture": "#0"},
				"down": {"uv": [13, 2, 12.5, 2.0625], "texture": "#0"}
			}
		},
		{
			"from": [16.2, 3, 4.7],
			"to": [17, 4.8, 5.5],
			"rotation": {"angle": 0, "axis": "y", "origin": [2.1, -0.1, 0.6]},
			"faces": {
				"north": {"uv": [9.25, 6.25, 9.5, 6.75], "texture": "#0"},
				"east": {"uv": [6.5, 9.25, 6.75, 9.75], "texture": "#0"},
				"south": {"uv": [9.25, 7, 9.5, 7.5], "texture": "#0"},
				"west": {"uv": [9.25, 7.75, 9.5, 8.25], "texture": "#0"},
				"up": {"uv": [11.75, 10.25, 11.5, 10], "texture": "#0"},
				"down": {"uv": [11.75, 11, 11.5, 11.25], "texture": "#0"}
			}
		},
		{
			"from": [16.2, 4.8, 4.7],
			"to": [17, 6.6, 5.5],
			"rotation": {"angle": -22.5, "axis": "x", "origin": [16.1, 4.7, 5.6]},
			"faces": {
				"north": {"uv": [8, 9.25, 8.25, 9.75], "texture": "#0"},
				"east": {"uv": [9.25, 8.5, 9.5, 9], "texture": "#0"},
				"south": {"uv": [9.25, 9.25, 9.5, 9.75], "texture": "#0"},
				"west": {"uv": [9.5, 0.75, 9.75, 1.25], "texture": "#0"},
				"up": {"uv": [11.75, 11.75, 11.5, 11.5], "texture": "#0"},
				"down": {"uv": [2.75, 11.75, 2.5, 12], "texture": "#0"}
			}
		},
		{
			"from": [15.1, 3, 4.7],
			"to": [15.9, 5.3, 5.5],
			"rotation": {"angle": 0, "axis": "y", "origin": [15.1, 4.9, 5.6]},
			"faces": {
				"north": {"uv": [6.5, 8.25, 6.75, 8.875], "texture": "#0"},
				"east": {"uv": [8.5, 2.25, 8.75, 2.875], "texture": "#0"},
				"south": {"uv": [3, 8.5, 3.25, 9.125], "texture": "#0"},
				"west": {"uv": [8.5, 3.25, 8.75, 3.875], "texture": "#0"},
				"up": {"uv": [12, 3.25, 11.75, 3], "texture": "#0"},
				"down": {"uv": [12, 3.5, 11.75, 3.75], "texture": "#0"}
			}
		},
		{
			"from": [15.1, 5.3, 4.7],
			"to": [15.9, 7.6, 5.5],
			"rotation": {"angle": -22.5, "axis": "x", "origin": [15.1, 5.2, 5.6]},
			"faces": {
				"north": {"uv": [3.5, 8.5, 3.75, 9.125], "texture": "#0"},
				"east": {"uv": [4, 8.75, 4.25, 9.375], "texture": "#0"},
				"south": {"uv": [4.5, 8.75, 4.75, 9.375], "texture": "#0"},
				"west": {"uv": [5, 8.75, 5.25, 9.375], "texture": "#0"},
				"up": {"uv": [12, 4.25, 11.75, 4], "texture": "#0"},
				"down": {"uv": [12, 4.5, 11.75, 4.75], "texture": "#0"}
			}
		},
		{
			"from": [14, 3, 4.7],
			"to": [14.8, 4.8, 5.5],
			"rotation": {"angle": 0, "axis": "y", "origin": [13.9, 4.9, 5.6]},
			"faces": {
				"north": {"uv": [9.5, 2.25, 9.75, 2.75], "texture": "#0"},
				"east": {"uv": [2.75, 9.5, 3, 10], "texture": "#0"},
				"south": {"uv": [9.5, 3, 9.75, 3.5], "texture": "#0"},
				"west": {"uv": [3.25, 9.5, 3.5, 10], "texture": "#0"},
				"up": {"uv": [12, 6, 11.75, 5.75], "texture": "#0"},
				"down": {"uv": [12, 6.25, 11.75, 6.5], "texture": "#0"}
			}
		},
		{
			"from": [14, 4.8, 4.7],
			"to": [14.8, 6.6, 5.5],
			"rotation": {"angle": -22.5, "axis": "x", "origin": [13.9, 4.7, 5.6]},
			"faces": {
				"north": {"uv": [9.5, 3.75, 9.75, 4.25], "texture": "#0"},
				"east": {"uv": [8.5, 9.5, 8.75, 10], "texture": "#0"},
				"south": {"uv": [9.75, 0, 10, 0.5], "texture": "#0"},
				"west": {"uv": [9.75, 1.5, 10, 2], "texture": "#0"},
				"up": {"uv": [7, 12, 6.75, 11.75], "texture": "#0"},
				"down": {"uv": [12, 6.75, 11.75, 7], "texture": "#0"}
			}
		},
		{
			"from": [14.1, 5.8, 5.5],
			"to": [14.7, 7.6, 5.6],
			"rotation": {"angle": -22.5, "axis": "x", "origin": [13.9, 4.7, 5.6]},
			"faces": {
				"north": {"uv": [8, 10, 8.1875, 10.5], "texture": "#0"},
				"east": {"uv": [3, 12.5, 3.0625, 13], "texture": "#0"},
				"south": {"uv": [10.25, 4.25, 10.4375, 4.75], "texture": "#0"},
				"west": {"uv": [4.5, 12.5, 4.5625, 13], "texture": "#0"},
				"up": {"uv": [13.6875, 9.5625, 13.5, 9.5], "texture": "#0"},
				"down": {"uv": [13.6875, 10.5, 13.5, 10.5625], "texture": "#0"}
			}
		},
		{
			"from": [16.3, 5.8, 5.5],
			"to": [16.9, 7.6, 5.6],
			"rotation": {"angle": -22.5, "axis": "x", "origin": [13.9, 4.7, 5.6]},
			"faces": {
				"north": {"uv": [10.25, 5, 10.4375, 5.5], "texture": "#0"},
				"east": {"uv": [5, 12.5, 5.0625, 13], "texture": "#0"},
				"south": {"uv": [10.25, 5.75, 10.4375, 6.25], "texture": "#0"},
				"west": {"uv": [5.5, 12.5, 5.5625, 13], "texture": "#0"},
				"up": {"uv": [13.6875, 11.0625, 13.5, 11], "texture": "#0"},
				"down": {"uv": [11.6875, 13.5, 11.5, 13.5625], "texture": "#0"}
			}
		},
		{
			"from": [15.2, 6.8, 5.7],
			"to": [15.8, 8.6, 5.8],
			"rotation": {"angle": -22.5, "axis": "x", "origin": [13.9, 4.7, 5.6]},
			"faces": {
				"north": {"uv": [10.25, 6.5, 10.4375, 7], "texture": "#0"},
				"east": {"uv": [6, 12.5, 6.0625, 13], "texture": "#0"},
				"south": {"uv": [10.25, 7.25, 10.4375, 7.75], "texture": "#0"},
				"west": {"uv": [7.25, 12.5, 7.3125, 13], "texture": "#0"},
				"up": {"uv": [13.6875, 11.5625, 13.5, 11.5], "texture": "#0"},
				"down": {"uv": [12.1875, 13.5, 12, 13.5625], "texture": "#0"}
			}
		},
		{
			"from": [14, 0, 3.9],
			"to": [16.5, 2.5, 4.3],
			"rotation": {"angle": 0, "axis": "y", "origin": [1, 0, 0.9]},
			"faces": {
				"north": {"uv": [0, 6, 0.625, 6.625], "texture": "#0"},
				"east": {"uv": [7.5, 10.5, 7.625, 11.125], "texture": "#0"},
				"south": {"uv": [4, 6, 4.625, 6.625], "texture": "#0"},
				"west": {"uv": [2.75, 10.75, 2.875, 11.375], "texture": "#0"},
				"up": {"uv": [11.375, 3.125, 10.75, 3], "texture": "#0"},
				"down": {"uv": [11.375, 3.5, 10.75, 3.625], "texture": "#0"}
			}
		},
		{
			"from": [0, 0, 4.3],
			"to": [3, 3, 5.5],
			"rotation": {"angle": 0, "axis": "y", "origin": [-12, 0, 0.3]},
			"faces": {
				"north": {"uv": [1.5, 5.75, 2.25, 6.5], "texture": "#0"},
				"east": {"uv": [8, 8.25, 8.3125, 9], "texture": "#0"},
				"south": {"uv": [5.75, 5, 6.5, 5.75], "texture": "#0"},
				"west": {"uv": [8.5, 0, 8.8125, 0.75], "texture": "#0"},
				"up": {"uv": [1.5, 8.8125, 0.75, 8.5], "texture": "#0"},
				"down": {"uv": [9.25, 1, 8.5, 1.3125], "texture": "#0"}
			}
		},
		{
			"from": [-1.5, 0, 4.3],
			"to": [0, 1, 5.3],
			"rotation": {"angle": -22.5, "axis": "y", "origin": [0, 0, 5.3]},
			"faces": {
				"north": {"uv": [10.25, 8, 10.625, 8.25], "texture": "#0"},
				"east": {"uv": [11.75, 7.25, 12, 7.5], "texture": "#0"},
				"south": {"uv": [10.25, 8.5, 10.625, 8.75], "texture": "#0"},
				"west": {"uv": [8, 11.75, 8.25, 12], "texture": "#0"},
				"up": {"uv": [10.625, 9.25, 10.25, 9], "texture": "#0"},
				"down": {"uv": [10.625, 9.5, 10.25, 9.75], "texture": "#0"}
			}
		},
		{
			"from": [-3.45, 0, 3.85],
			"to": [-1.95, 1, 4.85],
			"rotation": {"angle": -45, "axis": "y", "origin": [-1.53806, 0, 5.49134]},
			"faces": {
				"north": {"uv": [10.25, 10, 10.625, 10.25], "texture": "#0"},
				"east": {"uv": [11.75, 10.5, 12, 10.75], "texture": "#0"},
				"south": {"uv": [10.5, 0.5, 10.875, 0.75], "texture": "#0"},
				"west": {"uv": [12, 0, 12.25, 0.25], "texture": "#0"},
				"up": {"uv": [10.875, 1.25, 10.5, 1], "texture": "#0"},
				"down": {"uv": [2.375, 10.5, 2, 10.75], "texture": "#0"}
			}
		},
		{
			"from": [-4.45, 0.1, 4.85],
			"to": [-2.45, 0.9, 4.95],
			"rotation": {"angle": -45, "axis": "y", "origin": [-1.53806, 0, 5.49134]},
			"faces": {
				"north": {"uv": [3.5, 10.5, 4, 10.6875], "texture": "#0"},
				"east": {"uv": [13.75, 0.5, 13.8125, 0.6875], "texture": "#0"},
				"south": {"uv": [4.25, 10.5, 4.75, 10.6875], "texture": "#0"},
				"west": {"uv": [13.75, 1, 13.8125, 1.1875], "texture": "#0"},
				"up": {"uv": [13, 2.5625, 12.5, 2.5], "texture": "#0"},
				"down": {"uv": [13, 5, 12.5, 5.0625], "texture": "#0"}
			}
		},
		{
			"from": [2.2, 3, 4.7],
			"to": [3, 4.8, 5.5],
			"rotation": {"angle": 0, "axis": "y", "origin": [-11.9, -0.1, 0.6]},
			"faces": {
				"north": {"uv": [3.75, 9.75, 4, 10.25], "texture": "#0"},
				"east": {"uv": [4.25, 9.75, 4.5, 10.25], "texture": "#0"},
				"south": {"uv": [9.75, 4.5, 10, 5], "texture": "#0"},
				"west": {"uv": [4.75, 9.75, 5, 10.25], "texture": "#0"},
				"up": {"uv": [12.25, 0.75, 12, 0.5], "texture": "#0"},
				"down": {"uv": [12.25, 1, 12, 1.25], "texture": "#0"}
			}
		},
		{
			"from": [2.2, 4.8, 4.7],
			"to": [3, 6.6, 5.5],
			"rotation": {"angle": -22.5, "axis": "x", "origin": [2.1, 4.7, 5.6]},
			"faces": {
				"north": {"uv": [5.25, 9.75, 5.5, 10.25], "texture": "#0"},
				"east": {"uv": [9.75, 5.25, 10, 5.75], "texture": "#0"},
				"south": {"uv": [5.75, 9.75, 6, 10.25], "texture": "#0"},
				"west": {"uv": [9.75, 6, 10, 6.5], "texture": "#0"},
				"up": {"uv": [1.75, 12.25, 1.5, 12], "texture": "#0"},
				"down": {"uv": [12.25, 1.5, 12, 1.75], "texture": "#0"}
			}
		},
		{
			"from": [1.1, 3, 4.7],
			"to": [1.9, 5.3, 5.5],
			"rotation": {"angle": 0, "axis": "y", "origin": [1.1, 4.9, 5.6]},
			"faces": {
				"north": {"uv": [5.5, 8.75, 5.75, 9.375], "texture": "#0"},
				"east": {"uv": [6, 8.75, 6.25, 9.375], "texture": "#0"},
				"south": {"uv": [8.75, 6.5, 9, 7.125], "texture": "#0"},
				"west": {"uv": [8.75, 7.5, 9, 8.125], "texture": "#0"},
				"up": {"uv": [2.25, 12.25, 2, 12], "texture": "#0"},
				"down": {"uv": [3.25, 12, 3, 12.25], "texture": "#0"}
			}
		},
		{
			"from": [1.1, 5.3, 4.7],
			"to": [1.9, 7.6, 5.5],
			"rotation": {"angle": -22.5, "axis": "x", "origin": [1.1, 5.2, 5.6]},
			"faces": {
				"north": {"uv": [8.75, 8.5, 9, 9.125], "texture": "#0"},
				"east": {"uv": [1.75, 9, 2, 9.625], "texture": "#0"},
				"south": {"uv": [2.25, 9, 2.5, 9.625], "texture": "#0"},
				"west": {"uv": [9, 2.25, 9.25, 2.875], "texture": "#0"},
				"up": {"uv": [12.25, 5.25, 12, 5], "texture": "#0"},
				"down": {"uv": [7.5, 12, 7.25, 12.25], "texture": "#0"}
			}
		},
		{
			"from": [0, 3, 4.7],
			"to": [0.8, 4.8, 5.5],
			"rotation": {"angle": 0, "axis": "y", "origin": [-0.1, 4.9, 5.6]},
			"faces": {
				"north": {"uv": [9.75, 6.75, 10, 7.25], "texture": "#0"},
				"east": {"uv": [7, 9.75, 7.25, 10.25], "texture": "#0"},
				"south": {"uv": [7.5, 9.75, 7.75, 10.25], "texture": "#0"},
				"west": {"uv": [9.75, 7.5, 10, 8], "texture": "#0"},
				"up": {"uv": [12.25, 8, 12, 7.75], "texture": "#0"},
				"down": {"uv": [12.25, 8.25, 12, 8.5], "texture": "#0"}
			}
		},
		{
			"from": [0, 4.8, 4.7],
			"to": [0.8, 6.6, 5.5],
			"rotation": {"angle": -22.5, "axis": "x", "origin": [-0.1, 4.7, 5.6]},
			"faces": {
				"north": {"uv": [9.75, 8.25, 10, 8.75], "texture": "#0"},
				"east": {"uv": [9.75, 9, 10, 9.5], "texture": "#0"},
				"south": {"uv": [9.75, 9.75, 10, 10.25], "texture": "#0"},
				"west": {"uv": [0, 10, 0.25, 10.5], "texture": "#0"},
				"up": {"uv": [12.25, 9, 12, 8.75], "texture": "#0"},
				"down": {"uv": [12.25, 9.25, 12, 9.5], "texture": "#0"}
			}
		},
		{
			"from": [0.1, 5.8, 5.5],
			"to": [0.7, 7.6, 5.6],
			"rotation": {"angle": -22.5, "axis": "x", "origin": [-0.1, 4.7, 5.6]},
			"faces": {
				"north": {"uv": [8.5, 10.25, 8.6875, 10.75], "texture": "#0"},
				"east": {"uv": [12.5, 7.5, 12.5625, 8], "texture": "#0"},
				"south": {"uv": [5, 10.5, 5.1875, 11], "texture": "#0"},
				"west": {"uv": [12.5, 8.25, 12.5625, 8.75], "texture": "#0"},
				"up": {"uv": [13.9375, 1.5625, 13.75, 1.5], "texture": "#0"},
				"down": {"uv": [13.9375, 2, 13.75, 2.0625], "texture": "#0"}
			}
		},
		{
			"from": [2.3, 5.8, 5.5],
			"to": [2.9, 7.6, 5.6],
			"rotation": {"angle": -22.5, "axis": "x", "origin": [-0.1, 4.7, 5.6]},
			"faces": {
				"north": {"uv": [5.5, 10.5, 5.6875, 11], "texture": "#0"},
				"east": {"uv": [12.5, 9, 12.5625, 9.5], "texture": "#0"},
				"south": {"uv": [6, 10.5, 6.1875, 11], "texture": "#0"},
				"west": {"uv": [12.5, 10.75, 12.5625, 11.25], "texture": "#0"},
				"up": {"uv": [2.6875, 13.8125, 2.5, 13.75], "texture": "#0"},
				"down": {"uv": [13.9375, 2.5, 13.75, 2.5625], "texture": "#0"}
			}
		},
		{
			"from": [1.2, 6.8, 5.7],
			"to": [1.8, 8.6, 5.8],
			"rotation": {"angle": -22.5, "axis": "x", "origin": [-0.1, 4.7, 5.6]},
			"faces": {
				"north": {"uv": [6.5, 10.5, 6.6875, 11], "texture": "#0"},
				"east": {"uv": [11.25, 12.5, 11.3125, 13], "texture": "#0"},
				"south": {"uv": [7, 10.5, 7.1875, 11], "texture": "#0"},
				"west": {"uv": [12.5, 11.5, 12.5625, 12], "texture": "#0"},
				"up": {"uv": [3.1875, 13.8125, 3, 13.75], "texture": "#0"},
				"down": {"uv": [13.9375, 3, 13.75, 3.0625], "texture": "#0"}
			}
		},
		{
			"from": [0, 0, 3.9],
			"to": [2.5, 2.5, 4.3],
			"rotation": {"angle": 0, "axis": "y", "origin": [-13, 0, 0.9]},
			"faces": {
				"north": {"uv": [5, 6, 5.625, 6.625], "texture": "#0"},
				"east": {"uv": [10.75, 4, 10.875, 4.625], "texture": "#0"},
				"south": {"uv": [6, 6, 6.625, 6.625], "texture": "#0"},
				"west": {"uv": [10.75, 5, 10.875, 5.625], "texture": "#0"},
				"up": {"uv": [11.375, 6.125, 10.75, 6], "texture": "#0"},
				"down": {"uv": [11.375, 6.5, 10.75, 6.625], "texture": "#0"}
			}
		}
	],
	"display": {
		"head": {
			"scale": [1.9, 1.9, 1.9]
		}
	},
	"groups": [
		{
			"name": "Justice",
			"origin": [8, 8, 8],
			"color": 0,
			"children": [
				{
					"name": "Head",
					"origin": [8, 8, 8],
					"color": 0,
					"children": [
						0,
						1,
						2,
						3,
						4,
						5,
						6,
						{
							"name": "teeths",
							"origin": [8, 8, 8],
							"color": 0,
							"children": [7, 8, 9, 10, 11, 12, 13, 14, 15, 16]
						}
					]
				},
				{
					"name": "Crown",
					"origin": [8, 8, 8],
					"color": 0,
					"children": [17, 18, 19, 20, 21, 22, 23, 24, 25, 26, 27, 28, 29, 30, 31, 32, 33, 34, 35, 36, 37, 38]
				},
				{
					"name": "Hand 1",
					"origin": [8, 8, 8],
					"color": 0,
					"children": [39, 40, 41, 42, 43, 44, 45, 46, 47, 48, 49, 50, 51, 52]
				},
				{
					"name": "Hand 2",
					"origin": [8, 8, 8],
					"color": 0,
					"children": [53, 54, 55, 56, 57, 58, 59, 60, 61, 62, 63, 64, 65, 66]
				}
			]
		}
	]
}