{
	"credit": "Made with Blockbench",
	"texture_size": [64, 64],
	"textures": {
		"0": "nw:stand/skins/nitocris"
	},
	"elements": [
		{
			"name": "Head",
			"from": [4, 13, 4],
			"to": [12, 21, 12],
			"rotation": {"angle": 0, "axis": "y", "origin": [7, 13, 8]},
			"faces": {
				"north": {"uv": [2, 2, 4, 4], "texture": "#0"},
				"east": {"uv": [0, 2, 2, 4], "texture": "#0"},
				"south": {"uv": [6, 2, 8, 4], "texture": "#0"},
				"west": {"uv": [4, 2, 6, 4], "texture": "#0"},
				"up": {"uv": [4, 2, 2, 0], "texture": "#0"},
				"down": {"uv": [6, 0, 4, 2], "texture": "#0"}
			}
		},
		{
			"name": "Hat Layer",
			"from": [3.5, 12.5, 3.5],
			"to": [12.5, 21.5, 12.5],
			"rotation": {"angle": 0, "axis": "y", "origin": [7, 13, 8]},
			"faces": {
				"north": {"uv": [10, 2, 12, 4], "texture": "#0"},
				"east": {"uv": [8, 2, 10, 4], "texture": "#0"},
				"south": {"uv": [14, 2, 16, 4], "texture": "#0"},
				"west": {"uv": [12, 2, 14, 4], "texture": "#0"},
				"up": {"uv": [12, 2, 10, 0], "texture": "#0"},
				"down": {"uv": [14, 0, 12, 2], "texture": "#0"}
			}
		},
		{
			"name": "Body",
			"from": [4, 1, 6],
			"to": [12, 13, 10],
			"rotation": {"angle": 0, "axis": "y", "origin": [7, 13, 8]},
			"faces": {
				"north": {"uv": [5, 5, 7, 8], "texture": "#0"},
				"east": {"uv": [4, 5, 5, 8], "texture": "#0"},
				"south": {"uv": [8, 5, 10, 8], "texture": "#0"},
				"west": {"uv": [7, 5, 8, 8], "texture": "#0"},
				"up": {"uv": [7, 5, 5, 4], "texture": "#0"},
				"down": {"uv": [9, 4, 7, 5], "texture": "#0"}
			}
		},
		{
			"name": "Body Layer",
			"from": [3.75, 0.75, 5.75],
			"to": [12.25, 13.25, 10.25],
			"rotation": {"angle": 0, "axis": "y", "origin": [7, 13, 8]},
			"faces": {
				"north": {"uv": [5, 9, 7, 12], "texture": "#0"},
				"east": {"uv": [4, 9, 5, 12], "texture": "#0"},
				"south": {"uv": [8, 9, 10, 12], "texture": "#0"},
				"west": {"uv": [7, 9, 8, 12], "texture": "#0"},
				"up": {"uv": [7, 9, 5, 8], "texture": "#0"},
				"down": {"uv": [9, 8, 7, 9], "texture": "#0"}
			}
		},
		{
			"name": "Right Arm",
			"from": [12, 6.65381, 0.33579],
			"to": [15, 10.65381, 6.33579],
			"rotation": {"angle": 0, "axis": "x", "origin": [13, 8.65381, 10.33579]},
			"faces": {
				"north": {"uv": [12.5, 4, 11.75, 5], "rotation": 180, "texture": "#0"},
				"east": {"uv": [10, 6.5, 11, 8], "rotation": 270, "texture": "#0"},
				"south": {"uv": [11.75, 5, 11, 4], "texture": "#0"},
				"west": {"uv": [11.75, 6.75, 12.75, 8], "rotation": 90, "texture": "#0"},
				"up": {"uv": [11, 6.75, 11.75, 8], "rotation": 180, "texture": "#0"},
				"down": {"uv": [12.75, 6.75, 13.5, 8], "texture": "#0"}
			}
		},
		{
			"name": "Right Arm Layer",
			"from": [11.75, 6.40381, 0.08579],
			"to": [15.25, 10.90381, 6.58579],
			"rotation": {"angle": 0, "axis": "x", "origin": [13, 8.65381, 10.33579]},
			"faces": {
				"north": {"uv": [12.5, 8, 11.75, 9], "rotation": 180, "texture": "#0"},
				"east": {"uv": [10, 10.5, 11, 12], "rotation": 270, "texture": "#0"},
				"south": {"uv": [11.75, 9, 11, 8], "texture": "#0"},
				"west": {"uv": [11.75, 10.5, 12.75, 12], "rotation": 90, "texture": "#0"},
				"up": {"uv": [11, 10.5, 11.75, 12], "rotation": 180, "texture": "#0"},
				"down": {"uv": [12.75, 10.5, 13.5, 12], "texture": "#0"}
			}
		},
		{
			"name": "Right Arm",
			"from": [12, 7, 6],
			"to": [15, 13, 10],
			"rotation": {"angle": 45, "axis": "x", "origin": [13, 11, 8]},
			"faces": {
				"north": {"uv": [11, 5, 11.75, 6.5], "texture": "#0"},
				"east": {"uv": [10, 5, 11, 6.5], "texture": "#0"},
				"south": {"uv": [12.75, 5, 13.5, 6.5], "texture": "#0"},
				"west": {"uv": [11.75, 5, 12.75, 6.5], "texture": "#0"},
				"up": {"uv": [11.75, 5, 11, 4], "texture": "#0"},
				"down": {"uv": [12.5, 4, 11.75, 5], "texture": "#0"}
			}
		},
		{
			"name": "Right Arm Layer",
			"from": [11.75, 6.75, 5.75],
			"to": [15.25, 13.25, 10.25],
			"rotation": {"angle": 45, "axis": "x", "origin": [13, 11, 8]},
			"faces": {
				"north": {"uv": [11, 9, 11.75, 10.5], "texture": "#0"},
				"east": {"uv": [10, 9, 11, 10.5], "texture": "#0"},
				"south": {"uv": [12.75, 9, 13.5, 10.5], "texture": "#0"},
				"west": {"uv": [11.75, 9, 12.75, 10.5], "texture": "#0"},
				"up": {"uv": [11.75, 9, 11, 8], "texture": "#0"},
				"down": {"uv": [12.5, 8, 11.75, 9], "texture": "#0"}
			}
		},
		{
			"name": "Right Leg",
			"from": [7.9, -11, 6],
			"to": [11.9, 1, 10],
			"rotation": {"angle": -22.5, "axis": "x", "origin": [7, 1, 8]},
			"faces": {
				"north": {"uv": [1, 5, 2, 8], "texture": "#0"},
				"east": {"uv": [0, 5, 1, 8], "texture": "#0"},
				"south": {"uv": [3, 5, 4, 8], "texture": "#0"},
				"west": {"uv": [2, 5, 3, 8], "texture": "#0"},
				"up": {"uv": [2, 5, 1, 4], "texture": "#0"},
				"down": {"uv": [3, 4, 2, 5], "texture": "#0"}
			}
		},
		{
			"name": "Right Leg Layer",
			"from": [7.65, -11.25, 5.75],
			"to": [12.15, 1.25, 10.25],
			"rotation": {"angle": -22.5, "axis": "x", "origin": [7, 1, 8]},
			"faces": {
				"north": {"uv": [1, 9, 2, 12], "texture": "#0"},
				"east": {"uv": [0, 9, 1, 12], "texture": "#0"},
				"south": {"uv": [3, 9, 4, 12], "texture": "#0"},
				"west": {"uv": [2, 9, 3, 12], "texture": "#0"},
				"up": {"uv": [2, 9, 1, 8], "texture": "#0"},
				"down": {"uv": [3, 8, 2, 9], "texture": "#0"}
			}
		},
		{
			"name": "Left Leg",
			"from": [4.1, -11, 5],
			"to": [8.1, 1, 9],
			"rotation": {"angle": -22.5, "axis": "y", "origin": [7, 1, 8]},
			"faces": {
				"north": {"uv": [5, 13, 6, 16], "texture": "#0"},
				"east": {"uv": [4, 13, 5, 16], "texture": "#0"},
				"south": {"uv": [7, 13, 8, 16], "texture": "#0"},
				"west": {"uv": [6, 13, 7, 16], "texture": "#0"},
				"up": {"uv": [6, 13, 5, 12], "texture": "#0"},
				"down": {"uv": [7, 12, 6, 13], "texture": "#0"}
			}
		},
		{
			"name": "Left Leg Layer",
			"from": [3.85, -11.25, 4.75],
			"to": [8.35, 1.25, 9.25],
			"rotation": {"angle": -22.5, "axis": "y", "origin": [7, 1, 8]},
			"faces": {
				"north": {"uv": [1, 13, 2, 16], "texture": "#0"},
				"east": {"uv": [0, 13, 1, 16], "texture": "#0"},
				"south": {"uv": [3, 13, 4, 16], "texture": "#0"},
				"west": {"uv": [2, 13, 3, 16], "texture": "#0"},
				"up": {"uv": [2, 13, 1, 12], "texture": "#0"},
				"down": {"uv": [3, 12, 2, 13], "texture": "#0"}
			}
		},
		{
			"name": "Right Arm",
			"from": [-2.13759, 1.87745, 6],
			"to": [0.86241, 7.87745, 10],
			"rotation": {"angle": 22.5, "axis": "z", "origin": [-1.13759, 11.87745, 8]},
			"faces": {
				"north": {"uv": [11.75, 6.75, 11, 8], "texture": "#0"},
				"east": {"uv": [12.75, 6.75, 11.75, 8], "texture": "#0"},
				"south": {"uv": [13.5, 6.75, 12.75, 8], "texture": "#0"},
				"west": {"uv": [11, 6.5, 10, 8], "texture": "#0"},
				"up": {"uv": [11, 5, 11.75, 4], "texture": "#0"},
				"down": {"uv": [11.75, 4, 12.5, 5], "texture": "#0"}
			}
		},
		{
			"name": "Right Arm Layer",
			"from": [-2.38759, 1.62745, 5.75],
			"to": [1.11241, 8.12745, 10.25],
			"rotation": {"angle": 22.5, "axis": "z", "origin": [-0.13759, 11.87745, 8]},
			"faces": {
				"north": {"uv": [11.75, 10.5, 11, 12], "texture": "#0"},
				"east": {"uv": [12.75, 10.5, 11.75, 12], "texture": "#0"},
				"south": {"uv": [13.5, 10.5, 12.75, 12], "texture": "#0"},
				"west": {"uv": [11, 10.5, 10, 12], "texture": "#0"},
				"up": {"uv": [11, 9, 11.75, 8], "texture": "#0"},
				"down": {"uv": [11.75, 8, 12.5, 9], "texture": "#0"}
			}
		},
		{
			"name": "Right Arm",
			"from": [1, 7, 6],
			"to": [4, 13, 10],
			"rotation": {"angle": -22.5, "axis": "z", "origin": [2, 11, 8]},
			"faces": {
				"north": {"uv": [11.75, 5, 11, 6.5], "texture": "#0"},
				"east": {"uv": [12.75, 5, 11.75, 6.5], "texture": "#0"},
				"south": {"uv": [13.5, 5, 12.75, 6.5], "texture": "#0"},
				"west": {"uv": [11, 5, 10, 6.5], "texture": "#0"},
				"up": {"uv": [11, 5, 11.75, 4], "texture": "#0"},
				"down": {"uv": [11.75, 4, 12.5, 5], "texture": "#0"}
			}
		},
		{
			"name": "Right Arm Layer",
			"from": [0.75, 6.75, 5.75],
			"to": [4.25, 13.25, 10.25],
			"rotation": {"angle": -22.5, "axis": "z", "origin": [2, 11, 8]},
			"faces": {
				"north": {"uv": [11.75, 9, 11, 10.5], "texture": "#0"},
				"east": {"uv": [12.75, 9, 11.75, 10.5], "texture": "#0"},
				"south": {"uv": [13.5, 9, 12.75, 10.5], "texture": "#0"},
				"west": {"uv": [11, 9, 10, 10.5], "texture": "#0"},
				"up": {"uv": [11, 9, 11.75, 8], "texture": "#0"},
				"down": {"uv": [11.75, 8, 12.5, 9], "texture": "#0"}
			}
		},
		{
			"from": [13, -9, 0],
			"to": [14, 17, 1],
			"faces": {
				"north": {"uv": [0, 0, 0.75, 0.75], "texture": "#0"},
				"east": {"uv": [0, 0, 0.5, 0.5], "texture": "#0"},
				"south": {"uv": [0, 0, 0.5, 1], "texture": "#0"},
				"west": {"uv": [0, 0, 0.5, 1.25], "texture": "#0"},
				"up": {"uv": [0, 0, 0.25, 0.25], "texture": "#0"},
				"down": {"uv": [0, 0, 0.25, 0.25], "texture": "#0"}
			}
		},
		{
			"from": [12, 16.75, -2.25],
			"to": [15, 18.75, 0.75],
			"rotation": {"angle": -22.5, "axis": "x", "origin": [14, 19, 0]},
			"faces": {
				"north": {"uv": [0, 0, 1.25, 0], "texture": "#0"},
				"east": {"uv": [0, 0, 1, 0], "texture": "#0"},
				"south": {"uv": [0, 0, 1, 0.25], "texture": "#0"},
				"west": {"uv": [0, 0, 1, 0.75], "texture": "#0"},
				"up": {"uv": [0, 0, 0.75, 0.75], "texture": "#0"},
				"down": {"uv": [0, 0, 0.75, 0.75], "texture": "#0"}
			}
		},
		{
			"from": [12.5, 16.75, -4],
			"to": [14.25, 17.75, -2.25],
			"rotation": {"angle": -22.5, "axis": "x", "origin": [14, 19, 0]},
			"faces": {
				"north": {"uv": [0, 0, 0.9375, 0], "texture": "#0"},
				"east": {"uv": [0, 0, 0.6875, 0], "texture": "#0"},
				"south": {"uv": [0, 0, 0.6875, 0.25], "texture": "#0"},
				"west": {"uv": [0, 0, 0.6875, 0.75], "texture": "#0"},
				"up": {"uv": [0, 0, 0.4375, 0.4375], "texture": "#0"},
				"down": {"uv": [0, 0, 0.4375, 0.4375], "texture": "#0"}
			}
		}
	],
	"display": {
		"head": {
			"rotation": [0, -8, 0],
			"translation": [-6.75, -20, 0],
			"scale": [1.6, 1.6, 1.6]
		}
	},
	"groups": [
		{
			"name": "Head",
			"origin": [0, 24, 0],
			"color": 0,
			"children": [0, 1]
		},
		{
			"name": "Body",
			"origin": [0, 24, 0],
			"color": 0,
			"children": [2, 3]
		},
		{
			"name": "RightArm",
			"origin": [5, 22, 0],
			"color": 0,
			"children": [
				4,
				5,
				{
					"name": "RightArm",
					"origin": [5, 22, 0],
					"color": 0,
					"children": [6, 7]
				}
			]
		},
		{
			"name": "RightLeg",
			"origin": [1.9, 12, 0],
			"color": 0,
			"children": [8, 9]
		},
		{
			"name": "LeftLeg",
			"origin": [-1.9, 12, 0],
			"color": 0,
			"children": [10, 11]
		},
		{
			"name": "LeftArm",
			"origin": [5, 22, 0],
			"color": 0,
			"children": [
				12,
				13,
				{
					"name": "LeftArmo",
					"origin": [5, 22, 0],
					"color": 0,
					"children": [14, 15]
				}
			]
		},
		{
			"name": "staff",
			"origin": [8, 8, 8],
			"color": 0,
			"children": [16, 17, 18]
		}
	]
}