{
	"credit": "Made with Blockbench",
	"texture_size": [64, 64],
	"textures": {
		"0": "nw:boss/bruford",
		"particle": "nw:boss/luck",
		"1_0": "nw:boss/luck"
	},
	"elements": [
		{
			"name": "Head",
			"from": [4, 12, 4],
			"to": [12, 20, 12],
			"rotation": {"angle": 0, "axis": "y", "origin": [8, 11, 8]},
			"faces": {
				"north": {"uv": [2, 2, 4, 4], "texture": "#0"},
				"east": {"uv": [0, 2, 2, 4], "texture": "#0"},
				"south": {"uv": [6, 2, 8, 4], "texture": "#0"},
				"west": {"uv": [4, 2, 6, 4], "texture": "#0"},
				"up": {"uv": [4, 2, 2, 0], "texture": "#0"},
				"down": {"uv": [6, 0, 4, 2], "texture": "#0"}
			}
		},
		{
			"name": "Hat Layer",
			"from": [3.5, 11.5, 3.5],
			"to": [12.5, 20.5, 12.5],
			"rotation": {"angle": 0, "axis": "y", "origin": [8, 11, 8]},
			"faces": {
				"north": {"uv": [10, 2, 12, 4], "texture": "#0"},
				"east": {"uv": [8, 2, 10, 4], "texture": "#0"},
				"south": {"uv": [14, 2, 16, 4], "texture": "#0"},
				"west": {"uv": [12, 2, 14, 4], "texture": "#0"},
				"up": {"uv": [12, 2, 10, 0], "texture": "#0"},
				"down": {"uv": [14, 0, 12, 2], "texture": "#0"}
			}
		},
		{
			"name": "Body",
			"from": [4, 6, 5.75],
			"to": [12, 12, 10.25],
			"rotation": {"angle": 0, "axis": "y", "origin": [8, 11, 8]},
			"faces": {
				"north": {"uv": [5, 5, 7, 6.5], "texture": "#0"},
				"east": {"uv": [4, 5, 5, 6.5], "texture": "#0"},
				"south": {"uv": [8, 5, 10, 6.5], "texture": "#0"},
				"west": {"uv": [7, 5, 8, 6.5], "texture": "#0"},
				"up": {"uv": [7, 5, 5, 4], "texture": "#0"},
				"down": {"uv": [9, 4, 7, 5], "texture": "#0"}
			}
		},
		{
			"name": "Body Layer",
			"from": [3.75, 5.75, 5.5],
			"to": [12.25, 12.25, 10.5],
			"rotation": {"angle": 0, "axis": "y", "origin": [8, 11, 8]},
			"faces": {
				"north": {"uv": [5, 9, 7, 10.5], "texture": "#0"},
				"east": {"uv": [4, 9, 5, 10.5], "texture": "#0"},
				"south": {"uv": [8, 9, 10, 10.5], "texture": "#0"},
				"west": {"uv": [7, 9, 8, 10.5], "texture": "#0"},
				"up": {"uv": [7, 9, 5, 8], "texture": "#0"},
				"down": {"uv": [2, 0, 0, 1], "texture": "#0"}
			}
		},
		{
			"name": "Body",
			"from": [4.25, 0, 6],
			"to": [11.75, 6, 10],
			"rotation": {"angle": 0, "axis": "y", "origin": [8, 11, 8]},
			"faces": {
				"north": {"uv": [5, 6.5, 7, 8], "texture": "#0"},
				"east": {"uv": [4, 6.5, 5, 8], "texture": "#0"},
				"south": {"uv": [8, 6.5, 10, 8], "texture": "#0"},
				"west": {"uv": [7, 6.5, 8, 8], "texture": "#0"},
				"up": {"uv": [7, 6.5, 5, 5.5], "texture": "#0"},
				"down": {"uv": [9, 5.5, 7, 6.5], "texture": "#0"}
			}
		},
		{
			"name": "Body Layer",
			"from": [4, -0.25, 5.75],
			"to": [12, 6.25, 10.25],
			"rotation": {"angle": 0, "axis": "y", "origin": [8, 11, 8]},
			"faces": {
				"north": {"uv": [5, 10.5, 7, 12], "texture": "#0"},
				"east": {"uv": [4, 10.5, 5, 12], "texture": "#0"},
				"south": {"uv": [8, 10.5, 10, 12], "texture": "#0"},
				"west": {"uv": [7, 10.5, 8, 12], "texture": "#0"},
				"up": {"uv": [2, 1, 0, 0], "texture": "#0"},
				"down": {"uv": [9, 9.5, 7, 10.5], "texture": "#0"}
			}
		},
		{
			"name": "Right Arm",
			"from": [12, 6, 6],
			"to": [16, 12, 10],
			"rotation": {"angle": 22.5, "axis": "z", "origin": [14, 10, 8]},
			"faces": {
				"north": {"uv": [11, 5, 12, 6.5], "texture": "#0"},
				"east": {"uv": [10, 5, 11, 6.5], "texture": "#0"},
				"south": {"uv": [13, 5, 13.5, 6.5], "texture": "#0"},
				"west": {"uv": [12, 5, 13, 6.5], "texture": "#0"},
				"up": {"uv": [12, 5, 11, 4], "texture": "#0"},
				"down": {"uv": [13, 4, 12, 5], "texture": "#0"}
			}
		},
		{
			"name": "Right Arm Layer",
			"from": [11.75, 5.75, 5.75],
			"to": [16.25, 12.25, 10.25],
			"rotation": {"angle": 22.5, "axis": "z", "origin": [14, 10, 8]},
			"faces": {
				"north": {"uv": [11, 9, 12, 10.5], "texture": "#0"},
				"east": {"uv": [10, 9, 11, 10.5], "texture": "#0"},
				"south": {"uv": [13, 9, 13.5, 10.5], "texture": "#0"},
				"west": {"uv": [12, 9, 13, 10.5], "texture": "#0"},
				"up": {"uv": [12, 9, 11, 8], "texture": "#0"},
				"down": {"uv": [1, 0, 0, 1], "texture": "#0"}
			}
		},
		{
			"name": "Right Arm",
			"from": [13.37849, 1.06985, 6],
			"to": [17.37849, 7.06985, 10],
			"rotation": {"angle": 0, "axis": "z", "origin": [15.37849, 11.06985, 8]},
			"faces": {
				"north": {"uv": [11, 6.5, 12, 8], "texture": "#0"},
				"east": {"uv": [10, 6.5, 11, 8], "texture": "#0"},
				"south": {"uv": [13, 6.5, 13.5, 8], "texture": "#0"},
				"west": {"uv": [12, 6.5, 13, 8], "texture": "#0"},
				"up": {"uv": [12, 6.5, 11, 5.5], "texture": "#0"},
				"down": {"uv": [12.5, 4, 12, 5], "texture": "#0"}
			}
		},
		{
			"name": "Right Arm Layer",
			"from": [13.12849, 0.81985, 5.75],
			"to": [17.62849, 7.31985, 10.25],
			"rotation": {"angle": 0, "axis": "z", "origin": [15.37849, 11.06985, 8]},
			"faces": {
				"north": {"uv": [11, 10.5, 12, 12], "texture": "#0"},
				"east": {"uv": [10, 10.5, 11, 12], "texture": "#0"},
				"south": {"uv": [13, 10.5, 13.5, 12], "texture": "#0"},
				"west": {"uv": [12, 10.5, 13, 12], "texture": "#0"},
				"up": {"uv": [1, 1, 0, 0], "texture": "#0"},
				"down": {"uv": [13, 8, 12, 9], "texture": "#0"}
			}
		},
		{
			"name": "Left Arm",
			"from": [0, 6, 6],
			"to": [4, 12, 10],
			"rotation": {"angle": -22.5, "axis": "z", "origin": [2, 10, 8]},
			"faces": {
				"north": {"uv": [9, 13, 10, 14.5], "texture": "#0"},
				"east": {"uv": [8, 13, 9, 14.5], "texture": "#0"},
				"south": {"uv": [11, 13, 11.5, 14.5], "texture": "#0"},
				"west": {"uv": [10, 13, 11, 14.5], "texture": "#0"},
				"up": {"uv": [10, 13, 9, 12], "texture": "#0"},
				"down": {"uv": [11, 12, 10, 13], "texture": "#0"}
			}
		},
		{
			"name": "Left Arm Layer",
			"from": [-0.25, 5.75, 5.75],
			"to": [4.25, 12.25, 10.25],
			"rotation": {"angle": -22.5, "axis": "z", "origin": [2, 10, 8]},
			"faces": {
				"north": {"uv": [13, 13, 14, 14.5], "texture": "#0"},
				"east": {"uv": [12, 13, 13, 14.5], "texture": "#0"},
				"south": {"uv": [15, 13, 15.5, 14.5], "texture": "#0"},
				"west": {"uv": [14, 13, 15, 14.5], "texture": "#0"},
				"up": {"uv": [14, 13, 13, 12], "texture": "#0"},
				"down": {"uv": [1, 0, 0, 1], "texture": "#0"}
			}
		},
		{
			"name": "Left Arm",
			"from": [-1.37849, 1.06985, 6],
			"to": [2.62151, 7.06985, 10],
			"rotation": {"angle": 0, "axis": "z", "origin": [0.62151, 11.06985, 8]},
			"faces": {
				"north": {"uv": [9, 14.5, 10, 16], "texture": "#0"},
				"east": {"uv": [8, 14.5, 9, 16], "texture": "#0"},
				"south": {"uv": [11, 14.5, 11.5, 16], "texture": "#0"},
				"west": {"uv": [10, 14.5, 11, 16], "texture": "#0"},
				"up": {"uv": [10, 14.5, 9, 13.5], "texture": "#0"},
				"down": {"uv": [10.5, 12, 10, 13], "texture": "#0"}
			}
		},
		{
			"name": "Left Arm Layer",
			"from": [-1.62849, 0.81985, 5.75],
			"to": [2.87151, 7.31985, 10.25],
			"rotation": {"angle": 0, "axis": "z", "origin": [0.62151, 11.06985, 8]},
			"faces": {
				"north": {"uv": [13, 14.5, 14, 16], "texture": "#0"},
				"east": {"uv": [12, 14.5, 13, 16], "texture": "#0"},
				"south": {"uv": [15, 14.5, 15.5, 16], "texture": "#0"},
				"west": {"uv": [14, 14.5, 15, 16], "texture": "#0"},
				"up": {"uv": [1, 1, 0, 0], "texture": "#0"},
				"down": {"uv": [15, 12, 14, 13], "texture": "#0"}
			}
		},
		{
			"name": "Right Leg",
			"from": [7.9, -6, 6],
			"to": [11.65, 0, 10],
			"rotation": {"angle": 0, "axis": "x", "origin": [8, 0, 8]},
			"faces": {
				"north": {"uv": [1, 5, 2, 6.5], "texture": "#0"},
				"east": {"uv": [0, 5, 1, 6.5], "texture": "#0"},
				"south": {"uv": [3, 5, 4, 6.5], "texture": "#0"},
				"west": {"uv": [2, 5, 3, 6.5], "texture": "#0"},
				"up": {"uv": [2, 5, 1, 4], "texture": "#0"},
				"down": {"uv": [3, 4, 2, 5], "texture": "#0"}
			}
		},
		{
			"name": "Right Leg Layer",
			"from": [7.65, -6.25, 5.75],
			"to": [11.9, 0.25, 10.25],
			"rotation": {"angle": 0, "axis": "x", "origin": [8, 0, 8]},
			"faces": {
				"north": {"uv": [1, 9, 2, 10.5], "texture": "#0"},
				"east": {"uv": [0, 9, 1, 10.5], "texture": "#0"},
				"south": {"uv": [3, 9, 4, 10.5], "texture": "#0"},
				"west": {"uv": [2, 9, 3, 10.5], "texture": "#0"},
				"up": {"uv": [2, 9, 1, 8], "texture": "#0"},
				"down": {"uv": [1, 0, 0, 1], "texture": "#0"}
			}
		},
		{
			"name": "Right Leg",
			"from": [7.9, -12, 6],
			"to": [11.65, -6, 10],
			"rotation": {"angle": 0, "axis": "x", "origin": [8, 0, 8]},
			"faces": {
				"north": {"uv": [1, 6.5, 2, 8], "texture": "#0"},
				"east": {"uv": [0, 6.5, 1, 8], "texture": "#0"},
				"south": {"uv": [3, 6.5, 4, 8], "texture": "#0"},
				"west": {"uv": [2, 6.5, 3, 8], "texture": "#0"},
				"up": {"uv": [2, 6.5, 1, 5.5], "texture": "#0"},
				"down": {"uv": [3, 4, 2, 5], "texture": "#0"}
			}
		},
		{
			"name": "Right Leg Layer",
			"from": [7.65, -12.25, 5.75],
			"to": [11.9, -5.75, 10.25],
			"rotation": {"angle": 0, "axis": "x", "origin": [8, 0, 8]},
			"faces": {
				"north": {"uv": [1, 10.5, 2, 12], "texture": "#0"},
				"east": {"uv": [0, 10.5, 1, 12], "texture": "#0"},
				"south": {"uv": [3, 10.5, 4, 12], "texture": "#0"},
				"west": {"uv": [2, 10.5, 3, 12], "texture": "#0"},
				"up": {"uv": [1, 1, 0, 0], "texture": "#0"},
				"down": {"uv": [3, 8, 2, 9], "texture": "#0"}
			}
		},
		{
			"name": "Left Leg",
			"from": [4.35, -6, 6],
			"to": [8.1, 0, 10],
			"rotation": {"angle": 0, "axis": "y", "origin": [8, 0, 8]},
			"faces": {
				"north": {"uv": [5, 13, 6, 14.5], "texture": "#0"},
				"east": {"uv": [4, 13, 5, 14.5], "texture": "#0"},
				"south": {"uv": [7, 13, 8, 14.5], "texture": "#0"},
				"west": {"uv": [6, 13, 7, 14.5], "texture": "#0"},
				"up": {"uv": [6, 13, 5, 12], "texture": "#0"},
				"down": {"uv": [7, 12, 6, 13], "texture": "#0"}
			}
		},
		{
			"name": "Left Leg Layer",
			"from": [4.1, -6.25, 5.75],
			"to": [8.35, 0.25, 10.25],
			"rotation": {"angle": 0, "axis": "y", "origin": [8, 0, 8]},
			"faces": {
				"north": {"uv": [1, 13, 2, 14.5], "texture": "#0"},
				"east": {"uv": [0, 13, 1, 14.5], "texture": "#0"},
				"south": {"uv": [3, 13, 4, 14.5], "texture": "#0"},
				"west": {"uv": [2, 13, 3, 14.5], "texture": "#0"},
				"up": {"uv": [2, 13, 1, 12], "texture": "#0"},
				"down": {"uv": [1, 0, 0, 1], "texture": "#0"}
			}
		},
		{
			"name": "Left Leg",
			"from": [4.35, -12, 6],
			"to": [8.1, -6, 10],
			"rotation": {"angle": 0, "axis": "y", "origin": [8, 0, 8]},
			"faces": {
				"north": {"uv": [5, 14.5, 6, 16], "texture": "#0"},
				"east": {"uv": [4, 14.5, 5, 16], "texture": "#0"},
				"south": {"uv": [7, 14.5, 8, 16], "texture": "#0"},
				"west": {"uv": [6, 14.5, 7, 16], "texture": "#0"},
				"up": {"uv": [6, 14.5, 5, 13.5], "texture": "#0"},
				"down": {"uv": [7, 12, 6, 13], "texture": "#0"}
			}
		},
		{
			"name": "Left Leg Layer",
			"from": [4.1, -12.25, 5.75],
			"to": [8.35, -5.75, 10.25],
			"rotation": {"angle": 0, "axis": "y", "origin": [8, 0, 8]},
			"faces": {
				"north": {"uv": [1, 14.5, 2, 16], "texture": "#0"},
				"east": {"uv": [0, 14.5, 1, 16], "texture": "#0"},
				"south": {"uv": [3, 14.5, 4, 16], "texture": "#0"},
				"west": {"uv": [2, 14.5, 3, 16], "texture": "#0"},
				"up": {"uv": [1, 1, 0, 0], "texture": "#0"},
				"down": {"uv": [3, 12, 2, 13], "texture": "#0"}
			}
		},
		{
			"name": "luck_and_pluck_0",
			"from": [21.08, 11.36, -2.8],
			"to": [21.92, 13.88, -0.28],
			"rotation": {"angle": 0, "axis": "z", "origin": [1.28, 1.28, 1.28]},
			"faces": {
				"north": {"uv": [3, 0, 0, 1], "rotation": 270, "texture": "#1_0"},
				"east": {"uv": [0, 0, 3, 3], "rotation": 90, "texture": "#1_0"},
				"south": {"uv": [0, 2, 3, 3], "rotation": 90, "texture": "#1_0"},
				"west": {"uv": [0, 3, 3, 0], "rotation": 90, "texture": "#1_0"},
				"up": {"uv": [0, 0, 1, 3], "texture": "#1_0"},
				"down": {"uv": [2, 0, 3, 3], "rotation": 180, "texture": "#1_0"}
			}
		},
		{
			"name": "luck_and_pluck_1",
			"from": [21.08, 10.52, -1.96],
			"to": [21.92, 11.36, 2.24],
			"rotation": {"angle": 0, "axis": "z", "origin": [1.28, 1.28, 1.28]},
			"faces": {
				"north": {"uv": [4, 1, 3, 2], "rotation": 270, "texture": "#1_0"},
				"east": {"uv": [3, 1, 4, 6], "rotation": 90, "texture": "#1_0"},
				"south": {"uv": [3, 5, 4, 6], "rotation": 90, "texture": "#1_0"},
				"west": {"uv": [3, 6, 4, 1], "rotation": 90, "texture": "#1_0"},
				"up": {"uv": [3, 1, 4, 6], "texture": "#1_0"},
				"down": {"uv": [3, 1, 4, 6], "rotation": 180, "texture": "#1_0"}
			}
		},
		{
			"name": "luck_and_pluck_2",
			"from": [21.08, 9.68, -1.12],
			"to": [21.92, 10.52, 3.08],
			"rotation": {"angle": 0, "axis": "z", "origin": [1.28, 1.28, 1.28]},
			"faces": {
				"north": {"uv": [5, 2, 4, 3], "rotation": 270, "texture": "#1_0"},
				"east": {"uv": [4, 2, 5, 7], "rotation": 90, "texture": "#1_0"},
				"south": {"uv": [4, 6, 5, 7], "rotation": 90, "texture": "#1_0"},
				"west": {"uv": [4, 7, 5, 2], "rotation": 90, "texture": "#1_0"},
				"up": {"uv": [4, 2, 5, 7], "texture": "#1_0"},
				"down": {"uv": [4, 2, 5, 7], "rotation": 180, "texture": "#1_0"}
			}
		},
		{
			"name": "luck_and_pluck_3",
			"from": [21.08, 11.36, -0.28],
			"to": [21.92, 13.04, 0.56],
			"rotation": {"angle": 0, "axis": "z", "origin": [1.28, 1.28, 1.28]},
			"faces": {
				"north": {"uv": [3, 3, 1, 4], "rotation": 270, "texture": "#1_0"},
				"east": {"uv": [1, 3, 3, 4], "rotation": 90, "texture": "#1_0"},
				"south": {"uv": [1, 3, 3, 4], "rotation": 90, "texture": "#1_0"},
				"west": {"uv": [1, 4, 3, 3], "rotation": 90, "texture": "#1_0"},
				"up": {"uv": [1, 3, 2, 4], "texture": "#1_0"},
				"down": {"uv": [2, 3, 3, 4], "rotation": 180, "texture": "#1_0"}
			}
		},
		{
			"name": "luck_and_pluck_4",
			"from": [21.08, 8.84, -0.28],
			"to": [21.92, 9.68, 3.92],
			"rotation": {"angle": 0, "axis": "z", "origin": [1.28, 1.28, 1.28]},
			"faces": {
				"north": {"uv": [6, 3, 5, 4], "rotation": 270, "texture": "#1_0"},
				"east": {"uv": [5, 3, 6, 8], "rotation": 90, "texture": "#1_0"},
				"south": {"uv": [5, 7, 6, 8], "rotation": 90, "texture": "#1_0"},
				"west": {"uv": [5, 8, 6, 3], "rotation": 90, "texture": "#1_0"},
				"up": {"uv": [5, 3, 6, 8], "texture": "#1_0"},
				"down": {"uv": [5, 3, 6, 8], "rotation": 180, "texture": "#1_0"}
			}
		},
		{
			"name": "luck_and_pluck_5",
			"from": [21.08, 11.36, 0.56],
			"to": [21.92, 12.2, 1.4],
			"rotation": {"angle": 0, "axis": "z", "origin": [1.28, 1.28, 1.28]},
			"faces": {
				"north": {"uv": [3, 4, 2, 5], "rotation": 270, "texture": "#1_0"},
				"east": {"uv": [2, 4, 3, 5], "rotation": 90, "texture": "#1_0"},
				"south": {"uv": [2, 4, 3, 5], "rotation": 90, "texture": "#1_0"},
				"west": {"uv": [2, 5, 3, 4], "rotation": 90, "texture": "#1_0"},
				"up": {"uv": [2, 4, 3, 5], "texture": "#1_0"},
				"down": {"uv": [2, 4, 3, 5], "rotation": 180, "texture": "#1_0"}
			}
		},
		{
			"name": "luck_and_pluck_6",
			"from": [21.08, 8, 0.56],
			"to": [21.92, 8.84, 4.76],
			"rotation": {"angle": 0, "axis": "z", "origin": [1.28, 1.28, 1.28]},
			"faces": {
				"north": {"uv": [7, 4, 6, 5], "rotation": 270, "texture": "#1_0"},
				"east": {"uv": [6, 4, 7, 9], "rotation": 90, "texture": "#1_0"},
				"south": {"uv": [6, 8, 7, 9], "rotation": 90, "texture": "#1_0"},
				"west": {"uv": [6, 9, 7, 4], "rotation": 90, "texture": "#1_0"},
				"up": {"uv": [6, 4, 7, 9], "texture": "#1_0"},
				"down": {"uv": [6, 4, 7, 9], "rotation": 180, "texture": "#1_0"}
			}
		},
		{
			"name": "luck_and_pluck_7",
			"from": [21.08, 7.16, 1.4],
			"to": [21.92, 8, 5.6],
			"rotation": {"angle": 0, "axis": "z", "origin": [1.28, 1.28, 1.28]},
			"faces": {
				"north": {"uv": [8, 5, 7, 6], "rotation": 270, "texture": "#1_0"},
				"east": {"uv": [7, 5, 8, 10], "rotation": 90, "texture": "#1_0"},
				"south": {"uv": [7, 9, 8, 10], "rotation": 90, "texture": "#1_0"},
				"west": {"uv": [7, 10, 8, 5], "rotation": 90, "texture": "#1_0"},
				"up": {"uv": [7, 5, 8, 10], "texture": "#1_0"},
				"down": {"uv": [7, 5, 8, 10], "rotation": 180, "texture": "#1_0"}
			}
		},
		{
			"name": "luck_and_pluck_8",
			"from": [21.08, 6.32, 2.24],
			"to": [21.92, 7.16, 6.44],
			"rotation": {"angle": 0, "axis": "z", "origin": [1.28, 1.28, 1.28]},
			"faces": {
				"north": {"uv": [9, 6, 8, 7], "rotation": 270, "texture": "#1_0"},
				"east": {"uv": [8, 6, 9, 11], "rotation": 90, "texture": "#1_0"},
				"south": {"uv": [8, 10, 9, 11], "rotation": 90, "texture": "#1_0"},
				"west": {"uv": [8, 11, 9, 6], "rotation": 90, "texture": "#1_0"},
				"up": {"uv": [8, 6, 9, 11], "texture": "#1_0"},
				"down": {"uv": [8, 6, 9, 11], "rotation": 180, "texture": "#1_0"}
			}
		},
		{
			"name": "luck_and_pluck_9",
			"from": [21.08, 5.48, 3.08],
			"to": [21.92, 6.32, 7.28],
			"rotation": {"angle": 0, "axis": "z", "origin": [1.28, 1.28, 1.28]},
			"faces": {
				"north": {"uv": [10, 7, 9, 8], "rotation": 270, "texture": "#1_0"},
				"east": {"uv": [9, 7, 10, 12], "rotation": 90, "texture": "#1_0"},
				"south": {"uv": [9, 11, 10, 12], "rotation": 90, "texture": "#1_0"},
				"west": {"uv": [9, 12, 10, 7], "rotation": 90, "texture": "#1_0"},
				"up": {"uv": [9, 7, 10, 12], "texture": "#1_0"},
				"down": {"uv": [9, 7, 10, 12], "rotation": 180, "texture": "#1_0"}
			}
		},
		{
			"name": "luck_and_pluck_10",
			"from": [21.08, 4.64, 3.92],
			"to": [21.92, 5.48, 9.8],
			"rotation": {"angle": 0, "axis": "z", "origin": [1.28, 1.28, 1.28]},
			"faces": {
				"north": {"uv": [11, 8, 10, 9], "rotation": 270, "texture": "#1_0"},
				"east": {"uv": [10, 8, 11, 15], "rotation": 90, "texture": "#1_0"},
				"south": {"uv": [10, 14, 11, 15], "rotation": 90, "texture": "#1_0"},
				"west": {"uv": [10, 15, 11, 8], "rotation": 90, "texture": "#1_0"},
				"up": {"uv": [10, 8, 11, 15], "texture": "#1_0"},
				"down": {"uv": [10, 8, 11, 15], "rotation": 180, "texture": "#1_0"}
			}
		},
		{
			"name": "luck_and_pluck_11",
			"from": [21.08, 0.44, 3.92],
			"to": [21.92, 1.28, 5.6],
			"rotation": {"angle": 0, "axis": "z", "origin": [1.28, 1.28, 1.28]},
			"faces": {
				"north": {"uv": [16, 8, 15, 9], "rotation": 270, "texture": "#1_0"},
				"east": {"uv": [15, 8, 16, 10], "rotation": 90, "texture": "#1_0"},
				"south": {"uv": [15, 9, 16, 10], "rotation": 90, "texture": "#1_0"},
				"west": {"uv": [15, 10, 16, 8], "rotation": 90, "texture": "#1_0"},
				"up": {"uv": [15, 8, 16, 10], "texture": "#1_0"},
				"down": {"uv": [15, 8, 16, 10], "rotation": 180, "texture": "#1_0"}
			}
		},
		{
			"name": "luck_and_pluck_12",
			"from": [21.08, 3.8, 4.76],
			"to": [21.92, 4.64, 8.96],
			"rotation": {"angle": 0, "axis": "z", "origin": [1.28, 1.28, 1.28]},
			"faces": {
				"north": {"uv": [12, 9, 11, 10], "rotation": 270, "texture": "#1_0"},
				"east": {"uv": [11, 9, 12, 14], "rotation": 90, "texture": "#1_0"},
				"south": {"uv": [11, 13, 12, 14], "rotation": 90, "texture": "#1_0"},
				"west": {"uv": [11, 14, 12, 9], "rotation": 90, "texture": "#1_0"},
				"up": {"uv": [11, 9, 12, 14], "texture": "#1_0"},
				"down": {"uv": [11, 9, 12, 14], "rotation": 180, "texture": "#1_0"}
			}
		},
		{
			"name": "luck_and_pluck_13",
			"from": [21.08, 1.28, 4.76],
			"to": [21.92, 2.12, 6.44],
			"rotation": {"angle": 0, "axis": "z", "origin": [1.28, 1.28, 1.28]},
			"faces": {
				"north": {"uv": [15, 9, 14, 10], "rotation": 270, "texture": "#1_0"},
				"east": {"uv": [14, 9, 15, 11], "rotation": 90, "texture": "#1_0"},
				"south": {"uv": [14, 10, 15, 11], "rotation": 90, "texture": "#1_0"},
				"west": {"uv": [14, 11, 15, 9], "rotation": 90, "texture": "#1_0"},
				"up": {"uv": [14, 9, 15, 11], "texture": "#1_0"},
				"down": {"uv": [14, 9, 15, 11], "rotation": 180, "texture": "#1_0"}
			}
		},
		{
			"name": "luck_and_pluck_14",
			"from": [21.08, 2.12, 5.6],
			"to": [21.92, 3.8, 8.96],
			"rotation": {"angle": 0, "axis": "z", "origin": [1.28, 1.28, 1.28]},
			"faces": {
				"north": {"uv": [14, 10, 12, 11], "rotation": 270, "texture": "#1_0"},
				"east": {"uv": [12, 10, 14, 14], "rotation": 90, "texture": "#1_0"},
				"south": {"uv": [12, 13, 14, 14], "rotation": 90, "texture": "#1_0"},
				"west": {"uv": [12, 14, 14, 10], "rotation": 90, "texture": "#1_0"},
				"up": {"uv": [12, 10, 13, 14], "texture": "#1_0"},
				"down": {"uv": [13, 10, 14, 14], "rotation": 180, "texture": "#1_0"}
			}
		},
		{
			"name": "luck_and_pluck_15",
			"from": [21.08, 1.28, 8.12],
			"to": [21.92, 2.12, 10.64],
			"rotation": {"angle": 0, "axis": "z", "origin": [1.28, 1.28, 1.28]},
			"faces": {
				"north": {"uv": [15, 13, 14, 14], "rotation": 270, "texture": "#1_0"},
				"east": {"uv": [14, 13, 15, 16], "rotation": 90, "texture": "#1_0"},
				"south": {"uv": [14, 15, 15, 16], "rotation": 90, "texture": "#1_0"},
				"west": {"uv": [14, 16, 15, 13], "rotation": 90, "texture": "#1_0"},
				"up": {"uv": [14, 13, 15, 16], "texture": "#1_0"},
				"down": {"uv": [14, 13, 15, 16], "rotation": 180, "texture": "#1_0"}
			}
		},
		{
			"name": "luck_and_pluck_16",
			"from": [21.08, 5.48, 8.96],
			"to": [21.92, 6.32, 10.64],
			"rotation": {"angle": 0, "axis": "z", "origin": [1.28, 1.28, 1.28]},
			"faces": {
				"north": {"uv": [10, 14, 9, 15], "rotation": 270, "texture": "#1_0"},
				"east": {"uv": [9, 14, 10, 16], "rotation": 90, "texture": "#1_0"},
				"south": {"uv": [9, 15, 10, 16], "rotation": 90, "texture": "#1_0"},
				"west": {"uv": [9, 16, 10, 14], "rotation": 90, "texture": "#1_0"},
				"up": {"uv": [9, 14, 10, 16], "texture": "#1_0"},
				"down": {"uv": [9, 14, 10, 16], "rotation": 180, "texture": "#1_0"}
			}
		},
		{
			"name": "luck_and_pluck_17",
			"from": [21.08, 2.12, 8.96],
			"to": [21.92, 2.96, 9.8],
			"rotation": {"angle": 0, "axis": "z", "origin": [1.28, 1.28, 1.28]},
			"faces": {
				"north": {"uv": [14, 14, 13, 15], "rotation": 270, "texture": "#1_0"},
				"east": {"uv": [13, 14, 14, 15], "rotation": 90, "texture": "#1_0"},
				"south": {"uv": [13, 14, 14, 15], "rotation": 90, "texture": "#1_0"},
				"west": {"uv": [13, 15, 14, 14], "rotation": 90, "texture": "#1_0"},
				"up": {"uv": [13, 14, 14, 15], "texture": "#1_0"},
				"down": {"uv": [13, 14, 14, 15], "rotation": 180, "texture": "#1_0"}
			}
		},
		{
			"name": "luck_and_pluck_18",
			"from": [21.08, 0.44, 8.96],
			"to": [21.92, 1.28, 10.64],
			"rotation": {"angle": 0, "axis": "z", "origin": [1.28, 1.28, 1.28]},
			"faces": {
				"north": {"uv": [16, 14, 15, 15], "rotation": 270, "texture": "#1_0"},
				"east": {"uv": [15, 14, 16, 16], "rotation": 90, "texture": "#1_0"},
				"south": {"uv": [15, 15, 16, 16], "rotation": 90, "texture": "#1_0"},
				"west": {"uv": [15, 16, 16, 14], "rotation": 90, "texture": "#1_0"},
				"up": {"uv": [15, 14, 16, 16], "texture": "#1_0"},
				"down": {"uv": [15, 14, 16, 16], "rotation": 180, "texture": "#1_0"}
			}
		},
		{
			"name": "luck_and_pluck_19",
			"from": [21.08, 6.32, 9.8],
			"to": [21.92, 7.16, 10.64],
			"rotation": {"angle": 0, "axis": "z", "origin": [1.28, 1.28, 1.28]},
			"faces": {
				"north": {"uv": [9, 15, 8, 16], "rotation": 270, "texture": "#1_0"},
				"east": {"uv": [8, 15, 9, 16], "rotation": 90, "texture": "#1_0"},
				"south": {"uv": [8, 15, 9, 16], "rotation": 90, "texture": "#1_0"},
				"west": {"uv": [8, 16, 9, 15], "rotation": 90, "texture": "#1_0"},
				"up": {"uv": [8, 15, 9, 16], "texture": "#1_0"},
				"down": {"uv": [8, 15, 9, 16], "rotation": 180, "texture": "#1_0"}
			}
		},
		{
			"from": [20.5, 1.75, 7.25],
			"to": [22.5, 3, 10],
			"rotation": {"angle": -22.5, "axis": "x", "origin": [21.5, 2.80552, 10.28936]},
			"faces": {
				"north": {"uv": [2, 1.25, 2.5, 1.5625], "texture": "#0"},
				"east": {"uv": [0, 2.5, 0.1875, 2.8125], "texture": "#0"},
				"south": {"uv": [4.5, 2.25, 4.25, 2.5625], "texture": "#0"},
				"west": {"uv": [4.25, 2.25, 4.1875, 2.5625], "texture": "#0"},
				"up": {"uv": [2, 0, 2.5, 0.6875], "texture": "#0"},
				"down": {"uv": [6, 2.25, 6.25, 2.4375], "texture": "#0"}
			}
		},
		{
			"from": [20.75, 1.94134, 9.61679],
			"to": [22.25, 3.19134, 14.36679],
			"rotation": {"angle": -22.5, "axis": "x", "origin": [21.5, 2.80552, 10.28936]},
			"faces": {
				"north": {"uv": [2, 1.25, 2.375, 1.5625], "texture": "#0"},
				"east": {"uv": [0, 2.5, 0.6875, 2.8125], "texture": "#0"},
				"south": {"uv": [4.5, 2.25, 4.125, 2.5625], "texture": "#0"},
				"west": {"uv": [4.25, 2.25, 4.6875, 2.5625], "texture": "#0"},
				"up": {"uv": [2, 0, 2.375, 1.1875], "texture": "#0"},
				"down": {"uv": [6, 2.25, 6.125, 2.9375], "texture": "#0"}
			}
		},
		{
			"from": [17.33318, 3.26991, 11.98265],
			"to": [19.83318, 5.01991, 16.73265],
			"rotation": {"angle": -45, "axis": "y", "origin": [18.58318, 4.14491, 16.35765]},
			"faces": {
				"north": {"uv": [2, 1.25, 2.625, 1.6875], "texture": "#0"},
				"east": {"uv": [0, 2.5, 0.6875, 2.9375], "texture": "#0"},
				"south": {"uv": [4.5, 2.25, 4.375, 2.6875], "texture": "#0"},
				"west": {"uv": [4.25, 2.25, 4.6875, 2.6875], "texture": "#0"},
				"up": {"uv": [2, 0, 2.625, 1.1875], "texture": "#0"},
				"down": {"uv": [6, 2.25, 6.375, 2.9375], "texture": "#0"}
			}
		},
		{
			"from": [14.81976, 5.08766, 15.10765],
			"to": [19.56976, 6.83766, 17.60765],
			"rotation": {"angle": -22.5, "axis": "z", "origin": [14.19476, 5.96266, 16.35765]},
			"faces": {
				"north": {"uv": [2, 1.25, 3.1875, 1.6875], "texture": "#0"},
				"east": {"uv": [0, 2.5, 0.125, 2.9375], "texture": "#0"},
				"south": {"uv": [4.5, 2.25, 4.9375, 2.6875], "texture": "#0"},
				"west": {"uv": [4.25, 2.25, 4.125, 2.6875], "texture": "#0"},
				"up": {"uv": [2, 0, 2.625, 1.1875], "rotation": 90, "texture": "#0"},
				"down": {"uv": [6, 2.25, 6.375, 2.9375], "rotation": 270, "texture": "#0"}
			}
		},
		{
			"from": [4.31976, 4.58766, 14.60765],
			"to": [15.06976, 7.33766, 18.10765],
			"rotation": {"angle": 0, "axis": "z", "origin": [14.19476, 5.96266, 16.35765]},
			"faces": {
				"north": {"uv": [2, 1.25, 3.9375, 1.9375], "texture": "#0"},
				"east": {"uv": [0, 2.5, 0.375, 3.1875], "texture": "#0"},
				"south": {"uv": [4.5, 2.25, 5.6875, 2.9375], "texture": "#0"},
				"west": {"uv": [4.25, 2.25, 4.375, 2.9375], "texture": "#0"},
				"up": {"uv": [2, 0, 2.875, 1.9375], "rotation": 90, "texture": "#0"},
				"down": {"uv": [6, 2.25, 6.625, 3.6875], "rotation": 270, "texture": "#0"}
			}
		},
		{
			"from": [4.36342, 6.44242, 12.98265],
			"to": [11.86342, 20.44242, 17.73265],
			"rotation": {"angle": -22.5, "axis": "x", "origin": [9.11342, 8.06742, 16.35765]},
			"faces": {
				"north": {"uv": [6, 2.25, 7.625, 3.75], "texture": "#0"},
				"east": {"uv": [0, 2.5, 1.5, 3.1875], "rotation": 270, "texture": "#0"},
				"south": {"uv": [2, 0, 3.875, 2], "rotation": 180, "texture": "#0"},
				"west": {"uv": [4.25, 2.25, 5.5, 2.9375], "rotation": 90, "texture": "#0"},
				"up": {"uv": [2, 1.25, 3.875, 1.9375], "rotation": 180, "texture": "#0"},
				"down": {"uv": [4.5, 2.25, 5.625, 2.9375], "texture": "#0"}
			}
		}
	],
	"display": {
		"thirdperson_righthand": {
			"rotation": [45.27, 0.67, -89.6],
			"translation": [7.25, 7.25, 2.5]
		},
		"thirdperson_lefthand": {
			"rotation": [138.74, 0.78, -90.01],
			"translation": [8, 7.5, 2.75]
		},
		"firstperson_righthand": {
			"rotation": [113.59, -7.98, 79.01],
			"translation": [-7.75, 6.75, 2.5],
			"scale": [0.72852, 0.72852, 0.72852]
		},
		"firstperson_lefthand": {
			"rotation": [115.99, -9.22, -107.6],
			"translation": [1.75, 6.75, 0],
			"scale": [0.68164, 0.68164, 0.68164]
		},
		"ground": {
			"translation": [0, 4.25, 0]
		},
		"gui": {
			"rotation": [90, 0, 0]
		},
		"head": {
			"translation": [0, -12.75, 0],
			"scale": [1.6, 1.6, 1.6]
		},
		"fixed": {
			"rotation": [90, 0, 0],
			"translation": [0, 0, 7.25]
		}
	},
	"groups": [
		{
			"name": "Head",
			"origin": [0, 24, 0],
			"color": 0,
			"children": [0, 1]
		},
		{
			"name": "Body",
			"origin": [0, 24, 0],
			"color": 0,
			"children": [
				2,
				3,
				{
					"name": "Body",
					"origin": [0, 24, 0],
					"color": 0,
					"children": [4, 5]
				}
			]
		},
		{
			"name": "RightArm",
			"origin": [5, 22, 0],
			"color": 0,
			"children": [
				6,
				7,
				{
					"name": "RightArm",
					"origin": [5, 22, 0],
					"color": 0,
					"children": [8, 9]
				}
			]
		},
		{
			"name": "LeftArm",
			"origin": [-5, 22, 0],
			"color": 0,
			"children": [
				10,
				11,
				{
					"name": "LeftArm",
					"origin": [-5, 22, 0],
					"color": 0,
					"children": [12, 13]
				}
			]
		},
		{
			"name": "RightLeg",
			"origin": [1.9, 12, 0],
			"color": 0,
			"children": [
				14,
				15,
				{
					"name": "RightLeg",
					"origin": [1.9, 12, 0],
					"color": 0,
					"children": [16, 17]
				}
			]
		},
		{
			"name": "LeftLeg",
			"origin": [-1.9, 12, 0],
			"color": 0,
			"children": [
				18,
				19,
				{
					"name": "LeftLeg",
					"origin": [-1.9, 12, 0],
					"color": 0,
					"children": [20, 21]
				}
			]
		},
		{
			"name": "luckpluck",
			"origin": [8, 8, 8],
			"color": 0,
			"children": [
				{
					"name": "luck_and_pluck",
					"origin": [8, 8, 8],
					"color": 0,
					"children": [22, 23, 24, 25, 26, 27, 28, 29, 30, 31, 32, 33, 34, 35, 36, 37, 38, 39, 40, 41]
				}
			]
		},
		{
			"name": "hair",
			"origin": [8, 8, 8],
			"color": 0,
			"children": [42, 43, 44, 45, 46, 47]
		}
	]
}