{
    "parent": "item/generated",
    "textures": {
        "layer0": "item/diamond"
    },
    "overrides": [

        {"predicate": {"custom_model_data": 120101}, "model": "nw:stand/base/the_world"},
        {"predicate": {"custom_model_data": 120102}, "model": "nw:stand/base/star_platinum"},
        {"predicate": {"custom_model_data": 120103}, "model": "nw:stand/base/hermit_purple"},
        {"predicate": {"custom_model_data": 120104}, "model": "nw:stand/base/magicians_red"},
        {"predicate": {"custom_model_data": 120105}, "model": "nw:stand/base/hierophant_green"},
        {"predicate": {"custom_model_data": 120106}, "model": "nw:stand/base/silver_chariot"},
        {"predicate": {"custom_model_data": 120107}, "model": "nw:stand/base/dark_blue_moon"},
        {"predicate": {"custom_model_data": 120108}, "model": "nw:stand/base/other/boingo"},
        {"predicate": {"custom_model_data": 120109}, "model": "nw:stand/base/cream"},
        {"predicate": {"custom_model_data": 120110}, "model": "nw:stand/base/horus"},
        {"predicate": {"custom_model_data": 120111}, "model": "nw:stand/base/the_fool"},
        {"predicate": {"custom_model_data": 120112}, "model": "nw:stand/base/justice"},
        {"predicate": {"custom_model_data": 120113}, "model": "nw:stand/base/death_13"},
        {"predicate": {"custom_model_data": 120114}, "model": "nw:stand/base/anubis"},
        {"predicate": {"custom_model_data": 120115}, "model": "nw:stand/base/tower_of_gray"},
        {"predicate": {"custom_model_data": 120116}, "model": "nw:stand/base/sun"},
        {"predicate": {"custom_model_data": 120117}, "model": "nw:stand/base/crazy_diamond"},
        {"predicate": {"custom_model_data": 120118}, "model": "nw:stand/base/echoes1"},
        {"predicate": {"custom_model_data": 120119}, "model": "nw:stand/base/the_hand"},
        {"predicate": {"custom_model_data": 120121}, "model": "nw:stand/base/chilly_pepper"},
        {"predicate": {"custom_model_data": 120122}, "model": "nw:stand/base/heavens_door"},
        {"predicate": {"custom_model_data": 120123}, "model": "nw:stand/base/highway_star"},
        {"predicate": {"custom_model_data": 120125}, "model": "nw:stand/base/harvest"},
        {"predicate": {"custom_model_data": 120126}, "model": "nw:stand/base/achtung_baby"},
        {"predicate": {"custom_model_data": 120127}, "model": "nw:stand/base/killer_queen"},

        {"predicate": {"custom_model_data": 120201}, "model": "nw:stand/base/other/the_world_stop"},
        {"predicate": {"custom_model_data": 120202}, "model": "nw:stand/base/other/star_platinum_punch"},
        {"predicate": {"custom_model_data": 120204}, "model": "nw:stand/base/other/magicians_kick"},
        {"predicate": {"custom_model_data": 120205}, "model": "nw:stand/base/other/hierophant_slap"},
        {"predicate": {"custom_model_data": 120206}, "model": "nw:stand/base/other/chariot_pierce"},
        {"predicate": {"custom_model_data": 120209}, "model": "nw:stand/base/other/cream_punch"},
        {"predicate": {"custom_model_data": 120210}, "model": "nw:stand/base/other/ice_dagger"},
        {"predicate": {"custom_model_data": 120211}, "model": "nw:stand/base/other/the_fool_slash"},
        {"predicate": {"custom_model_data": 120213}, "model": "nw:stand/base/other/death_scytheless"},
        {"predicate": {"custom_model_data": 120217}, "model": "nw:stand/base/other/crazy_diamond_punch"},
        {"predicate": {"custom_model_data": 120218}, "model": "nw:stand/base/echoes2"},
        {"predicate": {"custom_model_data": 120219}, "model": "nw:stand/base/other/the_hand_punch"},
        {"predicate": {"custom_model_data": 120221}, "model": "nw:stand/base/other/chilly_pepper_punch"},
        {"predicate": {"custom_model_data": 120222}, "model": "nw:stand/base/other/heavens_door_set"},
        {"predicate": {"custom_model_data": 120223}, "model": "nw:stand/base/other/highway_star_punch"},
        {"predicate": {"custom_model_data": 120225}, "model": "nw:stand/base/other/harvest_walk"},
        {"predicate": {"custom_model_data": 120226}, "model": "nw:stand/base/other/achtung_baby_punch"},
        {"predicate": {"custom_model_data": 120227}, "model": "nw:stand/base/other/killer_queen_set"},


        {"predicate": {"custom_model_data": 120301}, "model": "nw:stand/base/other/the_world_donut"},
        {"predicate": {"custom_model_data": 120302}, "model": "nw:stand/base/other/star_platinum_finger"},
        {"predicate": {"custom_model_data": 120304}, "model": "nw:stand/base/other/magicians_bind"},
        {"predicate": {"custom_model_data": 120305}, "model": "nw:stand/base/other/hierophant_bind"},
        {"predicate": {"custom_model_data": 120306}, "model": "nw:stand/base/other/chariot_spin"},
        {"predicate": {"custom_model_data": 120309}, "model": "nw:stand/base/other/cream_bite"},
        {"predicate": {"custom_model_data": 120310}, "model": "nw:stand/base/other/ice_dagger2"},
        {"predicate": {"custom_model_data": 120311}, "model": "nw:stand/base/other/the_fool_flight"},
        {"predicate": {"custom_model_data": 120313}, "model": "nw:stand/base/anim/death_scythe"},
        {"predicate": {"custom_model_data": 120317}, "model": "nw:stand/base/other/crazy_diamond_slam"},
        {"predicate": {"custom_model_data": 120318}, "model": "nw:stand/base/echoes3"},
        {"predicate": {"custom_model_data": 120319}, "model": "nw:stand/base/other/the_hand_air"},
        {"predicate": {"custom_model_data": 120323}, "model": "nw:stand/base/anim/highway_feet"},
        {"predicate": {"custom_model_data": 120325}, "model": "nw:stand/base/other/harvest_bd"},
        {"predicate": {"custom_model_data": 120327}, "model": "nw:stand/base/other/killer_queen_donut"},


        {"predicate": {"custom_model_data": 120401}, "model": "nw:stand/base/anim/the_world"},
        {"predicate": {"custom_model_data": 120402}, "model": "nw:stand/base/anim/star_platinum"},
        {"predicate": {"custom_model_data": 120404}, "model": "nw:stand/base/other/crossfire"},
        {"predicate": {"custom_model_data": 120405}, "model": "nw:stand/base/other/hierophant_splash"},
        {"predicate": {"custom_model_data": 120406}, "model": "nw:stand/base/anim/chariot_barrage"},
        {"predicate": {"custom_model_data": 120409}, "model": "nw:stand/base/other/cream_void"},
        {"predicate": {"custom_model_data": 120411}, "model": "nw:stand/base/other/sand_dome"},
        {"predicate": {"custom_model_data": 120413}, "model": "nw:stand/base/other/death_attack1"},
        {"predicate": {"custom_model_data": 120417}, "model": "nw:stand/base/anim/crazy_diamond"},
        {"predicate": {"custom_model_data": 120418}, "model": "nw:stand/base/anim/echoes_barrage"},
        {"predicate": {"custom_model_data": 120419}, "model": "nw:stand/base/anim/the_hand_erase"},
        {"predicate": {"custom_model_data": 120423}, "model": "nw:stand/base/anim/highway_star"},
        {"predicate": {"custom_model_data": 120426}, "model": "nw:stand/base/anim/achtung_baby"},
        {"predicate": {"custom_model_data": 120427}, "model": "nw:stand/base/anim/killer_queen"},



        {"predicate": {"custom_model_data": 120501}, "model": "nw:stand/base/other/roller"},
        {"predicate": {"custom_model_data": 120502}, "model": "nw:stand/base/other/star_platinum_suck"},
        {"predicate": {"custom_model_data": 120506}, "model": "nw:stand/base/other/chariot_armorless"},
        {"predicate": {"custom_model_data": 120511}, "model": "nw:stand/base/other/the_fool_dio"},
        {"predicate": {"custom_model_data": 120513}, "model": "nw:stand/base/other/death_attack2"},
        {"predicate": {"custom_model_data": 120517}, "model": "nw:stand/base/other/crazy_diamond_glass"},
        {"predicate": {"custom_model_data": 120518}, "model": "nw:stand/base/other/echoes3_punch"},
        {"predicate": {"custom_model_data": 120519}, "model": "nw:stand/base/other/the_hand_erase"},
        {"predicate": {"custom_model_data": 120527}, "model": "nw:stand/base/other/sheer_heart_attack"},


        {"predicate": {"custom_model_data": 120601}, "model": "nw:stand/base/other/the_world_punch"},
        {"predicate": {"custom_model_data": 120606}, "model": "nw:stand/base/anim/chariot_barrage2"},
        {"predicate": {"custom_model_data": 120611}, "model": "nw:stand/base/other/sand_wave"},

        {"predicate": {"custom_model_data": 120613}, "model": "nw:stand/base/other/death_attack3"},
        {"predicate": {"custom_model_data": 120619}, "model": "nw:stand/base/anim/the_hand"},
        {"predicate": {"custom_model_data": 120627}, "model": "nw:stand/evo/other/killer_stray"},

        {"predicate": {"custom_model_data": 120701}, "model": "nw:stand/base/anim/the_world_kick"},
        {"predicate": {"custom_model_data": 120727}, "model": "nw:stand/evo/other/killer_btd"},

        {"predicate": {"custom_model_data": 120901}, "model": "nw:stand/base/other/the_world_block"},
        {"predicate": {"custom_model_data": 120902}, "model": "nw:stand/base/other/sp_block"},
        {"predicate": {"custom_model_data": 120904}, "model": "nw:stand/base/other/magicians_block"},
        {"predicate": {"custom_model_data": 120905}, "model": "nw:stand/base/other/hierophant_block"},
        {"predicate": {"custom_model_data": 120907}, "model": "nw:stand/base/other/dbm_block"},



        {"predicate": {"custom_model_data": 121101}, "model": "nw:stand/base/stw1"},
        {"predicate": {"custom_model_data": 121102}, "model": "nw:stand/evo/sptw"},
        {"predicate": {"custom_model_data": 121106}, "model": "nw:stand/evo/veteran_chariot"},
        {"predicate": {"custom_model_data": 121114}, "model": "nw:stand/evo/anubis_chariot"},


        {"predicate": {"custom_model_data": 121201}, "model": "nw:stand/base/stw2"},
        {"predicate": {"custom_model_data": 121202}, "model": "nw:stand/evo/other/star_platinum_punch"},
        {"predicate": {"custom_model_data": 121206}, "model": "nw:stand/evo/other/chariot_pierce"},
        {"predicate": {"custom_model_data": 121214}, "model": "nw:stand/evo/other/anubis_rapier"},

        {"predicate": {"custom_model_data": 121302}, "model": "nw:stand/evo/other/star_platinum_slam"},
        {"predicate": {"custom_model_data": 121306}, "model": "nw:stand/evo/other/chariot_arrow"},
        {"predicate": {"custom_model_data": 121314}, "model": "nw:stand/evo/other/anubis_anubis"},

        {"predicate": {"custom_model_data": 121402}, "model": "nw:stand/evo/anim/star_platinum"},
        {"predicate": {"custom_model_data": 121414}, "model": "nw:stand/evo/anim/anubis_barrage"},

        {"predicate": {"custom_model_data": 121502}, "model": "nw:stand/evo/other/star_platinum_stop"},
        {"predicate": {"custom_model_data": 121514}, "model": "nw:stand/evo/anim/anubis_spin1"},

        {"predicate": {"custom_model_data": 121614}, "model": "nw:stand/evo/other/anubis_spin2"},

        {"predicate": {"custom_model_data": 121714}, "model": "nw:stand/evo/anim/anubis_spin3"},

        {"predicate": {"custom_model_data": 121814}, "model": "nw:stand/evo/other/anubis_dual"},

        {"predicate": {"custom_model_data": 121914}, "model": "nw:stand/evo/other/anubis_upper"},


        {"predicate": {"custom_model_data": 122106}, "model": "nw:stand/evo/chariot_requiem"},


        {"predicate": {"custom_model_data": 122206}, "model": "nw:stand/evo/chariot_attack"},

        {"predicate": {"custom_model_data": 122306}, "model": "nw:stand/evo/anim/chariot_walk"},


        {"predicate": {"custom_model_data": 130101}, "model": "nw:stand/skins/the_world"},
        {"predicate": {"custom_model_data": 130102}, "model": "nw:stand/skins/star_platinum"},
        {"predicate": {"custom_model_data": 130104}, "model": "nw:stand/skins/magicians_red"},
        {"predicate": {"custom_model_data": 130105}, "model": "nw:stand/skins/hierophant_green"},
        {"predicate": {"custom_model_data": 130106}, "model": "nw:stand/skins/silver_chariot"},
        {"predicate": {"custom_model_data": 130107}, "model": "nw:stand/skins/dark_blue_moon"},
        {"predicate": {"custom_model_data": 130109}, "model": "nw:stand/skins/cream"},
        {"predicate": {"custom_model_data": 130110}, "model": "nw:stand/skins/horus"},
        {"predicate": {"custom_model_data": 130111}, "model": "nw:stand/skins/the_fool"},
        {"predicate": {"custom_model_data": 130112}, "model": "nw:stand/skins/justice"},
        {"predicate": {"custom_model_data": 130113}, "model": "nw:stand/skins/death_13"},
        {"predicate": {"custom_model_data": 130114}, "model": "nw:stand/skins/nitocris"},
        {"predicate": {"custom_model_data": 130115}, "model": "nw:stand/skins/tower_of_gray"},
        {"predicate": {"custom_model_data": 130117}, "model": "nw:stand/skins/crazy_diamond"},
        {"predicate": {"custom_model_data": 130118}, "model": "nw:stand/skins/echoes1"},
        {"predicate": {"custom_model_data": 130119}, "model": "nw:stand/skins/the_hand"},
        {"predicate": {"custom_model_data": 130121}, "model": "nw:stand/skins/chilly_pepper"},
        {"predicate": {"custom_model_data": 130122}, "model": "nw:stand/skins/heavens_door"},
        {"predicate": {"custom_model_data": 130123}, "model": "nw:stand/skins/highway_star"},
        {"predicate": {"custom_model_data": 130125}, "model": "nw:stand/skins/harvest"},
        {"predicate": {"custom_model_data": 130126}, "model": "nw:stand/skins/achtung_baby"},
        {"predicate": {"custom_model_data": 130127}, "model": "nw:stand/skins/killer_queen"},

        {"predicate": {"custom_model_data": 130201}, "model": "nw:stand/skins/other/the_world_stop"},
        {"predicate": {"custom_model_data": 130202}, "model": "nw:stand/skins/other/star_platinum_punch"},
        {"predicate": {"custom_model_data": 130204}, "model": "nw:stand/skins/other/magicians_kick"},
        {"predicate": {"custom_model_data": 130205}, "model": "nw:stand/skins/other/hierophant_slap"},
        {"predicate": {"custom_model_data": 130206}, "model": "nw:stand/skins/other/chariot_pierce"},
        {"predicate": {"custom_model_data": 130209}, "model": "nw:stand/skins/other/cream_punch"},
        {"predicate": {"custom_model_data": 130211}, "model": "nw:stand/skins/other/the_fool_slash"},
        {"predicate": {"custom_model_data": 130213}, "model": "nw:stand/skins/other/death_scytheless"},
        {"predicate": {"custom_model_data": 130217}, "model": "nw:stand/skins/other/crazy_diamond_punch"},
        {"predicate": {"custom_model_data": 130218}, "model": "nw:stand/skins/echoes2"},
        {"predicate": {"custom_model_data": 130219}, "model": "nw:stand/skins/other/the_hand_punch"},
        {"predicate": {"custom_model_data": 130221}, "model": "nw:stand/skins/other/chilly_pepper_punch"},
        {"predicate": {"custom_model_data": 130222}, "model": "nw:stand/skins/other/heavens_door_set"},
        {"predicate": {"custom_model_data": 130223}, "model": "nw:stand/skins/other/highway_star_punch"},
        {"predicate": {"custom_model_data": 130225}, "model": "nw:stand/skins/other/harvest_walk"},
        {"predicate": {"custom_model_data": 130226}, "model": "nw:stand/skins/other/achtung_baby_punch"},
        {"predicate": {"custom_model_data": 130227}, "model": "nw:stand/skins/other/killer_queen_set"},

        {"predicate": {"custom_model_data": 130301}, "model": "nw:stand/skins/other/the_world_donut"},
        {"predicate": {"custom_model_data": 130302}, "model": "nw:stand/skins/other/star_platinum_finger"},
        {"predicate": {"custom_model_data": 130304}, "model": "nw:stand/skins/other/magicians_bind"},
        {"predicate": {"custom_model_data": 130305}, "model": "nw:stand/skins/other/hierophant_bind"},
        {"predicate": {"custom_model_data": 130306}, "model": "nw:stand/skins/other/chariot_spin"},
        {"predicate": {"custom_model_data": 130309}, "model": "nw:stand/skins/other/cream_bite"},
        {"predicate": {"custom_model_data": 130311}, "model": "nw:stand/skins/other/the_fool_flight"},
        {"predicate": {"custom_model_data": 130317}, "model": "nw:stand/skins/other/crazy_diamond_slam"},
        {"predicate": {"custom_model_data": 130318}, "model": "nw:stand/skins/echoes3"},
        {"predicate": {"custom_model_data": 130319}, "model": "nw:stand/skins/other/the_hand_air"},
        {"predicate": {"custom_model_data": 130325}, "model": "nw:stand/skins/other/harvest_bd"},
        {"predicate": {"custom_model_data": 130327}, "model": "nw:stand/skins/other/killer_queen_donut"},


        {"predicate": {"custom_model_data": 130401}, "model": "nw:stand/skins/anim/the_world"},
        {"predicate": {"custom_model_data": 130402}, "model": "nw:stand/skins/anim/star_platinum"},
        {"predicate": {"custom_model_data": 130405}, "model": "nw:stand/skins/other/hierophant_splash"},
        {"predicate": {"custom_model_data": 130406}, "model": "nw:stand/skins/anim/chariot_barrage"},
        {"predicate": {"custom_model_data": 130409}, "model": "nw:stand/skins/other/cream_void"},
        {"predicate": {"custom_model_data": 130413}, "model": "nw:stand/skins/other/death_attack1"},
        {"predicate": {"custom_model_data": 130417}, "model": "nw:stand/skins/anim/crazy_diamond"},
        {"predicate": {"custom_model_data": 130418}, "model": "nw:stand/skins/anim/echoes_barrage"},
        {"predicate": {"custom_model_data": 130419}, "model": "nw:stand/skins/anim/the_hand_erase"},
        {"predicate": {"custom_model_data": 130423}, "model": "nw:stand/skins/anim/highway_star"},
        {"predicate": {"custom_model_data": 130426}, "model": "nw:stand/skins/anim/achtung_baby"},
        {"predicate": {"custom_model_data": 130427}, "model": "nw:stand/skins/anim/killer_queen"},

        {"predicate": {"custom_model_data": 130501}, "model": "nw:stand/skins/other/oiltanker"},
        {"predicate": {"custom_model_data": 130502}, "model": "nw:stand/skins/other/star_platinum_suck"},
        {"predicate": {"custom_model_data": 130513}, "model": "nw:stand/skins/other/death_attack2"},
        {"predicate": {"custom_model_data": 130518}, "model": "nw:stand/skins/other/echoes3_punch"},
        {"predicate": {"custom_model_data": 130519}, "model": "nw:stand/skins/other/the_hand_erase"},


        {"predicate": {"custom_model_data": 130601}, "model": "nw:stand/skins/other/the_world_punch"},
        {"predicate": {"custom_model_data": 130613}, "model": "nw:stand/skins/other/death_attack3"},
        {"predicate": {"custom_model_data": 130619}, "model": "nw:stand/skins/anim/the_hand"},

        {"predicate": {"custom_model_data": 130701}, "model": "nw:stand/skins/anim/the_world_kick"},

        {"predicate": {"custom_model_data": 130901}, "model": "nw:stand/skins/other/the_world_block"},
        {"predicate": {"custom_model_data": 130907}, "model": "nw:stand/skins/other/dbm_block"},


        {"predicate": {"custom_model_data": 131101}, "model": "nw:stand/skins/stw1"},
        {"predicate": {"custom_model_data": 131102}, "model": "nw:stand/skins/sptw"},
        {"predicate": {"custom_model_data": 131127}, "model": "nw:stand/skins/kqbtd"},

        {"predicate": {"custom_model_data": 131201}, "model": "nw:stand/skins/stw2"},
        {"predicate": {"custom_model_data": 131202}, "model": "nw:stand/skins/other/sptw_punch"},
        {"predicate": {"custom_model_data": 131227}, "model": "nw:stand/skins/other/kqbtd_punch"},

        {"predicate": {"custom_model_data": 131302}, "model": "nw:stand/skins/other/sptw_slam"},
        {"predicate": {"custom_model_data": 131327}, "model": "nw:stand/skins/other/kqbtd_stray"},

        {"predicate": {"custom_model_data": 131402}, "model": "nw:stand/skins/anim/sptw"},
        {"predicate": {"custom_model_data": 131427}, "model": "nw:stand/skins/anim/kqbtd"},

        {"predicate": {"custom_model_data": 131502}, "model": "nw:stand/skins/other/sptw_stop"}





    ]
}
