{
    "parent": "item/generated",
    "textures": {
        "layer0": "item/emerald"
    },
    "overrides": [

        {"predicate": {"custom_model_data": 120101}, "model": "nw:spec/rib"},
        {"predicate": {"custom_model_data": 120102}, "model": "nw:spec/caesar_bubble"},
        {"predicate": {"custom_model_data": 120103}, "model": "nw:spec/bubble_barrier"},
        {"predicate": {"custom_model_data": 120104}, "model": "nw:spec/bubble_cutter"},
        {"predicate": {"custom_model_data": 120105}, "model": "nw:spec/bubble_shield"},
        {"predicate": {"custom_model_data": 120106}, "model": "nw:spec/clacker_volley"}


    ]
}
