{
    "parent": "item/generated",
    "textures": {
        "layer0": "item/warped_fungus_on_a_stick"
    },
    "overrides": [
        {"predicate": {"custom_model_data": 110101}, "model": "nw:item/kars"},
        {"predicate": {"custom_model_data": 110102}, "model": "nw:item/gloves"},
        {"predicate": {"custom_model_data": 110103}, "model": "nw:item/clackey"},
        {"predicate": {"custom_model_data": 110104}, "model": "nw:item/wine"},

        {"predicate": {"custom_model_data": 120100}, "model": "nw:item/main_item"},
        {"predicate": {"custom_model_data": 120101}, "model": "nw:stand/base/emperor"},
        {"predicate": {"custom_model_data": 120102}, "model": "nw:item/anubis"},
        {"predicate": {"custom_model_data": 120103}, "model": "nw:item/anubis_tip"},
        {"predicate": {"custom_model_data": 120104}, "model": "nw:stand/base/hermit_purple"},
        {"predicate": {"custom_model_data": 120105}, "model": "nw:item/pen"},

        {"predicate": {"custom_model_data": 120200}, "model": "nw:item/stone_mask"},
        {"predicate": {"custom_model_data": 120201}, "model": "nw:item/scroll"},
        {"predicate": {"custom_model_data": 120203}, "model": "nw:item/stand_arrow"},
        {"predicate": {"custom_model_data": 120204}, "model": "nw:item/requiem_arrow"},
        {"predicate": {"custom_model_data": 120205}, "model": "nw:item/aja_stone"},
        {"predicate": {"custom_model_data": 120206}, "model": "nw:item/rocket_punch"},
        {"predicate": {"custom_model_data": 120207}, "model": "nw:item/manga"},
        {"predicate": {"custom_model_data": 120208}, "model": "nw:item/disk"},
        {"predicate": {"custom_model_data": 120209}, "model": "nw:item/pillar_scroll"},
        {"predicate": {"custom_model_data": 120210}, "model": "nw:item/broken_anubis"},
        {"predicate": {"custom_model_data": 120211}, "model": "nw:item/knife"},
        {"predicate": {"custom_model_data": 120212}, "model": "nw:item/knife_stack"},
        {"predicate": {"custom_model_data": 120213}, "model": "nw:item/kars_mask"},
        {"predicate": {"custom_model_data": 120214}, "model": "nw:item/stray_cat"},


        {"predicate": {"custom_model_data": 130101}, "model": "nw:stand/skins/emperor"}




    ]
}
