{
    "providers": [
        {
            "type": "bitmap",
            "file": "minecraft:dark.png",
            "ascent": 128,
            "height": 256,
            "chars": ["\u7701"]
        },
        {
            "type": "bitmap",
            "file": "minecraft:light.png",
            "ascent": 128,
            "height": 256,
            "chars": ["\u7702"]
        },
        {
            "type": "bitmap",
            "file": "minecraft:gray.png",
            "ascent": 128,
            "height": 256,
            "chars": ["\u7703"]
        },
        {
            "type": "bitmap",
            "file": "minecraft:bitezadusto.png",
            "ascent": 37,
            "height": 75,
            "chars": ["\u7704"]
        },
        {
            "type": "bitmap",
            "file": "minecraft:bitesthedust2.png",
            "ascent": 37,
            "height": 75,
            "chars": ["\u7705"]
        }
    ]
}